Partner ID,Tasks,Acceptance rate,Cancellation rate,Tasks not delivered,Partner Cancellation,Task Time,Interaction Rate,Contact Rate,Rating,Acceptance Rate Pass,Cancellation Rate Pass,Tasks Not Delivered Pass,Partner Cancellation Pass,Task Time Pass,Interaction Rate Pass,Contact Rate Pass,Rating Pass,Quality Score,Bucket
241336,118,87.42,1.26,0,0.72,34.81,38.98,24.58,4.75,False,True,True,True,True,True,False,True,80.0,Silver
241337,24,100.0,0.0,0,0.0,39.79,62.5,16.67,5.0,True,True,True,True,True,False,False,True,85.0,Gold
241338,9,90.91,0.0,0,0.0,40.34,22.22,0.0,4.89,True,True,True,True,True,True,True,True,100.0,Gold
241339,44,100.0,4.08,0,0.0,32.66,38.64,2.27,4.74,True,False,True,True,True,True,True,True,85.0,Gold
241340,9,64.71,5.88,0,0.0,33.17,44.44,0.0,4.4,False,False,True,True,True,False,True,False,45.0,Retraining
241341,40,95.92,4.08,0,0.0,37.29,37.5,0.0,4.68,True,False,True,True,True,True,True,False,70.0,Silver
241342,9,90.0,0.0,0,0.0,41.73,66.67,0.0,5.0,True,True,True,True,True,False,True,True,90.0,Gold
241343,97,97.22,0.0,0,0.95,18.87,30.93,6.19,4.81,True,True,True,True,True,True,True,True,100.0,Gold
241344,46,36.6,0.65,0,0.0,41.64,50.0,4.35,4.69,False,True,True,True,True,False,True,False,60.0,Retraining
241345,20,95.83,4.17,0,0.0,37.25,40.0,10.0,4.79,True,False,True,True,True,True,True,True,85.0,Gold
241346,13,88.24,0.0,0,0.0,28.72,53.85,0.0,4.83,False,True,True,True,True,False,True,True,75.0,Silver
241347,10,91.67,0.0,0,0.0,46.74,20.0,0.0,5.0,True,True,True,True,False,True,True,True,85.0,Gold
241348,121,99.23,0.0,0,0.0,19.98,48.76,0.0,4.77,True,True,True,True,True,False,True,True,90.0,Gold
241349,94,92.31,5.13,0,0.0,43.16,29.79,14.89,4.85,True,False,True,True,True,True,True,True,85.0,Gold
241350,9,100.0,0.0,0,0.0,38.84,44.44,22.22,5.0,True,True,True,True,True,False,False,True,85.0,Gold
241351,9,100.0,0.0,0,0.0,24.97,55.56,0.0,4.75,True,True,True,True,True,False,True,True,90.0,Gold
241352,2,50.0,16.67,0,11.11,38.54,0.0,0.0,5.0,False,False,True,False,True,True,True,True,60.0,Retraining
241353,55,95.52,4.48,0,0.0,38.59,36.36,0.0,4.69,True,False,True,True,True,True,True,False,70.0,Silver
241354,131,97.99,0.67,0,0.0,24.73,61.07,4.58,4.78,True,True,True,True,True,False,True,True,90.0,Gold
241355,22,83.33,0.0,0,0.0,43.84,54.55,4.55,5.0,False,True,True,True,True,False,True,True,75.0,Silver
241356,76,100.0,0.0,0,0.0,26.4,43.42,6.58,4.75,True,True,True,True,True,False,True,True,90.0,Gold
241357,41,96.0,0.0,0,0.0,50.13,46.34,31.71,4.74,True,True,True,True,False,False,False,True,70.0,Silver
241358,32,97.37,0.0,0,0.0,41.21,43.75,9.38,4.59,True,True,True,True,True,False,True,False,75.0,Silver
241359,9,100.0,0.0,0,0.0,43.24,55.56,22.22,5.0,True,True,True,True,True,False,False,True,85.0,Gold
241360,88,100.0,0.0,0,0.0,24.5,36.36,3.41,4.75,True,True,True,True,True,True,True,True,100.0,Gold
241361,37,100.0,2.56,0,0.0,48.67,21.62,5.41,4.72,True,False,True,True,False,True,True,True,70.0,Silver
241362,3,100.0,0.0,0,0.0,20.64,33.33,0.0,,True,True,True,True,True,True,True,False,85.0,Gold
241363,10,100.0,0.0,0,0.0,32.14,50.0,10.0,4.5,True,True,True,True,True,False,True,False,75.0,Silver
241364,12,100.0,0.0,0,0.0,42.16,16.67,0.0,5.0,True,True,True,True,True,True,True,True,100.0,Gold
241365,6,45.0,0.0,0,11.11,42.28,16.67,0.0,5.0,False,True,True,False,True,True,True,True,75.0,Silver
241366,108,100.0,0.0,0,0.0,21.23,60.19,2.78,4.85,True,True,True,True,True,False,True,True,90.0,Gold
241367,32,100.0,0.0,0,0.0,43.03,28.13,37.5,4.87,True,True,True,True,True,True,False,True,95.0,Gold
241368,25,96.67,0.0,0,0.0,49.09,36.0,12.0,4.83,True,True,True,True,False,True,True,True,85.0,Gold
241369,95,97.14,0.0,0,0.0,25.94,45.26,7.37,4.79,True,True,True,True,True,False,True,True,90.0,Gold
241370,26,93.33,0.0,0,0.0,29.34,50.0,11.54,4.7,True,True,True,True,True,False,True,True,90.0,Gold
241371,66,89.74,0.0,0,0.0,23.79,37.88,15.15,4.8,False,True,True,True,True,True,False,True,80.0,Silver
241372,41,64.56,0.0,0,0.0,53.01,36.59,26.83,4.5,False,True,True,True,False,True,False,False,50.0,Retraining
241373,30,93.94,3.03,0,0.0,42.96,23.33,3.33,4.6,True,False,True,True,True,True,True,False,70.0,Silver
241374,95,98.98,0.0,0,0.0,22.18,35.79,6.32,4.87,True,True,True,True,True,True,True,True,100.0,Gold
241375,130,96.38,0.0,1,0.0,14.84,44.62,4.62,4.73,True,True,True,True,True,False,True,True,90.0,Gold
241376,73,98.73,0.0,0,1.28,21.29,42.47,19.18,4.81,True,True,True,False,True,False,False,True,75.0,Silver
241377,32,41.86,0.0,0,0.0,47.39,68.75,15.63,4.96,False,True,True,True,False,False,False,True,55.0,Retraining
241378,7,46.67,0.0,0,0.0,66.99,28.57,14.29,5.0,False,True,True,True,False,True,True,True,70.0,Silver
241379,64,95.89,0.0,0,0.0,46.01,53.13,0.0,4.47,True,True,True,True,False,False,True,False,60.0,Retraining
241380,22,91.43,0.0,0,0.0,44.9,72.73,18.18,4.36,True,True,True,True,True,False,False,False,70.0,Silver
241381,31,88.1,2.38,0,0.0,26.34,38.71,0.0,4.9,False,False,True,True,True,True,True,True,70.0,Silver
241382,30,100.0,0.0,0,0.0,39.21,63.33,20.0,4.89,True,True,True,True,True,False,False,True,85.0,Gold
241383,39,91.11,0.0,0,0.0,38.25,30.77,0.0,4.45,True,True,True,True,True,True,True,False,85.0,Gold
241384,116,98.41,0.0,0,0.0,18.47,38.79,6.03,4.8,True,True,True,True,True,True,True,True,100.0,Gold
241385,2,100.0,0.0,0,0.0,30.06,0.0,0.0,5.0,True,True,True,True,True,True,True,True,100.0,Gold
241386,119,99.2,0.0,0,0.0,24.58,42.02,8.4,4.88,True,True,True,True,True,False,True,True,90.0,Gold
241387,9,81.82,0.0,0,0.0,64.82,33.33,22.22,5.0,False,True,True,True,False,True,False,True,65.0,Retraining
241388,71,96.2,0.0,0,0.0,21.41,42.25,8.45,4.83,True,True,True,True,True,False,True,True,90.0,Gold
241389,9,100.0,0.0,0,0.0,37.78,22.22,33.33,4.88,True,True,True,True,True,True,False,True,95.0,Gold
241390,125,99.24,0.0,0,0.0,17.56,36.0,4.8,4.81,True,True,True,True,True,True,True,True,100.0,Gold
241391,4,100.0,16.67,0,0.0,26.71,50.0,0.0,5.0,True,False,True,True,True,False,True,True,75.0,Silver
241392,55,84.44,2.22,0,0.0,47.37,38.18,12.73,4.93,False,False,True,True,False,True,True,True,55.0,Retraining
241393,12,88.89,5.56,0,0.0,51.49,66.67,16.67,4.5,False,False,True,True,False,False,False,False,25.0,Retraining
241394,66,93.51,0.0,0,0.0,35.92,24.24,13.64,4.73,True,True,True,True,True,True,True,True,100.0,Gold
241395,22,100.0,0.0,0,0.0,23.63,50.0,0.0,4.9,True,True,True,True,True,False,True,True,90.0,Gold
241396,51,85.29,2.94,0,0.0,39.56,33.33,7.84,4.39,False,False,True,True,True,True,True,False,55.0,Retraining
241397,41,89.8,4.08,0,0.0,49.82,21.95,9.76,4.44,False,False,True,True,False,True,True,False,40.0,Retraining
241398,104,98.26,0.0,0,0.0,25.48,49.04,5.77,4.77,True,True,True,True,True,False,True,True,90.0,Gold
241399,25,100.0,0.0,0,0.0,47.81,48.0,16.0,4.78,True,True,True,True,False,False,False,True,70.0,Silver
241400,48,72.15,7.59,0,1.75,41.78,43.75,2.08,4.41,False,False,True,False,True,False,True,False,35.0,Retraining
241401,17,90.91,0.0,1,0.0,47.58,47.06,5.88,5.0,True,True,True,True,False,False,True,True,75.0,Silver
241402,3,100.0,25.0,0,0.0,36.9,66.67,0.0,4.0,True,False,True,True,True,False,True,False,60.0,Retraining
241403,87,94.95,0.0,0,0.0,40.53,47.13,9.2,4.69,True,True,True,True,True,False,True,False,75.0,Silver
241404,139,93.37,0.0,0,1.29,33.49,20.14,6.47,4.55,True,True,True,False,True,True,True,False,75.0,Silver
241405,50,63.06,0.0,0,1.43,57.69,64.0,20.0,4.43,False,True,True,False,False,False,False,False,30.0,Retraining
241406,27,97.06,0.0,0,3.03,29.09,14.81,0.0,4.67,True,True,True,False,True,True,True,False,75.0,Silver
241407,127,97.1,0.0,0,0.75,16.81,51.97,1.57,4.82,True,True,True,True,True,False,True,True,90.0,Gold
241408,25,97.06,2.94,0,0.0,25.28,52.0,8.0,4.65,True,False,True,True,True,False,True,False,60.0,Retraining
241409,33,95.0,2.5,0,0.0,53.15,42.42,21.21,4.83,True,False,True,True,False,False,False,True,55.0,Retraining
241410,27,100.0,0.0,0,0.0,45.28,18.52,3.7,4.82,True,True,True,True,False,True,True,True,85.0,Gold
241411,62,94.67,0.0,0,0.0,22.01,43.55,3.23,4.72,True,True,True,True,True,False,True,True,90.0,Gold
241412,2,18.18,4.55,0,0.0,49.46,50.0,0.0,,False,False,True,True,False,False,True,False,30.0,Retraining
241413,132,99.26,0.0,0,0.74,21.36,34.09,3.79,4.86,True,True,True,True,True,True,True,True,100.0,Gold
241414,51,98.41,4.76,0,0.0,53.33,43.14,13.73,4.89,True,False,True,True,False,False,True,True,60.0,Retraining
241415,6,75.0,0.0,0,11.11,32.88,33.33,0.0,5.0,False,True,True,False,True,True,True,True,75.0,Silver
241416,83,98.84,0.0,0,0.0,18.61,42.17,6.02,4.71,True,True,True,True,True,False,True,True,90.0,Gold
241417,12,100.0,0.0,0,0.0,42.87,25.0,0.0,4.0,True,True,True,True,True,True,True,False,85.0,Gold
241418,13,92.86,0.0,0,0.0,41.47,46.15,0.0,3.5,True,True,True,True,True,False,True,False,75.0,Silver
241419,16,100.0,0.0,0,0.0,21.39,56.25,6.25,4.63,True,True,True,True,True,False,True,False,75.0,Silver
241420,4,71.43,0.0,0,0.0,62.48,50.0,25.0,5.0,False,True,True,True,False,False,False,True,55.0,Retraining
241421,12,76.47,0.0,0,0.0,33.62,41.67,0.0,4.1,False,True,True,True,True,False,True,False,60.0,Retraining
241422,40,97.78,0.0,0,0.0,17.73,60.0,7.5,4.9,True,True,True,True,True,False,True,True,90.0,Gold
241423,21,95.83,0.0,0,0.0,54.49,28.57,0.0,4.91,True,True,True,True,False,True,True,True,85.0,Gold
241424,73,98.88,0.0,0,0.0,38.32,31.51,12.33,4.64,True,True,True,True,True,True,True,False,85.0,Gold
241425,15,84.21,0.0,0,0.0,35.94,13.33,6.67,4.18,False,True,True,True,True,True,True,False,70.0,Silver
241426,29,100.0,3.03,0,0.0,24.59,31.03,0.0,4.94,True,False,True,True,True,True,True,True,85.0,Gold
241427,15,84.0,4.0,0,0.0,29.95,33.33,0.0,4.8,False,False,True,True,True,True,True,True,70.0,Silver
241428,59,100.0,4.41,0,1.47,34.37,57.63,11.86,4.82,True,False,True,False,True,False,True,True,65.0,Retraining
241429,22,95.65,0.0,0,0.0,44.13,36.36,9.09,4.88,True,True,True,True,True,True,True,True,100.0,Gold
241430,9,100.0,0.0,0,0.0,38.62,66.67,0.0,4.4,True,True,True,True,True,False,True,False,75.0,Silver
241431,14,94.74,0.0,0,0.0,24.93,42.86,14.29,5.0,True,True,True,True,True,False,True,True,90.0,Gold
241432,8,100.0,10.0,0,0.0,61.99,75.0,0.0,,True,False,True,True,False,False,True,False,45.0,Retraining
241433,19,80.0,0.0,0,0.0,44.89,36.84,15.79,5.0,False,True,True,True,True,True,False,True,80.0,Silver
241434,10,100.0,7.69,0,0.0,26.58,50.0,20.0,4.75,True,False,True,True,True,False,False,True,70.0,Silver
241435,59,100.0,0.0,0,0.0,20.01,49.15,8.47,4.61,True,True,True,True,True,False,True,False,75.0,Silver
241436,119,92.41,1.38,0,0.75,25.8,55.46,4.2,4.84,True,True,True,True,True,False,True,True,90.0,Gold
241437,34,95.74,2.13,0,0.0,35.74,23.53,0.0,4.87,True,False,True,True,True,True,True,True,85.0,Gold
241438,123,91.22,0.0,0,0.0,24.69,49.59,0.0,4.63,True,True,True,True,True,False,True,False,75.0,Silver
241439,45,96.15,0.0,0,0.0,22.22,44.44,8.89,4.56,True,True,True,True,True,False,True,False,75.0,Silver
241440,5,66.67,0.0,0,0.0,45.26,60.0,0.0,5.0,False,True,True,True,False,False,True,True,60.0,Retraining
241441,46,100.0,0.0,0,2.13,28.21,30.43,13.04,4.81,True,True,True,False,True,True,True,True,90.0,Gold
241442,23,91.18,5.88,0,0.0,43.04,56.52,8.7,4.5,True,False,True,True,True,False,True,False,60.0,Retraining
241443,16,78.26,0.0,0,0.0,43.67,56.25,0.0,4.8,False,True,True,True,True,False,True,True,75.0,Silver
241444,94,90.43,0.0,0,0.0,41.14,41.49,14.89,4.82,True,True,True,True,True,False,True,True,90.0,Gold
241445,4,80.0,0.0,0,0.0,39.74,75.0,0.0,4.5,False,True,True,True,True,False,True,False,60.0,Retraining
241446,21,95.45,0.0,0,0.0,44.79,61.9,19.05,4.43,True,True,True,True,True,False,False,False,70.0,Silver
241447,31,49.07,0.0,0,0.0,29.95,48.39,19.35,4.84,False,True,True,True,True,False,False,True,70.0,Silver
241448,11,100.0,0.0,0,0.0,42.18,27.27,0.0,5.0,True,True,True,True,True,True,True,True,100.0,Gold
241449,120,99.22,0.0,0,0.0,18.46,39.17,8.33,4.8,True,True,True,True,True,True,True,True,100.0,Gold
241450,111,91.54,0.77,0,0.0,25.2,27.93,8.11,4.75,True,True,True,True,True,True,True,True,100.0,Gold
241451,73,97.5,0.0,0,0.0,42.64,52.05,10.96,4.78,True,True,True,True,True,False,True,True,90.0,Gold
241452,7,77.78,0.0,0,0.0,33.16,28.57,14.29,5.0,False,True,True,True,True,True,True,True,85.0,Gold
241453,30,100.0,0.0,0,0.0,37.17,36.67,3.33,4.69,True,True,True,True,True,True,True,False,85.0,Gold
241454,28,100.0,0.0,0,0.0,26.24,50.0,3.57,5.0,True,True,True,True,True,False,True,True,90.0,Gold
241455,2,100.0,0.0,0,0.0,50.45,0.0,50.0,5.0,True,True,True,True,False,True,False,True,80.0,Silver
241456,52,90.16,0.0,0,0.0,37.17,26.92,0.0,4.9,True,True,True,True,True,True,True,True,100.0,Gold
241457,23,84.85,3.03,1,0.0,48.62,34.78,34.78,4.6,False,False,True,True,False,True,False,False,35.0,Retraining
241458,3,43.75,6.25,0,0.0,22.92,0.0,0.0,5.0,False,False,True,True,True,True,True,True,70.0,Silver
241459,87,99.14,4.31,0,0.87,23.51,55.17,5.75,4.8,True,False,True,True,True,False,True,True,75.0,Silver
241460,13,100.0,0.0,1,0.0,50.81,38.46,30.77,3.7,True,True,True,True,False,True,False,False,65.0,Retraining
241461,99,98.17,0.0,0,0.0,21.83,32.32,13.13,4.75,True,True,True,True,True,True,True,True,100.0,Gold
241462,3,75.0,0.0,0,0.0,20.45,66.67,33.33,5.0,False,True,True,True,True,False,False,True,70.0,Silver
241463,2,100.0,0.0,0,0.0,43.17,0.0,0.0,5.0,True,True,True,True,True,True,True,True,100.0,Gold
241464,3,100.0,0.0,0,0.0,60.02,33.33,0.0,,True,True,True,True,False,True,True,False,70.0,Silver
241465,54,100.0,0.0,0,0.0,33.72,40.74,0.0,4.79,True,True,True,True,True,False,True,True,90.0,Gold
241466,4,75.0,0.0,0,0.0,29.25,25.0,0.0,5.0,False,True,True,True,True,True,True,True,85.0,Gold
241467,109,100.0,0.0,0,0.0,25.34,49.54,3.67,4.9,True,True,True,True,True,False,True,True,90.0,Gold
241468,104,100.0,0.0,0,0.0,19.75,48.08,3.85,4.78,True,True,True,True,True,False,True,True,90.0,Gold
241469,20,100.0,0.0,0,0.0,29.59,55.0,5.0,4.87,True,True,True,True,True,False,True,True,90.0,Gold
241470,7,100.0,0.0,0,0.0,38.31,57.14,0.0,5.0,True,True,True,True,True,False,True,True,90.0,Gold
241471,21,86.67,13.33,0,0.0,38.53,47.62,14.29,4.91,False,False,True,True,True,False,True,True,60.0,Retraining
241472,108,90.3,0.75,0,0.0,29.76,41.67,9.26,4.85,True,True,True,True,True,False,True,True,90.0,Gold
241473,118,95.45,0.0,0,0.0,24.56,50.0,8.47,4.82,True,True,True,True,True,False,True,True,90.0,Gold
241474,122,90.85,0.0,0,0.0,23.54,35.25,7.38,4.56,True,True,True,True,True,True,True,False,85.0,Gold
241475,2,100.0,33.33,0,0.0,40.53,0.0,0.0,5.0,True,False,True,True,True,True,True,True,85.0,Gold
241476,8,90.0,0.0,0,0.0,52.16,12.5,12.5,4.5,True,True,True,True,False,True,True,False,70.0,Silver
241477,8,90.0,0.0,0,0.0,57.74,37.5,0.0,5.0,True,True,True,True,False,True,True,True,85.0,Gold
241478,121,96.97,0.0,0,0.0,21.69,30.58,10.74,4.69,True,True,True,True,True,True,True,False,85.0,Gold
241479,19,84.0,0.0,0,0.0,20.98,63.16,0.0,5.0,False,True,True,True,True,False,True,True,75.0,Silver
241480,3,100.0,16.67,0,0.0,22.6,66.67,0.0,5.0,True,False,True,True,True,False,True,True,75.0,Silver
241481,9,100.0,0.0,0,0.0,14.18,22.22,0.0,5.0,True,True,True,True,True,True,True,True,100.0,Gold
241482,19,100.0,3.85,0,3.85,20.12,21.05,5.26,4.67,True,False,True,False,True,True,True,False,60.0,Retraining
241483,39,97.62,0.0,0,0.0,45.6,23.08,2.56,4.68,True,True,True,True,False,True,True,False,70.0,Silver
241484,43,94.44,0.0,0,0.0,26.99,62.79,4.65,4.84,True,True,True,True,True,False,True,True,90.0,Gold
241485,50,91.38,0.0,0,0.0,43.18,38.0,2.0,4.59,True,True,True,True,True,True,True,False,85.0,Gold
241486,46,91.53,0.0,0,0.0,34.39,43.48,8.7,4.84,True,True,True,True,True,False,True,True,90.0,Gold
241487,44,94.12,0.0,0,0.0,43.39,38.64,18.18,4.75,True,True,True,True,True,True,False,True,95.0,Gold
241488,4,100.0,0.0,0,0.0,23.4,50.0,0.0,4.75,True,True,True,True,True,False,True,True,90.0,Gold
241489,22,96.3,0.0,0,0.0,49.26,40.91,22.73,4.39,True,True,True,True,False,False,False,False,55.0,Retraining
241490,84,97.96,0.0,0,0.0,26.45,44.05,2.38,4.69,True,True,True,True,True,False,True,False,75.0,Silver
241491,23,96.15,0.0,0,0.0,39.85,43.48,0.0,4.74,True,True,True,True,True,False,True,True,90.0,Gold
241492,22,96.15,0.0,0,0.0,57.95,22.73,4.55,4.45,True,True,True,True,False,True,True,False,70.0,Silver
241493,100,98.33,0.0,0,1.69,26.38,46.0,0.0,4.83,True,True,True,False,True,False,True,True,80.0,Silver
241494,104,99.12,0.0,0,0.0,26.49,50.96,19.23,4.71,True,True,True,True,True,False,False,True,85.0,Gold
241495,70,97.5,0.0,0,2.56,25.71,58.57,5.71,4.59,True,True,True,False,True,False,True,False,65.0,Retraining
241496,41,100.0,0.0,0,0.0,16.13,31.71,2.44,4.9,True,True,True,True,True,True,True,True,100.0,Gold
241497,49,93.44,0.0,0,1.75,34.85,24.49,6.12,4.79,True,True,True,False,True,True,True,True,90.0,Gold
241498,9,76.92,0.0,0,0.0,46.68,66.67,11.11,4.25,False,True,True,True,False,False,True,False,45.0,Retraining
241499,2,100.0,25.0,0,0.0,19.84,0.0,50.0,,True,False,True,True,True,True,False,False,65.0,Retraining
241500,18,88.46,3.85,0,0.0,53.86,16.67,50.0,4.5,False,False,True,True,False,True,False,False,35.0,Retraining
241501,95,90.98,0.0,0,1.8,29.53,48.42,14.74,4.75,True,True,True,False,True,False,True,True,80.0,Silver
241502,9,78.57,7.14,0,0.0,53.2,55.56,0.0,5.0,False,False,True,True,False,False,True,True,45.0,Retraining
241503,31,92.5,0.0,0,0.0,32.62,22.58,6.45,4.73,True,True,True,True,True,True,True,True,100.0,Gold
241504,64,94.37,1.41,0,0.0,46.17,39.06,18.75,4.89,True,True,True,True,False,True,False,True,80.0,Silver
241505,18,90.48,0.0,1,0.0,47.56,27.78,11.11,4.33,True,True,True,True,False,True,True,False,70.0,Silver
241506,25,96.67,0.0,0,0.0,54.28,56.0,20.0,4.73,True,True,True,True,False,False,False,True,70.0,Silver
241507,13,100.0,0.0,0,0.0,31.33,30.77,38.46,4.71,True,True,True,True,True,True,False,True,95.0,Gold
241508,78,89.47,1.05,0,0.0,50.45,30.77,11.54,4.43,False,True,True,True,False,True,True,False,55.0,Retraining
241509,2,100.0,0.0,0,0.0,45.11,0.0,0.0,5.0,True,True,True,True,False,True,True,True,85.0,Gold
241510,12,100.0,0.0,0,0.0,33.32,50.0,0.0,5.0,True,True,True,True,True,False,True,True,90.0,Gold
241511,8,100.0,0.0,0,0.0,40.68,12.5,12.5,5.0,True,True,True,True,True,True,True,True,100.0,Gold
241512,115,96.77,0.0,0,0.0,17.33,51.3,6.96,4.61,True,True,True,True,True,False,True,False,75.0,Silver
241513,45,95.92,2.04,0,0.0,42.52,37.78,11.11,4.63,True,False,True,True,True,True,True,False,70.0,Silver
241514,9,90.0,0.0,0,0.0,35.97,22.22,22.22,4.6,True,True,True,True,True,True,False,False,80.0,Silver
241515,15,95.65,4.35,0,0.0,40.92,46.67,0.0,4.71,True,False,True,True,True,False,True,True,75.0,Silver
241516,34,97.3,0.0,0,0.0,23.46,47.06,2.94,4.75,True,True,True,True,True,False,True,True,90.0,Gold
241517,24,93.1,0.0,0,0.0,45.15,25.0,4.17,4.87,True,True,True,True,False,True,True,True,85.0,Gold
241518,32,84.09,0.0,0,2.7,50.5,53.13,15.63,4.77,False,True,True,False,False,False,False,True,45.0,Retraining
241519,54,91.67,0.0,0,0.0,43.43,40.74,12.96,4.63,True,True,True,True,True,False,True,False,75.0,Silver
241520,49,94.92,0.0,0,0.0,29.02,24.49,14.29,5.0,True,True,True,True,True,True,True,True,100.0,Gold
241521,2,100.0,33.33,0,0.0,31.77,0.0,0.0,5.0,True,False,True,True,True,True,True,True,85.0,Gold
241522,93,89.19,0.0,0,0.0,26.96,55.91,7.53,4.58,False,True,True,True,True,False,True,False,60.0,Retraining
241523,22,100.0,0.0,0,0.0,48.63,36.36,9.09,4.82,True,True,True,True,False,True,True,True,85.0,Gold
241524,26,70.0,6.0,0,0.0,43.79,26.92,23.08,5.0,False,False,True,True,True,True,False,True,65.0,Retraining
241525,128,94.63,0.67,0,0.0,24.61,34.38,5.47,4.79,True,True,True,True,True,True,True,True,100.0,Gold
241526,9,100.0,0.0,0,0.0,42.48,44.44,0.0,4.86,True,True,True,True,True,False,True,True,90.0,Gold
241527,28,97.14,2.86,0,0.0,27.34,57.14,7.14,4.82,True,False,True,True,True,False,True,True,75.0,Silver
241528,13,100.0,0.0,0,0.0,31.54,61.54,7.69,4.8,True,True,True,True,True,False,True,True,90.0,Gold
241529,70,89.41,0.0,0,0.0,53.35,35.71,11.43,4.68,False,True,True,True,False,True,True,False,55.0,Retraining
241530,95,90.08,0.83,1,0.0,28.65,53.68,14.74,4.59,True,True,True,True,True,False,True,False,75.0,Silver
241531,9,100.0,0.0,0,0.0,22.07,44.44,44.44,4.67,True,True,True,True,True,False,False,False,70.0,Silver
241532,95,95.54,0.0,0,0.0,23.46,31.58,8.42,4.85,True,True,True,True,True,True,True,True,100.0,Gold
241533,75,93.18,0.0,0,0.0,34.76,22.67,4.0,4.79,True,True,True,True,True,True,True,True,100.0,Gold
241534,44,96.23,3.77,0,0.0,45.28,13.64,4.55,4.87,True,False,True,True,False,True,True,True,70.0,Silver
241535,31,100.0,0.0,0,0.0,34.68,45.16,12.9,4.67,True,True,True,True,True,False,True,False,75.0,Silver
241536,8,100.0,0.0,0,0.0,42.99,50.0,25.0,4.5,True,True,True,True,True,False,False,False,70.0,Silver
241537,86,97.92,0.0,0,0.0,26.44,50.0,6.98,4.71,True,True,True,True,True,False,True,True,90.0,Gold
241538,43,92.73,0.0,0,0.0,22.74,67.44,18.6,4.91,True,True,True,True,True,False,False,True,85.0,Gold
241539,9,100.0,0.0,0,0.0,17.83,22.22,0.0,4.5,True,True,True,True,True,True,True,False,85.0,Gold
241540,10,86.67,0.0,0,0.0,30.94,10.0,0.0,4.63,False,True,True,True,True,True,True,False,70.0,Silver
241541,9,100.0,0.0,0,0.0,48.1,33.33,44.44,4.5,True,True,True,True,False,True,False,False,65.0,Retraining
241542,40,95.65,0.0,0,0.0,40.02,55.0,17.5,4.78,True,True,True,True,True,False,False,True,85.0,Gold
241543,9,20.83,2.08,0,0.0,47.28,22.22,0.0,4.75,False,False,True,True,False,True,True,True,55.0,Retraining
241544,23,96.43,0.0,0,0.0,56.93,17.39,8.7,4.93,True,True,True,True,False,True,True,True,85.0,Gold
241545,9,83.33,0.0,0,0.0,49.81,22.22,0.0,5.0,False,True,True,True,False,True,True,True,70.0,Silver
241546,88,93.07,0.0,0,0.0,41.2,31.82,14.77,4.8,True,True,True,True,True,True,True,True,100.0,Gold
241547,70,85.19,0.0,0,0.0,51.8,31.43,1.43,4.81,False,True,True,True,False,True,True,True,70.0,Silver
241548,102,96.64,1.68,0,0.0,45.01,42.16,8.82,4.74,True,True,True,True,False,False,True,True,75.0,Silver
241549,60,92.75,0.0,0,0.0,34.93,36.67,13.33,4.72,True,True,True,True,True,True,True,True,100.0,Gold
241550,116,99.19,0.0,0,0.0,22.83,51.72,12.07,4.79,True,True,True,True,True,False,True,True,90.0,Gold
241551,18,100.0,0.0,0,0.0,47.55,55.56,22.22,5.0,True,True,True,True,False,False,False,True,70.0,Silver
241552,33,97.37,2.63,0,0.0,23.82,39.39,3.03,4.91,True,False,True,True,True,True,True,True,85.0,Gold
241553,42,91.07,1.79,0,0.0,37.84,40.48,9.52,4.7,True,True,True,True,True,False,True,True,90.0,Gold
241554,35,100.0,0.0,0,0.0,42.01,54.29,0.0,5.0,True,True,True,True,True,False,True,True,90.0,Gold
241555,19,100.0,0.0,0,0.0,16.0,52.63,0.0,4.57,True,True,True,True,True,False,True,False,75.0,Silver
241556,45,96.23,3.77,0,0.0,44.02,40.0,15.56,4.72,True,False,True,True,True,True,False,True,80.0,Silver
241557,24,100.0,0.0,0,0.0,26.55,54.17,16.67,4.19,True,True,True,True,True,False,False,False,70.0,Silver
241558,51,81.69,0.0,0,0.0,44.28,50.98,0.0,4.55,False,True,True,True,True,False,True,False,60.0,Retraining
241559,4,100.0,0.0,0,0.0,51.36,25.0,0.0,5.0,True,True,True,True,False,True,True,True,85.0,Gold
241560,70,88.17,0.0,1,0.0,42.48,31.43,25.71,4.44,False,True,True,True,True,True,False,False,65.0,Retraining
241561,13,100.0,0.0,0,0.0,36.6,69.23,38.46,4.5,True,True,True,True,True,False,False,False,70.0,Silver
241562,4,100.0,0.0,0,0.0,80.28,75.0,100.0,5.0,True,True,True,True,False,False,False,True,70.0,Silver
241563,56,88.41,0.0,0,1.64,55.45,30.36,0.0,4.71,False,True,True,False,False,True,True,True,60.0,Retraining
241564,43,95.92,0.0,0,0.0,21.8,44.19,6.98,4.77,True,True,True,True,True,False,True,True,90.0,Gold
241565,14,100.0,0.0,0,0.0,27.28,35.71,0.0,4.88,True,True,True,True,True,True,True,True,100.0,Gold
241566,12,94.12,0.0,0,0.0,25.96,75.0,0.0,4.86,True,True,True,True,True,False,True,True,90.0,Gold
241567,9,90.91,0.0,0,0.0,37.86,33.33,33.33,4.63,True,True,True,True,True,True,False,False,80.0,Silver
241568,46,100.0,0.0,0,0.0,40.22,52.17,13.04,4.42,True,True,True,True,True,False,True,False,75.0,Silver
241569,3,100.0,0.0,0,0.0,63.82,66.67,33.33,,True,True,True,True,False,False,False,False,55.0,Retraining
241570,37,95.56,0.0,0,0.0,31.99,29.73,2.7,4.56,True,True,True,True,True,True,True,False,85.0,Gold
241571,55,98.36,1.64,0,0.0,36.6,50.91,7.27,4.71,True,True,True,True,True,False,True,True,90.0,Gold
241572,24,96.3,0.0,0,0.0,28.43,58.33,20.83,4.5,True,True,True,True,True,False,False,False,70.0,Silver
241573,40,90.63,1.56,0,0.0,35.39,30.0,0.0,4.64,True,True,True,True,True,True,True,False,85.0,Gold
241574,39,97.78,0.0,1,0.0,39.1,35.9,12.82,4.85,True,True,True,True,True,True,True,True,100.0,Gold
241575,9,100.0,0.0,0,0.0,41.78,33.33,22.22,5.0,True,True,True,True,True,True,False,True,95.0,Gold
241576,13,76.47,0.0,0,0.0,49.1,38.46,0.0,5.0,False,True,True,True,False,True,True,True,70.0,Silver
241577,46,90.74,1.85,0,0.0,39.56,32.61,13.04,4.71,True,True,True,True,True,True,True,True,100.0,Gold
241578,12,100.0,0.0,0,0.0,39.39,25.0,50.0,4.8,True,True,True,True,True,True,False,True,95.0,Gold
241579,17,95.65,0.0,0,0.0,46.47,35.29,11.76,4.77,True,True,True,True,False,True,True,True,85.0,Gold
241580,31,97.62,2.38,0,0.0,42.96,64.52,3.23,4.86,True,False,True,True,True,False,True,True,75.0,Silver
241581,25,93.55,0.0,0,0.0,35.8,40.0,0.0,4.6,True,True,True,True,True,True,True,False,85.0,Gold
241582,29,91.43,0.0,0,0.0,53.75,31.03,27.59,4.94,True,True,True,True,False,True,False,True,80.0,Silver
241583,136,99.32,0.0,0,0.0,16.65,33.09,3.68,4.69,True,True,True,True,True,True,True,False,85.0,Gold
241584,39,95.65,2.17,0,0.0,46.0,33.33,5.13,4.67,True,False,True,True,False,True,True,False,55.0,Retraining
241585,18,95.45,0.0,0,0.0,54.74,44.44,5.56,4.89,True,True,True,True,False,False,True,True,75.0,Silver
241586,27,91.18,2.94,0,0.0,48.01,37.04,25.93,4.91,True,False,True,True,False,True,False,True,65.0,Retraining
241587,26,96.67,3.33,0,0.0,42.71,30.77,7.69,4.78,True,False,True,True,True,True,True,True,85.0,Gold
241588,23,100.0,3.57,0,3.57,59.01,34.78,21.74,4.84,True,False,True,False,False,True,False,True,55.0,Retraining
241589,20,88.0,0.0,0,0.0,26.33,35.0,0.0,3.88,False,True,True,True,True,True,True,False,70.0,Silver
241590,45,91.07,0.0,0,0.0,41.01,42.22,20.0,4.58,True,True,True,True,True,False,False,False,70.0,Silver
241591,16,100.0,0.0,0,5.26,48.5,50.0,12.5,4.71,True,True,True,False,False,False,True,True,65.0,Retraining
241592,2,80.0,40.0,0,0.0,66.08,0.0,50.0,5.0,False,False,True,True,False,True,False,True,50.0,Retraining
241593,41,37.04,0.0,0,0.0,46.77,43.9,12.2,4.68,False,True,True,True,False,False,True,False,45.0,Retraining
241594,36,87.76,2.04,0,0.0,29.29,63.89,5.56,4.82,False,False,True,True,True,False,True,True,60.0,Retraining
241595,9,100.0,0.0,0,0.0,58.91,44.44,0.0,5.0,True,True,True,True,False,False,True,True,75.0,Silver
241596,21,100.0,0.0,0,0.0,19.71,33.33,4.76,5.0,True,True,True,True,True,True,True,True,100.0,Gold
241597,22,100.0,0.0,0,0.0,40.72,40.91,0.0,4.9,True,True,True,True,True,False,True,True,90.0,Gold
241598,13,100.0,0.0,0,0.0,51.31,7.69,23.08,5.0,True,True,True,True,False,True,False,True,80.0,Silver
241599,36,100.0,0.0,0,0.0,49.66,33.33,16.67,4.68,True,True,True,True,False,True,False,False,65.0,Retraining
241600,5,100.0,0.0,0,0.0,32.81,40.0,0.0,,True,True,True,True,True,True,True,False,85.0,Gold
241601,26,96.67,0.0,0,0.0,28.39,34.62,3.85,4.82,True,True,True,True,True,True,True,True,100.0,Gold
241602,32,88.0,0.0,0,0.0,51.88,56.25,3.13,4.79,False,True,True,True,False,False,True,True,60.0,Retraining
241603,25,100.0,2.94,0,2.94,40.92,48.0,0.0,4.59,True,False,True,False,True,False,True,False,50.0,Retraining
241604,27,96.88,6.25,0,0.0,48.76,48.15,14.81,4.93,True,False,True,True,False,False,True,True,60.0,Retraining
241605,129,93.04,0.0,0,0.68,21.52,48.84,6.98,4.69,True,True,True,True,True,False,True,False,75.0,Silver
241606,38,100.0,0.0,0,0.0,52.93,31.58,15.79,4.74,True,True,True,True,False,True,False,True,80.0,Silver
241607,31,95.0,2.5,0,0.0,40.01,32.26,12.9,4.95,True,False,True,True,True,True,True,True,85.0,Gold
241608,29,92.86,0.0,1,0.0,34.27,37.93,0.0,4.53,True,True,True,True,True,True,True,False,85.0,Gold
241609,9,57.89,5.26,0,0.0,38.7,55.56,22.22,5.0,False,False,True,True,True,False,False,True,55.0,Retraining
241610,40,89.58,2.08,0,0.0,35.62,42.5,5.0,4.88,False,False,True,True,True,False,True,True,60.0,Retraining
241611,36,97.5,0.0,0,0.0,19.53,66.67,8.33,3.87,True,True,True,True,True,False,True,False,75.0,Silver
241612,95,95.37,0.0,0,0.0,37.12,37.89,11.58,4.67,True,True,True,True,True,True,True,False,85.0,Gold
241613,45,90.74,0.0,0,0.0,44.33,44.44,2.22,4.52,True,True,True,True,True,False,True,False,75.0,Silver
241614,30,97.14,0.0,0,0.0,42.02,26.67,20.0,4.75,True,True,True,True,True,True,False,True,95.0,Gold
241615,50,98.36,0.0,0,1.67,33.61,40.0,10.0,4.84,True,True,True,False,True,True,True,True,90.0,Gold
241616,38,89.13,0.0,0,0.0,46.53,47.37,13.16,4.85,False,True,True,True,False,False,True,True,60.0,Retraining
241617,89,95.0,0.0,1,1.05,22.23,53.93,14.61,4.81,True,True,True,False,True,False,True,True,80.0,Silver
241618,8,88.89,0.0,0,0.0,48.52,37.5,0.0,5.0,False,True,True,True,False,True,True,True,70.0,Silver
241619,6,100.0,0.0,0,0.0,39.63,16.67,0.0,5.0,True,True,True,True,True,True,True,True,100.0,Gold
241620,2,100.0,0.0,0,0.0,73.33,0.0,50.0,,True,True,True,True,False,True,False,False,65.0,Retraining
241621,58,92.31,0.0,0,0.0,28.61,48.28,1.72,4.6,True,True,True,True,True,False,True,False,75.0,Silver
241622,2,100.0,0.0,0,0.0,65.32,50.0,0.0,5.0,True,True,True,True,False,False,True,True,75.0,Silver
241623,54,92.06,1.59,0,0.0,34.09,46.3,9.26,4.75,True,True,True,True,True,False,True,True,90.0,Gold
241624,3,100.0,25.0,0,0.0,41.31,0.0,0.0,5.0,True,False,True,True,True,True,True,True,85.0,Gold
241625,99,100.0,0.0,0,0.91,19.7,41.41,10.1,4.86,True,True,True,True,True,False,True,True,90.0,Gold
241626,4,100.0,11.11,0,0.0,38.93,50.0,25.0,5.0,True,False,True,True,True,False,False,True,70.0,Silver
241627,10,100.0,0.0,0,0.0,38.7,40.0,10.0,4.83,True,True,True,True,True,True,True,True,100.0,Gold
241628,58,100.0,0.0,0,0.0,12.92,27.59,0.0,4.72,True,True,True,True,True,True,True,True,100.0,Gold
241629,2,100.0,0.0,0,0.0,48.62,0.0,50.0,5.0,True,True,True,True,False,True,False,True,80.0,Silver
241630,130,96.6,0.0,0,0.0,22.23,42.31,9.23,4.83,True,True,True,True,True,False,True,True,90.0,Gold
241631,37,93.62,0.0,0,0.0,43.56,32.43,29.73,5.0,True,True,True,True,True,True,False,True,95.0,Gold
241632,2,100.0,0.0,0,0.0,38.45,0.0,0.0,5.0,True,True,True,True,True,True,True,True,100.0,Gold
241633,6,100.0,0.0,0,0.0,32.22,33.33,0.0,5.0,True,True,True,True,True,True,True,True,100.0,Gold
241634,22,71.05,5.26,0,0.0,28.66,31.82,4.55,4.4,False,False,True,True,True,True,True,False,55.0,Retraining
241635,50,85.25,0.0,0,0.0,38.54,52.0,2.0,4.84,False,True,True,True,True,False,True,True,75.0,Silver
241636,101,99.12,0.0,1,0.0,38.38,45.54,12.87,4.82,True,True,True,True,True,False,True,True,90.0,Gold
241637,7,100.0,0.0,0,0.0,32.73,42.86,0.0,4.4,True,True,True,True,True,False,True,False,75.0,Silver
241638,33,97.56,4.88,0,0.0,34.94,33.33,6.06,4.39,True,False,True,True,True,True,True,False,70.0,Silver
241639,17,90.0,0.0,0,0.0,33.33,52.94,0.0,5.0,True,True,True,True,True,False,True,True,90.0,Gold
241640,56,95.52,0.0,0,0.0,43.44,55.36,12.5,4.5,True,True,True,True,True,False,True,False,75.0,Silver
241641,102,94.92,0.0,1,0.0,36.74,41.18,10.78,4.85,True,True,True,True,True,False,True,True,90.0,Gold
241642,11,91.67,0.0,0,0.0,31.81,36.36,18.18,4.78,True,True,True,True,True,True,False,True,95.0,Gold
241643,103,92.86,1.59,0,0.85,40.25,38.83,2.91,4.81,True,True,True,True,True,True,True,True,100.0,Gold
241644,98,95.19,0.0,0,0.0,25.62,36.73,6.12,4.85,True,True,True,True,True,True,True,True,100.0,Gold
241645,50,95.0,0.0,0,0.0,25.81,38.0,14.0,4.51,True,True,True,True,True,True,True,False,85.0,Gold
241646,33,97.14,0.0,0,0.0,40.11,27.27,6.06,4.96,True,True,True,True,True,True,True,True,100.0,Gold
241647,58,97.06,0.0,0,0.0,48.31,41.38,8.62,4.74,True,True,True,True,False,False,True,True,75.0,Silver
241648,17,100.0,0.0,0,0.0,46.43,29.41,5.88,4.9,True,True,True,True,False,True,True,True,85.0,Gold
241649,9,100.0,0.0,0,0.0,60.18,44.44,0.0,5.0,True,True,True,True,False,False,True,True,75.0,Silver
241650,21,100.0,7.69,0,0.0,55.23,33.33,9.52,4.79,True,False,True,True,False,True,True,True,70.0,Silver
241651,2,66.67,0.0,0,0.0,84.72,50.0,0.0,5.0,False,True,True,True,False,False,True,True,60.0,Retraining
241652,29,96.67,0.0,0,0.0,51.96,24.14,0.0,5.0,True,True,True,True,False,True,True,True,85.0,Gold
241653,51,98.18,0.0,0,0.0,21.02,50.98,1.96,4.69,True,True,True,True,True,False,True,False,75.0,Silver
241654,27,75.61,4.88,0,0.0,15.41,0.0,0.0,5.0,False,False,True,True,True,True,True,True,70.0,Silver
241655,113,92.86,0.0,0,0.0,22.1,40.71,2.65,4.72,True,True,True,True,True,False,True,True,90.0,Gold
241656,47,94.74,0.0,0,0.0,46.26,51.06,14.89,4.52,True,True,True,True,False,False,True,False,60.0,Retraining
241657,55,100.0,0.0,0,1.61,21.74,36.36,3.64,4.46,True,True,True,False,True,True,True,False,75.0,Silver
241658,18,100.0,0.0,0,0.0,43.86,27.78,38.89,4.83,True,True,True,True,True,True,False,True,95.0,Gold
241659,21,93.55,3.23,0,0.0,44.57,47.62,23.81,4.87,True,False,True,True,True,False,False,True,70.0,Silver
241660,25,96.55,0.0,0,0.0,42.63,60.0,4.0,4.25,True,True,True,True,True,False,True,False,75.0,Silver
241661,9,59.09,13.64,0,0.0,46.69,33.33,11.11,5.0,False,False,True,True,False,True,True,True,55.0,Retraining
241662,39,100.0,0.0,0,0.0,28.05,56.41,12.82,4.67,True,True,True,True,True,False,True,False,75.0,Silver
241663,23,96.0,0.0,0,0.0,32.33,78.26,0.0,4.89,True,True,True,True,True,False,True,True,90.0,Gold
241664,6,100.0,0.0,0,0.0,41.81,16.67,0.0,4.8,True,True,True,True,True,True,True,True,100.0,Gold
241665,26,81.58,0.0,0,3.23,46.56,26.92,0.0,4.73,False,True,True,False,False,True,True,True,60.0,Retraining
241666,14,100.0,0.0,0,0.0,71.5,42.86,21.43,5.0,True,True,True,True,False,False,False,True,70.0,Silver
241667,4,100.0,0.0,0,0.0,35.22,50.0,50.0,4.75,True,True,True,True,True,False,False,True,85.0,Gold
241668,18,100.0,0.0,0,0.0,22.03,61.11,0.0,5.0,True,True,True,True,True,False,True,True,90.0,Gold
241669,31,86.11,0.0,0,0.0,48.41,45.16,0.0,4.88,False,True,True,True,False,False,True,True,60.0,Retraining
241670,63,97.06,0.0,0,0.0,45.41,39.68,0.0,4.74,True,True,True,True,False,True,True,True,85.0,Gold
241671,3,100.0,0.0,0,0.0,63.26,66.67,33.33,5.0,True,True,True,True,False,False,False,True,70.0,Silver
241672,62,91.25,0.0,0,0.0,32.24,40.32,30.65,4.73,True,True,True,True,True,False,False,True,85.0,Gold
241673,9,48.0,4.0,0,0.0,53.62,33.33,0.0,5.0,False,False,True,True,False,True,True,True,55.0,Retraining
241674,2,100.0,33.33,0,0.0,31.5,100.0,0.0,5.0,True,False,True,True,True,False,True,True,75.0,Silver
241675,15,100.0,0.0,0,0.0,33.9,6.67,0.0,4.67,True,True,True,True,True,True,True,False,85.0,Gold
241676,8,75.0,0.0,0,0.0,43.53,50.0,0.0,5.0,False,True,True,True,True,False,True,True,75.0,Silver
241677,2,100.0,0.0,0,0.0,31.76,50.0,0.0,5.0,True,True,True,True,True,False,True,True,90.0,Gold
241678,32,94.44,0.0,0,0.0,45.04,50.0,28.13,4.92,True,True,True,True,False,False,False,True,70.0,Silver
241679,63,98.59,1.41,0,2.86,52.9,38.1,9.52,4.79,True,True,True,False,False,True,True,True,75.0,Silver
241680,89,98.98,0.0,1,0.0,40.03,43.82,4.49,4.73,True,True,True,True,True,False,True,True,90.0,Gold
241681,15,100.0,0.0,0,0.0,40.97,26.67,0.0,4.67,True,True,True,True,True,True,True,False,85.0,Gold
241682,12,100.0,0.0,0,0.0,38.27,41.67,8.33,4.75,True,True,True,True,True,False,True,True,90.0,Gold
241683,3,100.0,0.0,0,20.0,50.0,33.33,0.0,5.0,True,True,True,False,False,True,True,True,75.0,Silver
241684,20,50.0,2.27,0,0.0,52.07,25.0,0.0,4.75,False,False,True,True,False,True,True,True,55.0,Retraining
241685,29,90.63,0.0,0,0.0,41.68,44.83,13.79,4.86,True,True,True,True,True,False,True,True,90.0,Gold
241686,6,88.89,0.0,0,0.0,74.08,16.67,16.67,4.0,False,True,True,True,False,True,False,False,50.0,Retraining
241687,11,77.78,0.0,0,0.0,35.87,72.73,0.0,4.45,False,True,True,True,True,False,True,False,60.0,Retraining
241688,10,78.57,0.0,0,0.0,41.14,30.0,0.0,4.56,False,True,True,True,True,True,True,False,70.0,Silver
241689,6,100.0,0.0,0,0.0,49.81,16.67,0.0,5.0,True,True,True,True,False,True,True,True,85.0,Gold
241690,40,97.67,0.0,0,0.0,36.34,35.0,10.0,4.95,True,True,True,True,True,True,True,True,100.0,Gold
241691,6,32.0,0.0,0,0.0,60.11,50.0,33.33,4.33,False,True,True,True,False,False,False,False,40.0,Retraining
241692,22,78.79,0.0,0,0.0,51.87,9.09,4.55,4.8,False,True,True,True,False,True,True,True,70.0,Silver
241693,11,76.47,0.0,0,0.0,49.46,63.64,0.0,5.0,False,True,True,True,False,False,True,True,60.0,Retraining
241694,24,84.85,0.0,0,0.0,45.75,29.17,16.67,4.8,False,True,True,True,False,True,False,True,65.0,Retraining
241695,32,90.7,2.33,0,0.0,27.71,65.63,0.0,4.7,True,False,True,True,True,False,True,True,75.0,Silver
241696,27,80.95,2.38,0,0.0,41.74,33.33,14.81,5.0,False,False,True,True,True,True,True,True,70.0,Silver
241697,24,100.0,0.0,0,0.0,41.58,41.67,0.0,4.83,True,True,True,True,True,False,True,True,90.0,Gold
241698,25,96.0,0.0,0,0.0,53.96,16.0,20.0,4.9,True,True,True,True,False,True,False,True,80.0,Silver
241699,123,96.53,0.0,0,0.72,24.64,39.02,8.13,4.75,True,True,True,True,True,True,True,True,100.0,Gold
241700,74,89.22,2.94,0,0.0,34.51,48.65,13.51,4.85,False,False,True,True,True,False,True,True,60.0,Retraining
241701,97,94.64,0.0,0,0.0,30.36,41.24,6.19,4.81,True,True,True,True,True,False,True,True,90.0,Gold
241702,35,94.87,0.0,0,0.0,38.61,28.57,8.57,4.87,True,True,True,True,True,True,True,True,100.0,Gold
241703,44,92.45,0.0,0,4.08,37.29,31.82,18.18,4.85,True,True,True,False,True,True,False,True,85.0,Gold
241704,9,90.0,0.0,0,0.0,27.11,77.78,11.11,4.33,True,True,True,True,True,False,True,False,75.0,Silver
241705,33,100.0,0.0,0,0.0,30.97,45.45,15.15,4.95,True,True,True,True,True,False,False,True,85.0,Gold
241706,27,100.0,0.0,0,0.0,43.16,55.56,33.33,4.71,True,True,True,True,True,False,False,True,85.0,Gold
241707,44,87.04,0.0,0,0.0,45.5,45.45,18.18,4.75,False,True,True,True,False,False,False,True,55.0,Retraining
241708,41,100.0,0.0,0,0.0,41.63,29.27,12.2,4.76,True,True,True,True,True,True,True,True,100.0,Gold
241709,51,94.74,0.0,0,0.0,36.9,52.94,5.88,4.75,True,True,True,True,True,False,True,True,90.0,Gold
241710,46,57.95,0.0,1,1.96,54.13,15.22,13.04,4.25,False,True,True,False,False,True,True,False,45.0,Retraining
241711,28,96.88,0.0,0,0.0,47.85,32.14,3.57,4.86,True,True,True,True,False,True,True,True,85.0,Gold
241712,76,100.0,0.0,0,0.0,39.71,26.32,7.89,4.89,True,True,True,True,True,True,True,True,100.0,Gold
241713,45,81.67,0.0,0,0.0,48.11,40.0,20.0,4.9,False,True,True,True,False,True,False,True,65.0,Retraining
241714,101,99.07,0.0,0,1.89,26.07,60.4,6.93,4.68,True,True,True,False,True,False,True,False,65.0,Retraining
241715,59,100.0,3.28,0,0.0,23.69,59.32,1.69,4.74,True,False,True,True,True,False,True,True,75.0,Silver
241716,79,88.24,1.96,1,0.0,45.07,44.3,27.85,4.33,False,True,True,True,False,False,False,False,40.0,Retraining
241717,58,98.31,0.0,0,0.0,19.45,50.0,1.72,4.52,True,True,True,True,True,False,True,False,75.0,Silver
241718,35,73.58,1.89,0,0.0,43.89,48.57,2.86,4.56,False,True,True,True,True,False,True,False,60.0,Retraining
241719,104,92.74,0.81,0,0.87,41.54,32.69,8.65,4.7,True,True,True,True,True,True,True,True,100.0,Gold
241720,20,88.46,0.0,0,0.0,44.73,40.0,10.0,4.82,False,True,True,True,True,True,True,True,85.0,Gold
241721,40,100.0,0.0,0,0.0,17.05,40.0,0.0,4.83,True,True,True,True,True,True,True,True,100.0,Gold
241722,5,100.0,0.0,0,0.0,57.93,80.0,60.0,5.0,True,True,True,True,False,False,False,True,70.0,Silver
241723,52,94.92,0.0,0,1.79,41.67,38.46,9.62,4.73,True,True,True,False,True,True,True,True,90.0,Gold
241724,37,88.37,0.0,0,0.0,46.16,32.43,16.22,4.68,False,True,True,True,False,True,False,False,50.0,Retraining
241725,66,95.77,0.0,0,0.0,29.29,43.94,0.0,4.83,True,True,True,True,True,False,True,True,90.0,Gold
241726,21,71.05,2.63,0,3.7,34.6,52.38,4.76,4.73,False,False,True,False,True,False,True,True,50.0,Retraining
241727,13,88.24,0.0,0,0.0,45.87,30.77,23.08,4.88,False,True,True,True,False,True,False,True,65.0,Retraining
241728,59,100.0,0.0,0,1.54,21.61,54.24,5.08,4.8,True,True,True,False,True,False,True,True,80.0,Silver
241729,94,100.0,0.98,0,0.0,23.97,43.62,1.06,4.72,True,True,True,True,True,False,True,True,90.0,Gold
241730,20,95.65,0.0,0,0.0,66.49,55.0,25.0,4.73,True,True,True,True,False,False,False,True,70.0,Silver
241731,67,95.83,2.08,0,0.0,32.45,52.24,7.46,4.84,True,False,True,True,True,False,True,True,75.0,Silver
241732,2,75.0,25.0,0,0.0,26.88,100.0,0.0,5.0,False,False,True,True,True,False,True,True,60.0,Retraining
241733,9,100.0,0.0,0,0.0,55.64,44.44,11.11,5.0,True,True,True,True,False,False,True,True,75.0,Silver
241734,49,100.0,0.0,0,0.0,40.7,42.86,2.04,4.83,True,True,True,True,True,False,True,True,90.0,Gold
241735,24,93.1,3.45,0,0.0,23.08,62.5,4.17,4.54,True,False,True,True,True,False,True,False,60.0,Retraining
241736,77,94.19,2.33,0,0.0,28.6,49.35,3.9,4.79,True,False,True,True,True,False,True,True,75.0,Silver
241737,27,96.43,0.0,0,0.0,41.81,44.44,11.11,4.68,True,True,True,True,True,False,True,False,75.0,Silver
241738,28,89.19,0.0,0,0.0,53.56,32.14,7.14,4.72,False,True,True,True,False,True,True,True,70.0,Silver
241739,32,100.0,0.0,0,0.0,57.22,43.75,37.5,4.45,True,True,True,True,False,False,False,False,55.0,Retraining
241740,85,97.87,0.0,0,0.0,21.3,43.53,8.24,4.86,True,True,True,True,True,False,True,True,90.0,Gold
241741,32,70.69,5.17,0,0.0,47.93,46.88,9.38,4.5,False,False,True,True,False,False,True,False,30.0,Retraining
241742,20,90.91,0.0,0,0.0,59.75,40.0,0.0,5.0,True,True,True,True,False,True,True,True,85.0,Gold
241743,9,100.0,0.0,0,0.0,39.56,55.56,11.11,4.67,True,True,True,True,True,False,True,False,75.0,Silver
241744,49,92.06,0.0,0,0.0,33.04,42.86,6.12,4.72,True,True,True,True,True,False,True,True,90.0,Gold
241745,19,100.0,0.0,0,0.0,28.57,31.58,5.26,5.0,True,True,True,True,True,True,True,True,100.0,Gold
241746,2,100.0,0.0,0,0.0,70.44,100.0,50.0,4.5,True,True,True,True,False,False,False,False,55.0,Retraining
241747,36,86.0,2.0,0,0.0,26.31,69.44,8.33,4.91,False,True,True,True,True,False,True,True,75.0,Silver
241748,5,35.29,0.0,0,0.0,67.0,40.0,20.0,4.0,False,True,True,True,False,True,False,False,50.0,Retraining
241749,2,100.0,50.0,0,0.0,128.42,0.0,50.0,5.0,True,False,True,True,False,True,False,True,65.0,Retraining
241750,20,86.96,0.0,0,0.0,55.01,20.0,10.0,4.86,False,True,True,True,False,True,True,True,70.0,Silver
241751,97,97.27,0.0,1,0.0,17.74,56.7,2.06,4.65,True,True,True,True,True,False,True,False,75.0,Silver
241752,18,64.71,2.94,0,0.0,49.54,55.56,0.0,4.42,False,False,True,True,False,False,True,False,30.0,Retraining
241753,83,94.06,1.98,0,0.0,42.46,42.17,21.69,4.65,True,True,True,True,True,False,False,False,70.0,Silver
241754,58,97.01,1.49,0,1.54,44.32,31.03,12.07,4.82,True,True,True,False,True,True,True,True,90.0,Gold
241755,66,97.47,0.0,0,0.0,35.33,39.39,3.03,4.91,True,True,True,True,True,True,True,True,100.0,Gold
241756,53,96.83,1.59,0,0.0,64.19,24.53,15.09,4.72,True,True,True,True,False,True,False,True,80.0,Silver
241757,10,64.71,0.0,0,0.0,38.11,0.0,0.0,4.5,False,True,True,True,True,True,True,False,70.0,Silver
241758,51,100.0,0.0,0,0.0,46.38,31.37,11.76,4.81,True,True,True,True,False,True,True,True,85.0,Gold
241759,30,91.67,0.0,0,0.0,35.45,53.33,6.67,4.87,True,True,True,True,True,False,True,True,90.0,Gold
241760,22,100.0,0.0,0,0.0,53.72,40.91,18.18,4.57,True,True,True,True,False,False,False,False,55.0,Retraining
241761,3,100.0,0.0,0,0.0,40.51,66.67,33.33,4.0,True,True,True,True,True,False,False,False,70.0,Silver
241762,78,100.0,0.0,0,0.0,22.77,47.44,11.54,4.95,True,True,True,True,True,False,True,True,90.0,Gold
241763,33,97.5,5.0,0,0.0,23.7,36.36,12.12,4.52,True,False,True,True,True,True,True,False,70.0,Silver
241764,20,100.0,4.76,0,0.0,25.01,40.0,0.0,4.89,True,False,True,True,True,True,True,True,85.0,Gold
241765,146,98.05,0.0,1,0.0,21.1,49.32,10.27,4.6,True,True,True,True,True,False,True,False,75.0,Silver
241766,97,98.13,0.0,0,0.0,21.85,39.18,0.0,4.83,True,True,True,True,True,True,True,True,100.0,Gold
241767,49,88.06,1.49,0,0.0,61.15,46.94,14.29,4.7,False,True,True,True,False,False,True,True,60.0,Retraining
241768,85,99.06,2.83,0,0.0,23.37,51.76,16.47,4.79,True,False,True,True,True,False,False,True,70.0,Silver
241769,10,100.0,0.0,0,0.0,55.24,40.0,0.0,4.83,True,True,True,True,False,True,True,True,85.0,Gold
241770,12,100.0,0.0,0,0.0,50.13,41.67,0.0,5.0,True,True,True,True,False,False,True,True,75.0,Silver
241771,26,73.81,4.76,0,0.0,21.64,57.69,7.69,4.92,False,False,True,True,True,False,True,True,60.0,Retraining
241772,10,77.27,9.09,0,0.0,73.78,70.0,30.0,4.2,False,False,True,True,False,False,False,False,25.0,Retraining
241773,56,96.61,0.0,0,0.0,38.99,39.29,7.14,4.68,True,True,True,True,True,True,True,False,85.0,Gold
241774,40,82.35,0.0,0,0.0,44.13,52.5,2.5,4.91,False,True,True,True,True,False,True,True,75.0,Silver
241775,61,91.03,1.28,0,0.0,39.63,36.07,1.64,4.53,True,True,True,True,True,True,True,False,85.0,Gold
241776,60,97.01,0.0,0,0.0,45.31,38.33,1.67,4.49,True,True,True,True,False,True,True,False,70.0,Silver
241777,58,93.94,0.0,0,0.0,40.55,37.93,10.34,4.88,True,True,True,True,True,True,True,True,100.0,Gold
241778,3,100.0,0.0,0,0.0,39.43,33.33,0.0,5.0,True,True,True,True,True,True,True,True,100.0,Gold
241779,41,100.0,0.0,0,0.0,36.79,48.78,9.76,4.93,True,True,True,True,True,False,True,True,90.0,Gold
241780,58,90.41,0.0,0,1.52,39.51,36.21,20.69,4.66,True,True,True,False,True,True,False,False,70.0,Silver
241781,18,95.45,9.09,0,0.0,44.52,61.11,11.11,4.44,True,False,True,True,True,False,True,False,60.0,Retraining
241782,13,100.0,0.0,0,5.56,48.28,30.77,7.69,4.56,True,True,True,False,False,True,True,False,60.0,Retraining
241783,39,94.64,0.0,0,1.89,41.96,56.41,5.13,4.82,True,True,True,False,True,False,True,True,80.0,Silver
241784,60,91.3,0.0,0,0.0,30.4,35.0,1.67,4.85,True,True,True,True,True,True,True,True,100.0,Gold
241785,96,100.0,0.0,0,0.0,20.77,59.38,1.04,4.62,True,True,True,True,True,False,True,False,75.0,Silver
241786,26,100.0,0.0,0,0.0,42.95,30.77,15.38,4.87,True,True,True,True,True,True,False,True,95.0,Gold
241787,93,100.0,0.0,0,0.0,18.23,38.71,5.38,4.72,True,True,True,True,True,True,True,True,100.0,Gold
241788,116,98.43,0.0,0,0.0,25.79,51.72,0.0,4.75,True,True,True,True,True,False,True,True,90.0,Gold
241789,29,100.0,0.0,0,0.0,43.1,41.38,10.34,4.82,True,True,True,True,True,False,True,True,90.0,Gold
241790,30,100.0,0.0,0,0.0,36.51,50.0,10.0,4.65,True,True,True,True,True,False,True,False,75.0,Silver
241791,128,82.86,2.29,1,0.69,21.16,42.19,5.47,4.6,False,False,True,True,True,False,True,False,45.0,Retraining
241792,112,97.5,0.83,0,0.0,25.02,41.96,6.25,4.77,True,True,True,True,True,False,True,True,90.0,Gold
241793,4,87.5,0.0,0,0.0,47.97,0.0,0.0,4.5,False,True,True,True,False,True,True,False,55.0,Retraining
241794,30,91.18,0.0,0,0.0,53.04,36.67,13.33,4.83,True,True,True,True,False,True,True,True,85.0,Gold
241795,135,97.92,0.0,0,0.71,21.89,50.37,0.74,4.77,True,True,True,True,True,False,True,True,90.0,Gold
241796,10,100.0,0.0,0,0.0,41.95,20.0,0.0,5.0,True,True,True,True,True,True,True,True,100.0,Gold
241797,87,93.75,0.0,0,0.0,18.88,50.57,8.05,4.83,True,True,True,True,True,False,True,True,90.0,Gold
241798,41,93.18,0.0,0,0.0,40.38,43.9,34.15,4.9,True,True,True,True,True,False,False,True,85.0,Gold
241799,106,92.86,0.0,0,0.0,20.25,50.94,5.66,4.79,True,True,True,True,True,False,True,True,90.0,Gold
241800,9,76.92,0.0,0,0.0,68.02,22.22,22.22,4.5,False,True,True,True,False,True,False,False,50.0,Retraining
241801,24,96.15,0.0,0,0.0,34.33,29.17,0.0,5.0,True,True,True,True,True,True,True,True,100.0,Gold
241802,68,78.07,0.0,0,2.25,42.01,42.65,7.35,4.67,False,True,True,False,True,False,True,False,50.0,Retraining
241803,69,96.34,0.0,0,1.27,43.9,34.78,4.35,4.5,True,True,True,False,True,True,True,False,75.0,Silver
241804,9,100.0,0.0,0,0.0,55.46,55.56,0.0,5.0,True,True,True,True,False,False,True,True,75.0,Silver
241805,81,98.89,0.0,0,0.0,23.57,58.02,4.94,4.72,True,True,True,True,True,False,True,True,90.0,Gold
241806,5,90.0,0.0,0,22.22,33.15,60.0,20.0,5.0,True,True,True,False,True,False,False,True,75.0,Silver
241807,37,100.0,2.38,0,0.0,44.06,40.54,16.22,4.71,True,False,True,True,True,False,False,True,70.0,Silver
241808,75,98.72,0.0,0,0.0,16.5,40.0,0.0,4.84,True,True,True,True,True,True,True,True,100.0,Gold
241809,83,97.75,0.0,0,0.0,19.81,49.4,4.82,4.83,True,True,True,True,True,False,True,True,90.0,Gold
241810,3,100.0,16.67,0,0.0,19.76,33.33,0.0,5.0,True,False,True,True,True,True,True,True,85.0,Gold
241811,8,75.0,8.33,0,0.0,59.11,62.5,0.0,4.75,False,False,True,True,False,False,True,True,45.0,Retraining
241812,77,78.3,0.94,0,0.0,36.58,35.06,5.19,4.8,False,True,True,True,True,True,True,True,85.0,Gold
241813,48,79.17,0.0,0,0.0,48.07,27.08,0.0,4.78,False,True,True,True,False,True,True,True,70.0,Silver
241814,7,66.67,8.33,0,0.0,19.76,0.0,0.0,5.0,False,False,True,True,True,True,True,True,70.0,Silver
241815,33,82.98,2.13,0,0.0,43.72,27.27,9.09,4.88,False,False,True,True,True,True,True,True,70.0,Silver
241816,30,96.88,0.0,0,3.23,26.25,33.33,16.67,4.92,True,True,True,False,True,True,False,True,85.0,Gold
241817,3,100.0,0.0,0,0.0,18.12,66.67,33.33,5.0,True,True,True,True,True,False,False,True,85.0,Gold
241818,69,89.02,0.0,0,0.0,40.86,33.33,8.7,4.97,False,True,True,True,True,True,True,True,85.0,Gold
241819,20,100.0,0.0,0,0.0,53.01,25.0,15.0,5.0,True,True,True,True,False,True,True,True,85.0,Gold
241820,12,100.0,0.0,0,0.0,39.33,58.33,33.33,4.83,True,True,True,True,True,False,False,True,85.0,Gold
241821,9,37.93,3.45,0,0.0,48.83,44.44,33.33,4.83,False,False,True,True,False,False,False,True,40.0,Retraining
241822,54,96.97,1.52,0,0.0,36.87,42.59,14.81,4.82,True,True,True,True,True,False,True,True,90.0,Gold
241823,2,100.0,0.0,0,0.0,49.01,0.0,0.0,5.0,True,True,True,True,False,True,True,True,85.0,Gold
241824,15,100.0,0.0,0,0.0,37.14,33.33,0.0,5.0,True,True,True,True,True,True,True,True,100.0,Gold
241825,19,100.0,4.76,0,0.0,22.24,31.58,0.0,4.56,True,False,True,True,True,True,True,False,70.0,Silver
241826,7,75.0,0.0,0,0.0,58.23,14.29,14.29,3.67,False,True,True,True,False,True,True,False,55.0,Retraining
241827,9,84.62,0.0,0,0.0,28.21,66.67,0.0,4.89,False,True,True,True,True,False,True,True,75.0,Silver
241828,18,94.74,0.0,0,0.0,47.96,61.11,0.0,4.67,True,True,True,True,False,False,True,False,60.0,Retraining
241829,32,84.62,0.0,0,0.0,50.55,18.75,0.0,4.75,False,True,True,True,False,True,True,True,70.0,Silver
241830,22,95.83,0.0,0,0.0,29.34,54.55,9.09,4.75,True,True,True,True,True,False,True,True,90.0,Gold
241831,65,97.44,0.0,0,1.32,42.8,30.77,9.23,4.84,True,True,True,False,True,True,True,True,90.0,Gold
241832,10,100.0,9.09,0,0.0,50.16,60.0,10.0,4.86,True,False,True,True,False,False,True,True,60.0,Retraining
241833,16,55.56,0.0,0,10.0,52.79,62.5,6.25,3.57,False,True,True,False,False,False,True,False,35.0,Retraining
241834,17,100.0,0.0,0,0.0,28.2,47.06,17.65,4.75,True,True,True,True,True,False,False,True,85.0,Gold
241835,31,100.0,0.0,0,0.0,39.47,38.71,0.0,4.44,True,True,True,True,True,True,True,False,85.0,Gold
241836,47,89.86,0.0,0,1.61,46.02,55.32,10.64,4.58,False,True,True,False,False,False,True,False,35.0,Retraining
241837,77,83.5,0.0,0,0.0,40.8,24.68,7.79,4.67,False,True,True,True,True,True,True,False,70.0,Silver
241838,98,96.26,0.0,0,0.0,22.79,47.96,4.08,4.88,True,True,True,True,True,False,True,True,90.0,Gold
241839,26,71.43,2.38,0,0.0,48.55,30.77,23.08,4.9,False,False,True,True,False,True,False,True,50.0,Retraining
241840,10,92.86,0.0,0,0.0,50.65,60.0,10.0,4.88,True,True,True,True,False,False,True,True,75.0,Silver
241841,14,94.74,0.0,0,0.0,23.63,28.57,0.0,4.86,True,True,True,True,True,True,True,True,100.0,Gold
241842,118,98.55,0.0,1,0.0,26.58,33.9,0.85,4.79,True,True,True,True,True,True,True,True,100.0,Gold
241843,2,100.0,0.0,0,33.33,66.97,0.0,0.0,5.0,True,True,True,False,False,True,True,True,75.0,Silver
241844,130,95.04,0.0,0,0.0,19.46,49.23,4.62,4.75,True,True,True,True,True,False,True,True,90.0,Gold
241845,4,100.0,20.0,0,0.0,41.04,50.0,0.0,5.0,True,False,True,True,True,False,True,True,75.0,Silver
241846,8,80.0,0.0,0,0.0,31.89,50.0,0.0,5.0,False,True,True,True,True,False,True,True,75.0,Silver
241847,62,98.41,0.0,1,1.61,22.5,48.39,8.06,4.63,True,True,True,False,True,False,True,False,65.0,Retraining
241848,21,100.0,8.33,0,0.0,24.06,42.86,9.52,5.0,True,False,True,True,True,False,True,True,75.0,Silver
241849,69,98.82,0.0,0,0.0,28.52,36.23,15.94,4.68,True,True,True,True,True,True,False,False,80.0,Silver
241850,40,100.0,0.0,0,0.0,40.02,50.0,7.5,4.61,True,True,True,True,True,False,True,False,75.0,Silver
241851,4,80.0,0.0,0,0.0,56.35,100.0,0.0,5.0,False,True,True,True,False,False,True,True,60.0,Retraining
241852,95,71.02,0.0,0,0.8,29.09,42.11,10.53,4.31,False,True,True,True,True,False,True,False,60.0,Retraining
241853,69,98.68,0.0,0,0.0,17.87,37.68,1.45,4.63,True,True,True,True,True,True,True,False,85.0,Gold
241854,72,94.94,0.0,0,0.0,43.87,37.5,1.39,4.82,True,True,True,True,True,True,True,True,100.0,Gold
241855,15,100.0,0.0,0,5.56,37.14,73.33,13.33,4.71,True,True,True,False,True,False,True,True,80.0,Silver
241856,18,92.0,0.0,0,0.0,39.8,50.0,0.0,4.83,True,True,True,True,True,False,True,True,90.0,Gold
241857,21,92.31,3.85,0,0.0,28.97,47.62,4.76,4.79,True,False,True,True,True,False,True,True,75.0,Silver
241858,28,72.09,0.0,0,0.0,51.11,53.57,32.14,5.0,False,True,True,True,False,False,False,True,55.0,Retraining
241859,50,98.25,1.75,0,0.0,38.87,46.0,18.0,4.52,True,True,True,True,True,False,False,False,70.0,Silver
241860,60,92.0,4.0,0,0.0,53.32,51.67,5.0,4.88,True,False,True,True,False,False,True,True,60.0,Retraining
241861,39,97.78,0.0,0,0.0,27.12,61.54,15.38,4.5,True,True,True,True,True,False,False,False,70.0,Silver
241862,8,100.0,0.0,0,0.0,32.27,37.5,0.0,4.8,True,True,True,True,True,True,True,True,100.0,Gold
241863,10,100.0,0.0,0,0.0,36.6,60.0,30.0,4.86,True,True,True,True,True,False,False,True,85.0,Gold
241864,130,96.67,0.0,0,0.0,25.23,56.15,9.23,4.68,True,True,True,True,True,False,True,False,75.0,Silver
241865,115,98.43,0.79,0,0.0,27.76,43.48,10.43,4.61,True,True,True,True,True,False,True,False,75.0,Silver
241866,18,100.0,0.0,0,0.0,23.61,22.22,16.67,5.0,True,True,True,True,True,True,False,True,95.0,Gold
241867,27,94.29,5.71,0,0.0,35.35,40.74,3.7,4.58,True,False,True,True,True,False,True,False,60.0,Retraining
241868,66,98.67,0.0,0,0.0,32.58,42.42,4.55,4.64,True,True,True,True,True,False,True,False,75.0,Silver
241869,2,33.33,0.0,0,0.0,29.9,0.0,50.0,5.0,False,True,True,True,True,True,False,True,80.0,Silver
241870,95,97.17,0.0,0,0.0,18.11,55.79,18.95,4.82,True,True,True,True,True,False,False,True,85.0,Gold
241871,3,100.0,0.0,0,0.0,57.06,33.33,0.0,4.0,True,True,True,True,False,True,True,False,70.0,Silver
241872,47,69.33,0.0,0,0.0,39.58,36.17,4.26,4.9,False,True,True,True,True,True,True,True,85.0,Gold
241873,11,73.68,0.0,0,0.0,32.62,27.27,36.36,4.0,False,True,True,True,True,True,False,False,65.0,Retraining
241874,92,98.97,0.0,0,0.0,37.95,52.17,5.43,4.65,True,True,True,True,True,False,True,False,75.0,Silver
241875,113,92.91,0.0,0,1.69,27.3,32.74,4.42,4.85,True,True,True,False,True,True,True,True,90.0,Gold
241876,9,66.67,0.0,0,0.0,46.14,22.22,11.11,4.83,False,True,True,True,False,True,True,True,70.0,Silver
241877,19,91.67,0.0,0,0.0,42.2,21.05,10.53,4.5,True,True,True,True,True,True,True,False,85.0,Gold
241878,110,99.13,0.0,0,0.0,33.27,57.27,9.09,4.54,True,True,True,True,True,False,True,False,75.0,Silver
241879,9,100.0,0.0,0,0.0,34.55,0.0,11.11,5.0,True,True,True,True,True,True,True,True,100.0,Gold
241880,24,92.59,0.0,0,0.0,47.51,50.0,20.83,5.0,True,True,True,True,False,False,False,True,70.0,Silver
241881,55,100.0,0.0,0,0.0,30.56,54.55,7.27,4.89,True,True,True,True,True,False,True,True,90.0,Gold
241882,9,100.0,0.0,0,0.0,24.28,44.44,0.0,5.0,True,True,True,True,True,False,True,True,90.0,Gold
241883,97,97.17,0.0,0,0.0,23.4,43.3,2.06,4.79,True,True,True,True,True,False,True,True,90.0,Gold
241884,114,95.42,0.0,0,0.0,26.2,71.93,9.65,4.68,True,True,True,True,True,False,True,False,75.0,Silver
241885,73,95.0,1.25,0,0.0,38.75,34.25,19.18,4.97,True,True,True,True,True,True,False,True,95.0,Gold
241886,9,100.0,0.0,0,0.0,49.84,22.22,0.0,,True,True,True,True,False,True,True,False,70.0,Silver
241887,25,90.0,0.0,0,0.0,35.54,32.0,12.0,4.67,True,True,True,True,True,True,True,False,85.0,Gold
241888,8,60.87,4.35,0,7.14,38.33,50.0,0.0,4.75,False,False,True,False,True,False,True,True,50.0,Retraining
241889,40,97.96,0.0,0,0.0,23.82,45.0,5.0,4.7,True,True,True,True,True,False,True,True,90.0,Gold
241890,10,100.0,0.0,0,0.0,18.27,70.0,0.0,4.88,True,True,True,True,True,False,True,True,90.0,Gold
241891,30,100.0,0.0,0,0.0,23.19,76.67,10.0,4.65,True,True,True,True,True,False,True,False,75.0,Silver
241892,43,100.0,0.0,0,0.0,46.3,37.21,23.26,4.79,True,True,True,True,False,True,False,True,80.0,Silver
241893,18,100.0,0.0,0,0.0,38.58,44.44,0.0,4.75,True,True,True,True,True,False,True,True,90.0,Gold
241894,12,100.0,0.0,0,0.0,44.31,66.67,16.67,3.6,True,True,True,True,True,False,False,False,70.0,Silver
241895,15,94.12,5.88,0,0.0,44.11,46.67,13.33,4.33,True,False,True,True,True,False,True,False,60.0,Retraining
241896,45,98.04,0.0,0,0.0,21.22,53.33,17.78,4.79,True,True,True,True,True,False,False,True,85.0,Gold
241897,61,93.75,0.0,0,0.0,35.7,40.98,13.11,4.74,True,True,True,True,True,False,True,True,90.0,Gold
241898,31,90.0,0.0,0,0.0,41.1,32.26,6.45,4.3,True,True,True,True,True,True,True,False,85.0,Gold
241899,33,81.82,0.0,0,0.0,37.29,33.33,6.06,4.77,False,True,True,True,True,True,True,True,85.0,Gold
241900,23,100.0,0.0,0,0.0,37.79,39.13,26.09,4.69,True,True,True,True,True,True,False,False,80.0,Silver
241901,28,100.0,0.0,0,0.0,34.77,42.86,10.71,4.75,True,True,True,True,True,False,True,True,90.0,Gold
241902,12,100.0,0.0,0,0.0,46.99,16.67,16.67,5.0,True,True,True,True,False,True,False,True,80.0,Silver
241903,37,83.67,0.0,0,2.44,41.19,67.57,13.51,4.65,False,True,True,False,True,False,True,False,50.0,Retraining
241904,41,94.34,1.89,0,0.0,48.57,48.78,21.95,4.73,True,True,True,True,False,False,False,True,70.0,Silver
241905,125,98.52,0.0,0,0.0,12.75,42.4,0.8,4.67,True,True,True,True,True,False,True,False,75.0,Silver
241906,85,97.85,0.0,0,0.0,27.34,37.65,1.18,4.87,True,True,True,True,True,True,True,True,100.0,Gold
241907,26,90.63,0.0,0,0.0,37.95,38.46,3.85,4.81,True,True,True,True,True,True,True,True,100.0,Gold
241908,9,100.0,0.0,0,0.0,36.14,44.44,11.11,4.8,True,True,True,True,True,False,True,True,90.0,Gold
241909,23,96.15,0.0,0,0.0,37.73,47.83,21.74,4.65,True,True,True,True,True,False,False,False,70.0,Silver
241910,26,93.55,0.0,0,0.0,30.06,38.46,7.69,4.83,True,True,True,True,True,True,True,True,100.0,Gold
241911,16,79.17,4.17,0,0.0,37.46,43.75,6.25,5.0,False,False,True,True,True,False,True,True,60.0,Retraining
241912,39,100.0,0.0,0,0.0,18.67,41.03,5.13,4.94,True,True,True,True,True,False,True,True,90.0,Gold
241913,117,100.0,0.0,1,1.57,29.69,46.15,12.82,4.63,True,True,True,False,True,False,True,False,65.0,Retraining
241914,3,100.0,0.0,0,0.0,22.5,33.33,0.0,5.0,True,True,True,True,True,True,True,True,100.0,Gold
241915,85,92.16,0.0,0,0.0,22.47,48.24,7.06,4.74,True,True,True,True,True,False,True,True,90.0,Gold
241916,15,94.12,0.0,0,0.0,29.81,46.67,13.33,5.0,True,True,True,True,True,False,True,True,90.0,Gold
241917,34,82.22,2.22,0,0.0,43.26,67.65,5.88,4.67,False,False,True,True,True,False,True,False,45.0,Retraining
241918,15,85.71,0.0,0,0.0,44.05,13.33,6.67,4.75,False,True,True,True,True,True,True,True,85.0,Gold
241919,76,97.7,0.0,0,0.0,42.3,42.11,7.89,4.57,True,True,True,True,True,False,True,False,75.0,Silver
241920,63,96.1,0.0,0,0.0,24.74,60.32,0.0,4.75,True,True,True,True,True,False,True,True,90.0,Gold
241921,15,72.0,0.0,0,0.0,38.96,0.0,26.67,4.89,False,True,True,True,True,True,False,True,80.0,Silver
241922,13,100.0,0.0,0,0.0,37.57,53.85,7.69,4.88,True,True,True,True,True,False,True,True,90.0,Gold
241923,130,97.89,0.0,2,0.72,22.51,31.54,0.77,4.5,True,True,False,True,True,True,True,False,70.0,Silver
241924,52,96.67,0.0,0,1.72,30.68,40.38,1.92,4.81,True,True,True,False,True,False,True,True,80.0,Silver
241925,10,90.91,0.0,0,0.0,65.83,20.0,20.0,4.8,True,True,True,True,False,True,False,True,80.0,Silver
241926,59,98.39,0.0,0,0.0,33.13,55.93,8.47,4.9,True,True,True,True,True,False,True,True,90.0,Gold
241927,46,100.0,0.0,0,1.82,35.21,63.04,36.96,4.48,True,True,True,False,True,False,False,False,60.0,Retraining
241928,84,97.92,1.04,0,0.0,44.87,39.29,11.9,4.81,True,True,True,True,True,True,True,True,100.0,Gold
241929,43,80.0,0.0,0,5.77,40.47,53.49,0.0,4.65,False,True,True,False,True,False,True,False,50.0,Retraining
241930,13,93.75,6.25,0,0.0,41.0,30.77,15.38,5.0,True,False,True,True,True,True,False,True,80.0,Silver
241931,35,92.68,4.88,1,0.0,26.64,48.57,2.86,4.64,True,False,True,True,True,False,True,False,60.0,Retraining
241932,95,100.0,0.0,1,0.0,19.0,51.58,3.16,4.77,True,True,True,True,True,False,True,True,90.0,Gold
241933,4,100.0,0.0,0,0.0,45.52,75.0,25.0,5.0,True,True,True,True,False,False,False,True,70.0,Silver
241934,9,100.0,0.0,0,0.0,39.03,44.44,0.0,5.0,True,True,True,True,True,False,True,True,90.0,Gold
241935,20,88.0,0.0,0,0.0,36.68,20.0,0.0,4.5,False,True,True,True,True,True,True,False,70.0,Silver
241936,13,100.0,0.0,0,0.0,35.35,15.38,15.38,5.0,True,True,True,True,True,True,False,True,95.0,Gold
241937,15,100.0,0.0,0,0.0,43.29,80.0,20.0,4.9,True,True,True,True,True,False,False,True,85.0,Gold
241938,63,95.95,1.35,0,0.0,50.53,53.97,19.05,4.74,True,True,True,True,False,False,False,True,70.0,Silver
241939,104,98.21,0.0,1,0.91,21.65,33.65,5.77,4.88,True,True,True,True,True,True,True,True,100.0,Gold
241940,37,95.0,0.0,0,0.0,38.05,29.73,10.81,4.67,True,True,True,True,True,True,True,False,85.0,Gold
241941,18,90.0,0.0,0,0.0,32.09,27.78,5.56,4.91,True,True,True,True,True,True,True,True,100.0,Gold
241942,35,86.05,2.33,0,0.0,16.66,62.86,2.86,4.61,False,False,True,True,True,False,True,False,45.0,Retraining
241943,42,91.84,2.04,0,0.0,50.41,42.86,9.52,4.65,True,False,True,True,False,False,True,False,45.0,Retraining
241944,42,97.87,0.0,0,0.0,25.79,47.62,4.76,4.56,True,True,True,True,True,False,True,False,75.0,Silver
241945,73,98.8,0.0,0,1.22,43.74,36.99,9.59,4.88,True,True,True,False,True,True,True,True,90.0,Gold
241946,94,82.54,3.97,0,0.0,13.72,9.57,2.13,4.44,False,False,True,True,True,True,True,False,55.0,Retraining
241947,82,100.0,0.0,0,0.0,24.06,31.71,6.1,4.92,True,True,True,True,True,True,True,True,100.0,Gold
241948,3,75.0,0.0,0,0.0,59.49,33.33,0.0,5.0,False,True,True,True,False,True,True,True,70.0,Silver
241949,32,87.18,0.0,0,0.0,49.53,37.5,3.13,4.47,False,True,True,True,False,True,True,False,55.0,Retraining
241950,23,82.76,0.0,0,0.0,28.81,43.48,8.7,5.0,False,True,True,True,True,False,True,True,75.0,Silver
241951,11,81.25,0.0,0,0.0,29.46,54.55,18.18,4.5,False,True,True,True,True,False,False,False,55.0,Retraining
241952,3,100.0,0.0,0,0.0,75.32,0.0,33.33,5.0,True,True,True,True,False,True,False,True,80.0,Silver
241953,69,87.36,0.0,0,0.0,35.0,42.03,11.59,4.9,False,True,True,True,True,False,True,True,75.0,Silver
241954,58,96.72,0.0,0,0.0,17.22,39.66,0.0,4.76,True,True,True,True,True,True,True,True,100.0,Gold
241955,9,100.0,0.0,1,5.88,31.32,66.67,0.0,4.5,True,True,True,False,True,False,True,False,65.0,Retraining
241956,51,94.92,0.0,0,0.0,27.07,54.9,3.92,4.76,True,True,True,True,True,False,True,True,90.0,Gold
241957,7,63.64,0.0,0,0.0,68.25,28.57,0.0,5.0,False,True,True,True,False,True,True,True,70.0,Silver
241958,55,93.65,0.0,0,0.0,20.19,47.27,5.45,4.91,True,True,True,True,True,False,True,True,90.0,Gold
241959,19,95.24,0.0,0,0.0,49.98,21.05,15.79,4.2,True,True,True,True,False,True,False,False,65.0,Retraining
241960,23,96.43,0.0,0,0.0,44.05,47.83,8.7,4.81,True,True,True,True,True,False,True,True,90.0,Gold
241961,86,98.92,3.23,0,0.0,38.77,27.91,11.63,4.81,True,False,True,True,True,True,True,True,85.0,Gold
241962,53,88.0,2.67,0,1.52,27.13,64.15,9.43,4.66,False,False,True,False,True,False,True,False,35.0,Retraining
241963,62,82.35,0.0,0,0.0,46.92,35.48,12.9,4.69,False,True,True,True,False,True,True,False,55.0,Retraining
241964,27,100.0,0.0,0,3.33,43.6,29.63,0.0,4.67,True,True,True,False,True,True,True,False,75.0,Silver
241965,54,96.88,1.56,0,0.0,32.38,46.3,12.96,4.76,True,True,True,True,True,False,True,True,90.0,Gold
241966,126,82.29,1.71,0,0.69,22.35,44.44,8.73,4.64,False,True,True,True,True,False,True,False,60.0,Retraining
241967,84,94.12,0.98,0,1.04,27.77,36.9,3.57,4.9,True,True,True,False,True,True,True,True,90.0,Gold
241968,18,86.36,4.55,0,0.0,43.98,27.78,0.0,4.8,False,False,True,True,True,True,True,True,70.0,Silver
241969,58,98.55,1.45,0,0.0,42.28,31.03,12.07,4.74,True,True,True,True,True,True,True,True,100.0,Gold
241970,44,92.73,0.0,0,0.0,33.56,59.09,2.27,4.65,True,True,True,True,True,False,True,False,75.0,Silver
241971,9,92.31,7.69,0,0.0,48.14,66.67,0.0,5.0,True,False,True,True,False,False,True,True,60.0,Retraining
241972,90,94.85,0.0,0,0.0,17.41,47.78,8.89,4.74,True,True,True,True,True,False,True,True,90.0,Gold
241973,36,100.0,0.0,0,0.0,45.29,30.56,38.89,4.7,True,True,True,True,False,True,False,True,80.0,Silver
241974,4,57.14,0.0,0,0.0,86.58,0.0,25.0,4.67,False,True,True,True,False,True,False,False,50.0,Retraining
241975,25,100.0,0.0,0,3.7,28.96,40.0,0.0,4.69,True,True,True,False,True,True,True,False,75.0,Silver
241976,12,100.0,0.0,0,0.0,34.49,75.0,0.0,4.86,True,True,True,True,True,False,True,True,90.0,Gold
241977,102,100.0,0.0,0,0.0,24.45,43.14,8.82,4.61,True,True,True,True,True,False,True,False,75.0,Silver
241978,32,95.24,0.0,0,2.5,63.92,50.0,3.13,4.55,True,True,True,False,False,False,True,False,50.0,Retraining
241979,12,100.0,0.0,0,0.0,31.57,50.0,8.33,4.2,True,True,True,True,True,False,True,False,75.0,Silver
241980,42,95.83,0.0,0,0.0,35.29,35.71,9.52,4.89,True,True,True,True,True,True,True,True,100.0,Gold
241981,27,100.0,0.0,0,0.0,18.99,51.85,3.7,4.91,True,True,True,True,True,False,True,True,90.0,Gold
241982,3,90.0,50.0,0,0.0,30.92,33.33,0.0,4.5,True,False,True,True,True,True,True,False,70.0,Silver
241983,26,91.89,0.0,0,0.0,30.47,26.92,3.85,5.0,True,True,True,True,True,True,True,True,100.0,Gold
241984,5,83.33,0.0,0,0.0,21.51,40.0,20.0,4.5,False,True,True,True,True,True,False,False,65.0,Retraining
241985,63,92.0,1.33,0,0.0,38.95,34.92,19.05,4.88,True,True,True,True,True,True,False,True,95.0,Gold
241986,4,75.0,25.0,0,0.0,34.71,0.0,0.0,,False,False,True,True,True,True,True,False,55.0,Retraining
241987,9,100.0,0.0,0,0.0,40.69,44.44,11.11,4.75,True,True,True,True,True,False,True,True,90.0,Gold
241988,60,93.06,0.0,0,0.0,28.94,53.33,8.33,4.61,True,True,True,True,True,False,True,False,75.0,Silver
241989,35,75.0,0.0,0,4.76,56.35,37.14,0.0,4.96,False,True,True,False,False,True,True,True,60.0,Retraining
241990,59,81.48,1.23,0,0.0,54.06,32.2,10.17,4.66,False,True,True,True,False,True,True,False,55.0,Retraining
241991,28,89.19,0.0,0,0.0,35.02,32.14,17.86,4.79,False,True,True,True,True,True,False,True,80.0,Silver
241992,82,95.56,0.0,0,0.0,40.54,41.46,24.39,4.73,True,True,True,True,True,False,False,True,85.0,Gold
241993,69,93.59,0.0,0,0.0,21.97,44.93,14.49,4.81,True,True,True,True,True,False,True,True,90.0,Gold
241994,41,83.93,0.0,0,2.13,28.5,41.46,7.32,4.43,False,True,True,False,True,False,True,False,50.0,Retraining
241995,14,68.18,0.0,0,0.0,54.2,57.14,7.14,4.89,False,True,True,True,False,False,True,True,60.0,Retraining
241996,53,100.0,0.0,0,0.0,31.02,45.28,11.32,4.69,True,True,True,True,True,False,True,False,75.0,Silver
241997,16,94.74,0.0,0,0.0,48.89,50.0,25.0,4.78,True,True,True,True,False,False,False,True,70.0,Silver
241998,8,100.0,0.0,0,0.0,17.85,12.5,25.0,4.2,True,True,True,True,True,True,False,False,80.0,Silver
241999,3,100.0,0.0,0,0.0,18.8,0.0,0.0,5.0,True,True,True,True,True,True,True,True,100.0,Gold
242000,29,94.12,0.0,0,0.0,35.72,34.48,3.45,4.67,True,True,True,True,True,True,True,False,85.0,Gold
242001,64,86.41,0.0,0,1.12,29.5,34.38,3.13,4.74,False,True,True,False,True,True,True,True,75.0,Silver
242002,8,100.0,0.0,0,0.0,35.08,12.5,0.0,4.2,True,True,True,True,True,True,True,False,85.0,Gold
242003,33,97.5,0.0,0,0.0,23.88,33.33,3.03,4.78,True,True,True,True,True,True,True,True,100.0,Gold
242004,9,90.0,0.0,0,0.0,25.37,44.44,0.0,4.67,True,True,True,True,True,False,True,False,75.0,Silver
242005,11,72.22,0.0,0,0.0,47.74,27.27,18.18,5.0,False,True,True,True,False,True,False,True,65.0,Retraining
242006,2,100.0,0.0,0,0.0,70.22,50.0,0.0,5.0,True,True,True,True,False,False,True,True,75.0,Silver
242007,9,91.67,0.0,0,0.0,29.17,55.56,11.11,4.6,True,True,True,True,True,False,True,False,75.0,Silver
242008,66,96.39,0.0,0,0.0,43.85,57.58,6.06,4.57,True,True,True,True,True,False,True,False,75.0,Silver
242009,3,100.0,0.0,0,0.0,46.73,0.0,0.0,5.0,True,True,True,True,False,True,True,True,85.0,Gold
242010,8,81.82,9.09,0,0.0,24.4,25.0,12.5,5.0,False,False,True,True,True,True,True,True,70.0,Silver
242011,57,92.31,0.0,0,0.0,22.72,73.68,1.75,4.78,True,True,True,True,True,False,True,True,90.0,Gold
242012,2,100.0,0.0,0,0.0,36.85,50.0,0.0,3.0,True,True,True,True,True,False,True,False,75.0,Silver
242013,120,91.43,0.71,0,0.0,22.66,45.83,5.83,4.55,True,True,True,True,True,False,True,False,75.0,Silver
242014,26,93.94,6.06,0,0.0,59.09,34.62,38.46,4.45,True,False,True,True,False,True,False,False,50.0,Retraining
242015,29,89.47,0.0,0,0.0,43.66,34.48,6.9,4.92,False,True,True,True,True,True,True,True,85.0,Gold
242016,78,84.91,0.94,0,0.0,22.01,47.44,0.0,4.75,False,True,True,True,True,False,True,True,75.0,Silver
242017,17,88.89,11.11,0,4.17,50.18,64.71,11.76,5.0,False,False,True,False,False,False,True,True,35.0,Retraining
242018,36,95.35,0.0,0,0.0,31.76,41.67,13.89,4.89,True,True,True,True,True,False,True,True,90.0,Gold
242019,16,90.0,5.0,0,0.0,39.92,43.75,18.75,3.5,True,False,True,True,True,False,False,False,55.0,Retraining
242020,23,78.13,6.25,0,0.0,42.37,30.43,0.0,4.86,False,False,True,True,True,True,True,True,70.0,Silver
242021,33,100.0,0.0,0,0.0,47.84,15.15,0.0,4.88,True,True,True,True,False,True,True,True,85.0,Gold
242022,31,85.37,0.0,0,0.0,25.6,64.52,19.35,4.56,False,True,True,True,True,False,False,False,55.0,Retraining
242023,51,98.21,0.0,0,1.82,31.36,60.78,9.8,4.82,True,True,True,False,True,False,True,True,80.0,Silver
242024,9,90.91,0.0,0,0.0,42.46,55.56,11.11,4.33,True,True,True,True,True,False,True,False,75.0,Silver
242025,30,100.0,0.0,0,0.0,50.15,36.67,3.33,4.94,True,True,True,True,False,True,True,True,85.0,Gold
242026,10,100.0,0.0,0,0.0,44.02,60.0,0.0,5.0,True,True,True,True,True,False,True,True,90.0,Gold
242027,23,100.0,0.0,0,0.0,45.87,52.17,8.7,4.53,True,True,True,True,False,False,True,False,60.0,Retraining
242028,52,98.39,0.0,0,1.64,47.2,59.62,17.31,5.0,True,True,True,False,False,False,False,True,60.0,Retraining
242029,95,96.64,0.84,3,1.74,27.64,46.32,10.53,4.52,True,True,False,False,True,False,True,False,50.0,Retraining
242030,3,100.0,20.0,0,0.0,33.58,33.33,0.0,5.0,True,False,True,True,True,True,True,True,85.0,Gold
242031,28,100.0,0.0,0,0.0,29.51,46.43,0.0,4.57,True,True,True,True,True,False,True,False,75.0,Silver
242032,78,98.81,0.0,0,0.0,29.82,55.13,3.85,4.82,True,True,True,True,True,False,True,True,90.0,Gold
242033,10,100.0,0.0,0,0.0,33.99,20.0,0.0,4.67,True,True,True,True,True,True,True,False,85.0,Gold
242034,44,100.0,0.0,1,0.0,43.54,61.36,13.64,4.61,True,True,True,True,True,False,True,False,75.0,Silver
242035,21,100.0,0.0,0,4.0,34.92,66.67,4.76,4.93,True,True,True,False,True,False,True,True,80.0,Silver
242036,5,90.91,18.18,0,0.0,28.81,60.0,20.0,5.0,True,False,True,True,True,False,False,True,70.0,Silver
242037,4,100.0,0.0,0,0.0,55.56,75.0,25.0,5.0,True,True,True,True,False,False,False,True,70.0,Silver
242038,36,100.0,0.0,0,0.0,25.24,44.44,0.0,4.61,True,True,True,True,True,False,True,False,75.0,Silver
242039,19,100.0,0.0,0,0.0,40.99,57.89,5.26,4.44,True,True,True,True,True,False,True,False,75.0,Silver
242040,39,93.62,2.13,0,2.27,49.77,30.77,10.26,4.72,True,False,True,False,False,True,True,True,60.0,Retraining
242041,77,97.8,1.1,0,1.12,35.87,38.96,10.39,4.88,True,True,True,False,True,True,True,True,90.0,Gold
242042,49,92.98,0.0,0,3.77,52.45,51.02,8.16,4.73,True,True,True,False,False,False,True,True,65.0,Retraining
242043,37,97.62,0.0,0,0.0,33.69,29.73,13.51,4.88,True,True,True,True,True,True,True,True,100.0,Gold
242044,18,100.0,0.0,0,0.0,22.27,38.89,0.0,5.0,True,True,True,True,True,True,True,True,100.0,Gold
242045,45,94.55,0.0,0,0.0,38.51,46.67,4.44,4.61,True,True,True,True,True,False,True,False,75.0,Silver
242046,2,100.0,0.0,0,0.0,40.78,50.0,0.0,5.0,True,True,True,True,True,False,True,True,90.0,Gold
242047,8,27.27,4.55,0,8.33,57.68,37.5,12.5,5.0,False,False,True,False,False,True,True,True,45.0,Retraining
242048,6,85.71,0.0,0,0.0,35.03,33.33,0.0,4.83,False,True,True,True,True,True,True,True,85.0,Gold
242049,4,100.0,0.0,0,0.0,33.51,25.0,0.0,3.67,True,True,True,True,True,True,True,False,85.0,Gold
242050,2,100.0,33.33,0,0.0,17.2,0.0,0.0,5.0,True,False,True,True,True,True,True,True,85.0,Gold
242051,45,96.0,0.0,0,0.0,45.75,24.44,13.33,4.7,True,True,True,True,False,True,True,True,85.0,Gold
242052,41,85.96,7.02,0,0.0,47.1,46.34,19.51,4.64,False,False,True,True,False,False,False,False,25.0,Retraining
242053,5,75.0,0.0,0,0.0,38.08,80.0,20.0,4.8,False,True,True,True,True,False,False,True,70.0,Silver
242054,103,96.67,3.33,0,0.0,26.62,49.51,4.85,4.73,True,False,True,True,True,False,True,True,75.0,Silver
242055,15,95.24,14.29,0,0.0,27.22,20.0,6.67,4.67,True,False,True,True,True,True,True,False,70.0,Silver
242056,102,95.61,0.0,1,0.0,16.95,29.41,1.96,4.77,True,True,True,True,True,True,True,True,100.0,Gold
242057,9,100.0,0.0,0,10.0,38.76,55.56,11.11,5.0,True,True,True,False,True,False,True,True,80.0,Silver
242058,33,100.0,0.0,0,0.0,52.2,36.36,3.03,4.55,True,True,True,True,False,True,True,False,70.0,Silver
242059,9,69.23,0.0,0,0.0,57.15,22.22,22.22,5.0,False,True,True,True,False,True,False,True,65.0,Retraining
242060,110,100.0,0.0,0,0.88,29.46,28.18,1.82,4.85,True,True,True,True,True,True,True,True,100.0,Gold
242061,9,100.0,0.0,0,0.0,57.32,33.33,44.44,5.0,True,True,True,True,False,True,False,True,80.0,Silver
242062,70,98.77,0.0,0,0.0,40.47,32.86,7.14,4.72,True,True,True,True,True,True,True,True,100.0,Gold
242063,3,100.0,0.0,0,0.0,27.21,0.0,0.0,5.0,True,True,True,True,True,True,True,True,100.0,Gold
242064,22,85.19,0.0,0,0.0,31.56,45.45,13.64,4.92,False,True,True,True,True,False,True,True,75.0,Silver
242065,81,86.73,3.06,0,0.0,8.39,2.47,1.23,5.0,False,False,True,True,True,True,True,True,70.0,Silver
242066,45,96.0,0.0,0,0.0,18.63,35.56,0.0,4.73,True,True,True,True,True,True,True,True,100.0,Gold
242067,55,98.48,0.0,0,1.54,33.84,52.73,1.82,4.72,True,True,True,False,True,False,True,True,80.0,Silver
242068,65,92.5,0.0,0,0.0,26.95,53.85,12.31,4.93,True,True,True,True,True,False,True,True,90.0,Gold
242069,9,100.0,0.0,0,0.0,36.06,55.56,11.11,4.89,True,True,True,True,True,False,True,True,90.0,Gold
242070,60,94.29,1.43,0,0.0,28.18,51.67,0.0,4.86,True,True,True,True,True,False,True,True,90.0,Gold
242071,15,100.0,0.0,0,0.0,49.25,40.0,46.67,5.0,True,True,True,True,False,True,False,True,80.0,Silver
242072,60,87.5,0.0,0,1.43,50.26,30.0,23.33,4.65,False,True,True,False,False,True,False,False,40.0,Retraining
242073,113,99.2,0.0,0,0.81,20.22,58.41,7.08,4.82,True,True,True,True,True,False,True,True,90.0,Gold
242074,45,92.31,0.0,0,0.0,35.79,40.0,15.56,4.85,True,True,True,True,True,True,False,True,95.0,Gold
242075,34,100.0,0.0,0,0.0,39.02,20.59,11.76,4.79,True,True,True,True,True,True,True,True,100.0,Gold
242076,30,100.0,0.0,0,0.0,25.94,36.67,0.0,4.95,True,True,True,True,True,True,True,True,100.0,Gold
242077,96,90.08,1.65,0,0.0,37.09,39.58,14.58,4.87,True,True,True,True,True,True,True,True,100.0,Gold
242078,51,85.71,1.59,0,0.0,50.79,39.22,17.65,4.85,False,True,True,True,False,True,False,True,65.0,Retraining
242079,45,94.34,1.89,0,0.0,26.74,44.44,22.22,4.78,True,True,True,True,True,False,False,True,85.0,Gold
242080,34,91.89,0.0,0,0.0,28.59,41.18,14.71,4.5,True,True,True,True,True,False,True,False,75.0,Silver
242081,27,100.0,0.0,0,0.0,55.03,48.15,11.11,4.93,True,True,True,True,False,False,True,True,75.0,Silver
242082,41,90.74,3.7,0,2.04,39.34,46.34,9.76,4.44,True,False,True,False,True,False,True,False,50.0,Retraining
242083,35,95.0,0.0,0,0.0,27.43,57.14,0.0,4.8,True,True,True,True,True,False,True,True,90.0,Gold
242084,43,90.57,1.89,0,0.0,34.36,41.86,16.28,4.79,True,True,True,True,True,False,False,True,85.0,Gold
242085,119,99.26,0.0,0,0.0,34.01,41.18,14.29,4.83,True,True,True,True,True,False,True,True,90.0,Gold
242086,3,100.0,0.0,0,0.0,64.11,33.33,33.33,4.0,True,True,True,True,False,True,False,False,65.0,Retraining
242087,127,97.16,0.71,0,0.73,17.28,35.43,5.51,4.75,True,True,True,True,True,True,True,True,100.0,Gold
242088,28,100.0,0.0,0,0.0,48.19,35.71,17.86,5.0,True,True,True,True,False,True,False,True,80.0,Silver
242089,12,92.86,0.0,0,0.0,30.92,25.0,8.33,3.33,True,True,True,True,True,True,True,False,85.0,Gold
242090,2,100.0,0.0,0,0.0,258.04,0.0,100.0,5.0,True,True,True,True,False,True,False,True,80.0,Silver
242091,2,100.0,33.33,0,0.0,41.06,50.0,50.0,,True,False,True,True,True,False,False,False,55.0,Retraining
242092,37,97.62,0.0,0,0.0,34.07,27.03,10.81,4.53,True,True,True,True,True,True,True,False,85.0,Gold
242093,35,97.62,0.0,0,0.0,51.43,28.57,2.86,4.85,True,True,True,True,False,True,True,True,85.0,Gold
242094,48,89.29,0.0,0,0.0,33.78,22.92,10.42,4.53,False,True,True,True,True,True,True,False,70.0,Silver
242095,28,93.94,3.03,0,0.0,38.85,21.43,10.71,4.9,True,False,True,True,True,True,True,True,85.0,Gold
242096,37,95.12,4.88,0,0.0,44.89,29.73,18.92,4.92,True,False,True,True,True,True,False,True,80.0,Silver
242097,31,95.24,0.0,0,5.0,42.41,35.48,6.45,4.84,True,True,True,False,True,True,True,True,90.0,Gold
242098,46,80.0,0.0,0,1.92,41.73,50.0,10.87,4.75,False,True,True,False,True,False,True,True,65.0,Retraining
242099,54,93.65,0.0,0,0.0,37.45,40.74,25.93,4.47,True,True,True,True,True,False,False,False,70.0,Silver
242100,27,82.5,2.5,0,0.0,27.22,55.56,11.11,4.79,False,False,True,True,True,False,True,True,60.0,Retraining
242101,93,98.11,1.89,0,0.96,23.64,54.84,6.45,4.75,True,True,True,True,True,False,True,True,90.0,Gold
242102,24,83.33,0.0,0,0.0,28.81,50.0,20.83,4.73,False,True,True,True,True,False,False,True,70.0,Silver
242103,43,90.38,0.0,0,0.0,23.36,25.58,9.3,4.91,True,True,True,True,True,True,True,True,100.0,Gold
242104,13,100.0,0.0,0,0.0,45.25,38.46,15.38,4.89,True,True,True,True,False,True,False,True,80.0,Silver
242105,101,92.5,0.83,0,0.0,22.7,47.52,2.97,4.54,True,True,True,True,True,False,True,False,75.0,Silver
242106,12,100.0,6.67,0,0.0,51.61,50.0,25.0,4.71,True,False,True,True,False,False,False,True,55.0,Retraining
242107,36,100.0,0.0,0,4.44,39.99,30.56,16.67,4.68,True,True,True,False,True,True,False,False,70.0,Silver
242108,5,80.0,30.0,0,0.0,63.58,0.0,40.0,5.0,False,False,True,True,False,True,False,True,50.0,Retraining
242109,55,98.44,0.0,0,0.0,51.97,32.73,3.64,4.55,True,True,True,True,False,True,True,False,70.0,Silver
242110,56,84.27,3.37,1,1.33,28.03,35.71,3.57,4.8,False,False,True,False,True,True,True,True,60.0,Retraining
242111,28,94.12,0.0,0,0.0,31.41,32.14,0.0,4.78,True,True,True,True,True,True,True,True,100.0,Gold
242112,19,73.53,0.0,0,8.0,51.35,36.84,5.26,5.0,False,True,True,False,False,True,True,True,60.0,Retraining
242113,7,24.62,0.0,0,6.25,79.61,57.14,42.86,5.0,False,True,True,False,False,False,False,True,45.0,Retraining
242114,4,85.71,28.57,0,0.0,16.71,50.0,0.0,5.0,False,False,True,True,True,False,True,True,60.0,Retraining
242115,37,95.12,0.0,0,0.0,41.19,45.95,24.32,4.92,True,True,True,True,True,False,False,True,85.0,Gold
242116,11,87.5,18.75,0,0.0,36.68,18.18,9.09,4.6,False,False,True,True,True,True,True,False,55.0,Retraining
242117,27,93.02,0.0,0,0.0,34.68,44.44,7.41,4.82,True,True,True,True,True,False,True,True,90.0,Gold
242118,61,100.0,0.0,0,0.0,52.05,36.07,13.11,4.52,True,True,True,True,False,True,True,False,70.0,Silver
242119,57,98.41,0.0,0,0.0,33.52,45.61,8.77,4.62,True,True,True,True,True,False,True,False,75.0,Silver
242120,4,100.0,0.0,0,0.0,47.39,25.0,25.0,5.0,True,True,True,True,False,True,False,True,80.0,Silver
242121,16,94.74,0.0,0,0.0,42.34,50.0,18.75,4.86,True,True,True,True,True,False,False,True,85.0,Gold
242122,30,87.5,0.0,0,0.0,37.89,36.67,23.33,4.48,False,True,True,True,True,True,False,False,65.0,Retraining
242123,46,75.29,3.53,1,1.56,41.06,63.04,13.04,4.59,False,False,True,False,True,False,True,False,35.0,Retraining
242124,60,88.0,2.67,1,0.0,39.1,46.67,10.0,4.86,False,False,True,True,True,False,True,True,60.0,Retraining
242125,4,80.0,0.0,0,0.0,22.79,50.0,0.0,5.0,False,True,True,True,True,False,True,True,75.0,Silver
242126,7,100.0,0.0,0,0.0,39.58,71.43,0.0,5.0,True,True,True,True,True,False,True,True,90.0,Gold
242127,99,97.46,3.39,0,0.0,30.1,52.53,5.05,4.92,True,False,True,True,True,False,True,True,75.0,Silver
242128,39,97.5,0.0,0,0.0,26.85,53.85,7.69,4.82,True,True,True,True,True,False,True,True,90.0,Gold
242129,11,100.0,0.0,0,0.0,48.39,54.55,27.27,5.0,True,True,True,True,False,False,False,True,70.0,Silver
242130,29,97.06,0.0,0,0.0,46.06,41.38,6.9,5.0,True,True,True,True,False,False,True,True,75.0,Silver
242131,63,93.67,1.27,0,0.0,41.61,49.21,7.94,4.84,True,True,True,True,True,False,True,True,90.0,Gold
242132,15,55.05,2.75,0,21.67,34.73,40.0,26.67,4.67,False,False,True,False,True,True,False,False,40.0,Retraining
242133,5,46.67,6.67,0,0.0,48.98,100.0,0.0,4.67,False,False,True,True,False,False,True,False,30.0,Retraining
242134,11,100.0,0.0,0,0.0,26.61,45.45,0.0,4.43,True,True,True,True,True,False,True,False,75.0,Silver
242135,28,100.0,0.0,0,0.0,39.68,35.71,10.71,4.25,True,True,True,True,True,True,True,False,85.0,Gold
242136,26,96.67,0.0,0,0.0,53.87,38.46,15.38,4.55,True,True,True,True,False,True,False,False,65.0,Retraining
242137,23,84.85,6.06,0,0.0,48.92,52.17,4.35,4.71,False,False,True,True,False,False,True,True,45.0,Retraining
242138,39,100.0,0.0,0,0.0,33.15,58.97,12.82,4.91,True,True,True,True,True,False,True,True,90.0,Gold
242139,17,100.0,4.35,0,0.0,52.85,64.71,17.65,4.8,True,False,True,True,False,False,False,True,55.0,Retraining
242140,13,93.33,0.0,0,0.0,45.93,15.38,7.69,4.44,True,True,True,True,False,True,True,False,70.0,Silver
242141,110,100.0,0.86,0,0.0,19.46,38.18,1.82,4.78,True,True,True,True,True,True,True,True,100.0,Gold
242142,48,91.07,0.0,0,0.0,33.63,18.75,8.33,4.96,True,True,True,True,True,True,True,True,100.0,Gold
242143,76,94.19,0.0,0,0.0,20.08,53.95,7.89,4.56,True,True,True,True,True,False,True,False,75.0,Silver
242144,21,87.1,9.68,0,0.0,45.59,57.14,4.76,4.58,False,False,True,True,False,False,True,False,30.0,Retraining
242145,7,50.0,0.0,0,0.0,84.66,71.43,14.29,4.67,False,True,True,True,False,False,True,False,45.0,Retraining
242146,4,61.11,0.0,0,0.0,43.36,75.0,50.0,5.0,False,True,True,True,True,False,False,True,70.0,Silver
242147,9,100.0,0.0,0,0.0,23.29,22.22,11.11,4.38,True,True,True,True,True,True,True,False,85.0,Gold
242148,127,99.27,0.0,0,0.0,25.04,63.78,11.02,4.65,True,True,True,True,True,False,True,False,75.0,Silver
242149,22,55.56,2.22,0,0.0,51.58,31.82,22.73,4.57,False,False,True,True,False,True,False,False,35.0,Retraining
242150,58,92.0,4.0,0,0.0,32.03,39.66,15.52,4.88,True,False,True,True,True,True,False,True,80.0,Silver
242151,49,76.81,1.45,0,0.0,45.09,36.73,2.04,4.5,False,True,True,True,False,True,True,False,55.0,Retraining
242152,3,60.0,0.0,0,0.0,48.18,33.33,0.0,5.0,False,True,True,True,False,True,True,True,70.0,Silver
242153,39,91.84,0.0,0,0.0,43.37,41.03,5.13,4.17,True,True,True,True,True,False,True,False,75.0,Silver
242154,66,93.9,1.22,0,0.0,47.83,60.61,15.15,4.53,True,True,True,True,False,False,False,False,55.0,Retraining
242155,42,98.21,0.0,0,0.0,34.56,47.62,0.0,4.67,True,True,True,True,True,False,True,False,75.0,Silver
242156,22,100.0,0.0,0,0.0,47.83,63.64,0.0,4.75,True,True,True,True,False,False,True,True,75.0,Silver
242157,54,90.36,0.0,0,9.33,41.3,46.3,24.07,4.81,True,True,True,False,True,False,False,True,75.0,Silver
242158,5,55.56,0.0,0,0.0,42.08,60.0,20.0,5.0,False,True,True,True,True,False,False,True,70.0,Silver
242159,2,100.0,0.0,0,0.0,68.66,50.0,0.0,,True,True,True,True,False,False,True,False,60.0,Retraining
242160,157,98.26,0.0,0,0.0,19.0,45.22,8.92,4.63,True,True,True,True,True,False,True,False,75.0,Silver
242161,67,94.74,0.0,0,0.0,38.83,43.28,10.45,4.9,True,True,True,True,True,False,True,True,90.0,Gold
242162,67,92.5,1.25,0,0.0,17.99,32.84,0.0,4.47,True,True,True,True,True,True,True,False,85.0,Gold
242163,74,89.77,1.14,0,0.0,55.31,45.95,18.92,4.56,False,True,True,True,False,False,False,False,40.0,Retraining
242164,6,19.44,0.0,0,0.0,81.59,50.0,33.33,5.0,False,True,True,True,False,False,False,True,55.0,Retraining
242165,38,95.12,0.0,0,0.0,37.09,55.26,5.26,4.79,True,True,True,True,True,False,True,True,90.0,Gold
242166,63,97.18,0.0,0,0.0,17.86,41.27,3.17,4.67,True,True,True,True,True,False,True,False,75.0,Silver
242167,82,97.73,0.0,0,0.0,20.93,47.56,3.66,4.79,True,True,True,True,True,False,True,True,90.0,Gold
242168,26,97.06,0.0,0,0.0,27.86,50.0,11.54,4.85,True,True,True,True,True,False,True,True,90.0,Gold
242169,25,82.86,2.86,0,0.0,44.95,52.0,24.0,4.84,False,False,True,True,True,False,False,True,55.0,Retraining
242170,97,99.05,0.95,0,0.0,27.45,38.14,17.53,4.88,True,True,True,True,True,True,False,True,95.0,Gold
242171,10,62.5,0.0,0,0.0,44.78,20.0,0.0,4.5,False,True,True,True,True,True,True,False,70.0,Silver
242172,40,97.78,0.0,0,0.0,34.86,27.5,7.5,4.81,True,True,True,True,True,True,True,True,100.0,Gold
242173,33,93.33,2.22,0,0.0,37.39,36.36,12.12,4.9,True,False,True,True,True,True,True,True,85.0,Gold
242174,79,97.03,0.0,0,0.0,39.12,50.63,0.0,4.49,True,True,True,True,True,False,True,False,75.0,Silver
242175,15,100.0,0.0,0,0.0,34.5,20.0,0.0,4.8,True,True,True,True,True,True,True,True,100.0,Gold
242176,34,85.42,0.0,0,2.44,60.49,29.41,0.0,4.95,False,True,True,False,False,True,True,True,60.0,Retraining
242177,137,97.32,0.0,0,0.0,20.96,54.01,8.03,4.64,True,True,True,True,True,False,True,False,75.0,Silver
242178,16,100.0,0.0,0,0.0,38.12,50.0,6.25,5.0,True,True,True,True,True,False,True,True,90.0,Gold
242179,17,56.52,2.17,0,7.69,36.58,58.82,0.0,4.63,False,False,True,False,True,False,True,False,35.0,Retraining
242180,63,91.03,0.0,0,0.0,42.16,26.98,14.29,4.74,True,True,True,True,True,True,True,True,100.0,Gold
242181,8,60.0,0.0,0,0.0,57.15,12.5,12.5,4.2,False,True,True,True,False,True,True,False,55.0,Retraining
242182,73,84.38,2.08,0,0.0,42.21,31.51,13.7,4.66,False,False,True,True,True,True,True,False,55.0,Retraining
242183,20,83.33,0.0,0,0.0,25.7,15.0,10.0,4.38,False,True,True,True,True,True,True,False,70.0,Silver
242184,9,100.0,0.0,0,0.0,49.72,55.56,0.0,4.67,True,True,True,True,False,False,True,False,60.0,Retraining
242185,13,85.71,14.29,0,0.0,39.02,23.08,7.69,5.0,False,False,True,True,True,True,True,True,70.0,Silver
242186,8,83.33,8.33,0,0.0,49.23,75.0,25.0,5.0,False,False,True,True,False,False,False,True,40.0,Retraining
242187,62,92.41,0.0,0,0.0,39.55,30.65,8.06,4.86,True,True,True,True,True,True,True,True,100.0,Gold
242188,59,100.0,0.0,1,0.0,24.92,40.68,3.39,4.9,True,True,True,True,True,False,True,True,90.0,Gold
242189,27,89.47,2.63,0,0.0,46.73,29.63,22.22,4.62,False,False,True,True,False,True,False,False,35.0,Retraining
242190,16,100.0,0.0,0,0.0,60.74,31.25,6.25,4.8,True,True,True,True,False,True,True,True,85.0,Gold
242191,106,97.32,0.0,0,0.0,12.18,5.66,0.94,4.78,True,True,True,True,True,True,True,True,100.0,Gold
242192,82,91.84,0.0,0,0.0,43.8,40.24,10.98,4.92,True,True,True,True,True,False,True,True,90.0,Gold
242193,38,95.0,0.0,0,0.0,32.2,34.21,5.26,5.0,True,True,True,True,True,True,True,True,100.0,Gold
242194,10,76.47,11.76,0,0.0,6.6,10.0,0.0,5.0,False,False,True,True,True,True,True,True,70.0,Silver
242195,20,91.67,4.17,0,4.55,41.21,40.0,5.0,5.0,True,False,True,False,True,True,True,True,75.0,Silver
242196,9,64.71,0.0,0,0.0,34.44,33.33,11.11,4.2,False,True,True,True,True,True,True,False,70.0,Silver
242197,127,97.26,0.68,0,0.7,29.14,54.33,6.3,4.76,True,True,True,True,True,False,True,True,90.0,Gold
242198,38,77.78,1.85,0,0.0,42.13,55.26,0.0,4.91,False,True,True,True,True,False,True,True,75.0,Silver
242199,117,98.41,0.0,0,0.0,24.33,50.43,12.82,4.78,True,True,True,True,True,False,True,True,90.0,Gold
242200,13,78.26,8.7,0,0.0,35.96,69.23,7.69,4.09,False,False,True,True,True,False,True,False,45.0,Retraining
242201,33,100.0,6.98,0,0.0,32.05,42.42,3.03,4.64,True,False,True,True,True,False,True,False,60.0,Retraining
242202,123,98.47,0.0,0,0.0,21.97,33.33,8.13,4.84,True,True,True,True,True,True,True,True,100.0,Gold
242203,28,97.37,5.26,0,0.0,45.8,46.43,7.14,4.65,True,False,True,True,False,False,True,False,45.0,Retraining
242204,138,89.76,0.0,0,0.0,23.54,41.3,0.72,4.83,False,True,True,True,True,False,True,True,75.0,Silver
242205,18,100.0,0.0,0,0.0,40.18,27.78,5.56,4.67,True,True,True,True,True,True,True,False,85.0,Gold
242206,100,96.43,0.0,0,0.0,24.57,29.0,2.0,4.89,True,True,True,True,True,True,True,True,100.0,Gold
242207,23,77.78,0.0,0,0.0,53.95,30.43,13.04,5.0,False,True,True,True,False,True,True,True,70.0,Silver
242208,36,88.0,0.0,0,2.27,35.11,50.0,8.33,4.47,False,True,True,False,True,False,True,False,50.0,Retraining
242209,8,72.73,0.0,0,0.0,63.07,37.5,12.5,5.0,False,True,True,True,False,True,True,True,70.0,Silver
242210,13,56.67,3.33,0,0.0,58.75,30.77,15.38,4.71,False,False,True,True,False,True,False,True,50.0,Retraining
242211,27,97.06,2.94,0,3.03,36.52,37.04,3.7,4.94,True,False,True,False,True,True,True,True,75.0,Silver
242212,67,96.0,0.0,0,0.0,51.37,40.3,10.45,4.59,True,True,True,True,False,False,True,False,60.0,Retraining
242213,2,100.0,0.0,0,0.0,30.79,0.0,0.0,5.0,True,True,True,True,True,True,True,True,100.0,Gold
242214,48,94.83,0.0,0,1.82,45.65,43.75,6.25,4.79,True,True,True,False,False,False,True,True,65.0,Retraining
242215,39,89.36,0.0,0,2.38,28.9,41.03,0.0,4.52,False,True,True,False,True,False,True,False,50.0,Retraining
242216,17,61.29,0.0,0,0.0,52.4,35.29,0.0,4.44,False,True,True,True,False,True,True,False,55.0,Retraining
242217,20,100.0,0.0,0,0.0,45.13,25.0,5.0,4.88,True,True,True,True,False,True,True,True,85.0,Gold
242218,25,100.0,0.0,0,0.0,43.82,40.0,4.0,4.55,True,True,True,True,True,True,True,False,85.0,Gold
242219,46,92.59,0.0,0,0.0,43.84,39.13,10.87,4.9,True,True,True,True,True,True,True,True,100.0,Gold
242220,27,78.38,0.0,0,0.0,44.41,48.15,25.93,5.0,False,True,True,True,True,False,False,True,70.0,Silver
242221,96,99.1,0.0,0,0.0,32.9,40.63,5.21,4.49,True,True,True,True,True,False,True,False,75.0,Silver
242222,52,91.94,0.0,0,0.0,47.14,50.0,21.15,4.69,True,True,True,True,False,False,False,False,55.0,Retraining
242223,137,98.65,0.0,1,0.0,18.44,35.04,8.76,4.67,True,True,True,True,True,True,True,False,85.0,Gold
242224,33,100.0,0.0,0,0.0,40.15,63.64,39.39,4.83,True,True,True,True,True,False,False,True,85.0,Gold
242225,39,95.56,0.0,0,0.0,42.7,58.97,17.95,4.92,True,True,True,True,True,False,False,True,85.0,Gold
242226,57,100.0,0.0,0,0.0,15.9,50.88,19.3,4.63,True,True,True,True,True,False,False,False,70.0,Silver
242227,32,84.78,0.0,0,2.56,31.8,50.0,6.25,4.83,False,True,True,False,True,False,True,True,65.0,Retraining
242228,103,99.16,0.0,0,0.0,25.27,45.63,7.77,4.81,True,True,True,True,True,False,True,True,90.0,Gold
242229,91,87.27,0.0,0,1.04,41.63,37.36,19.78,4.77,False,True,True,False,True,True,False,True,70.0,Silver
242230,59,90.41,1.37,0,0.0,43.69,42.37,11.86,4.81,True,True,True,True,True,False,True,True,90.0,Gold
242231,42,95.83,0.0,0,0.0,40.02,52.38,7.14,4.69,True,True,True,True,True,False,True,False,75.0,Silver
242232,9,64.71,0.0,0,0.0,53.03,44.44,0.0,4.83,False,True,True,True,False,False,True,True,60.0,Retraining
242233,108,100.0,0.9,0,0.0,25.45,44.44,9.26,4.7,True,True,True,True,True,False,True,True,90.0,Gold
242234,12,92.31,0.0,0,0.0,27.69,33.33,0.0,4.5,True,True,True,True,True,True,True,False,85.0,Gold
242235,9,85.71,0.0,1,0.0,66.83,55.56,11.11,3.67,False,True,True,True,False,False,True,False,45.0,Retraining
242236,77,97.56,0.0,0,0.0,27.1,41.56,3.9,4.67,True,True,True,True,True,False,True,False,75.0,Silver
242237,9,90.0,0.0,0,0.0,27.11,33.33,0.0,4.67,True,True,True,True,True,True,True,False,85.0,Gold
242238,2,100.0,60.0,0,0.0,41.4,50.0,50.0,5.0,True,False,True,True,True,False,False,True,70.0,Silver
242239,18,100.0,0.0,0,0.0,42.41,44.44,11.11,4.75,True,True,True,True,True,False,True,True,90.0,Gold
242240,57,86.96,0.0,0,0.0,46.23,31.58,14.04,4.76,False,True,True,True,False,True,True,True,70.0,Silver
242241,53,65.96,0.0,0,1.61,39.56,49.06,20.75,4.63,False,True,True,False,True,False,False,False,45.0,Retraining
242242,40,91.49,0.0,0,0.0,32.91,45.0,17.5,4.67,True,True,True,True,True,False,False,False,70.0,Silver
242243,36,100.0,0.0,0,0.0,42.35,27.78,5.56,4.71,True,True,True,True,True,True,True,True,100.0,Gold
242244,117,96.97,0.0,0,0.0,22.97,47.01,0.85,4.79,True,True,True,True,True,False,True,True,90.0,Gold
242245,5,100.0,0.0,0,0.0,50.66,0.0,0.0,5.0,True,True,True,True,False,True,True,True,85.0,Gold
242246,23,88.89,3.7,0,0.0,41.08,43.48,4.35,4.67,False,False,True,True,True,False,True,False,45.0,Retraining
242247,4,80.0,40.0,0,0.0,63.04,50.0,0.0,5.0,False,False,True,True,False,False,True,True,45.0,Retraining
242248,9,42.86,0.0,0,0.0,55.24,44.44,33.33,4.25,False,True,True,True,False,False,False,False,40.0,Retraining
242249,35,90.0,0.0,0,0.0,33.26,48.57,14.29,4.81,True,True,True,True,True,False,True,True,90.0,Gold
242250,37,93.48,0.0,0,0.0,30.06,29.73,10.81,4.94,True,True,True,True,True,True,True,True,100.0,Gold
242251,76,95.29,0.0,0,0.0,28.55,27.63,10.53,4.7,True,True,True,True,True,True,True,True,100.0,Gold
242252,9,100.0,0.0,0,0.0,33.78,22.22,11.11,4.2,True,True,True,True,True,True,True,False,85.0,Gold
242253,15,88.89,0.0,0,0.0,45.46,80.0,33.33,5.0,False,True,True,True,False,False,False,True,55.0,Retraining
242254,51,98.21,0.0,0,0.0,33.55,43.14,15.69,4.76,True,True,True,True,True,False,False,True,85.0,Gold
242255,6,70.0,0.0,0,0.0,56.37,16.67,16.67,4.75,False,True,True,True,False,True,False,True,65.0,Retraining
242256,6,100.0,0.0,0,0.0,63.63,33.33,16.67,,True,True,True,True,False,True,False,False,65.0,Retraining
242257,54,100.0,0.0,0,0.0,39.68,50.0,12.96,4.73,True,True,True,True,True,False,True,True,90.0,Gold
242258,116,98.4,0.0,0,0.0,23.19,25.86,0.86,4.65,True,True,True,True,True,True,True,False,85.0,Gold
242259,130,100.0,0.0,0,0.0,21.0,43.85,6.92,4.65,True,True,True,True,True,False,True,False,75.0,Silver
242260,99,99.1,0.9,0,0.0,34.11,48.48,3.03,4.73,True,True,True,True,True,False,True,True,90.0,Gold
242261,35,91.3,0.0,0,0.0,42.27,48.57,5.71,4.75,True,True,True,True,True,False,True,True,90.0,Gold
242262,25,90.91,3.03,0,0.0,59.58,40.0,12.0,4.56,True,False,True,True,False,True,True,False,55.0,Retraining
242263,67,97.5,0.0,0,0.0,19.4,38.81,7.46,4.92,True,True,True,True,True,True,True,True,100.0,Gold
242264,72,97.59,0.0,0,2.47,21.07,37.5,6.94,4.83,True,True,True,False,True,True,True,True,90.0,Gold
242265,30,78.26,0.0,0,0.0,49.97,50.0,23.33,4.96,False,True,True,True,False,False,False,True,55.0,Retraining
242266,5,71.43,0.0,0,0.0,46.14,80.0,0.0,4.75,False,True,True,True,False,False,True,True,60.0,Retraining
242267,2,100.0,33.33,0,0.0,12.3,0.0,0.0,5.0,True,False,True,True,True,True,True,True,85.0,Gold
242268,39,98.0,0.0,0,0.0,34.57,17.95,17.95,4.92,True,True,True,True,True,True,False,True,95.0,Gold
242269,22,100.0,3.7,0,3.7,32.23,22.73,13.64,4.92,True,False,True,False,True,True,True,True,75.0,Silver
242270,30,94.74,2.63,0,0.0,35.35,33.33,10.0,4.71,True,False,True,True,True,True,True,True,85.0,Gold
242271,18,100.0,0.0,0,0.0,32.77,38.89,0.0,5.0,True,True,True,True,True,True,True,True,100.0,Gold
242272,26,86.84,0.0,0,0.0,47.18,23.08,15.38,4.9,False,True,True,True,False,True,False,True,65.0,Retraining
242273,13,93.33,0.0,0,0.0,39.19,61.54,0.0,4.6,True,True,True,True,True,False,True,False,75.0,Silver
242274,3,100.0,0.0,0,0.0,34.9,0.0,0.0,,True,True,True,True,True,True,True,False,85.0,Gold
242275,123,89.33,0.0,0,0.75,32.45,52.85,11.38,4.67,False,True,True,True,True,False,True,False,60.0,Retraining
242276,9,100.0,0.0,0,0.0,46.91,88.89,11.11,4.83,True,True,True,True,False,False,True,True,75.0,Silver
242277,39,89.13,0.0,0,0.0,50.04,25.64,5.13,4.68,False,True,True,True,False,True,True,False,55.0,Retraining
242278,15,80.95,0.0,0,0.0,49.35,26.67,20.0,5.0,False,True,True,True,False,True,False,True,65.0,Retraining
242279,18,81.82,0.0,0,0.0,17.35,33.33,0.0,4.36,False,True,True,True,True,True,True,False,70.0,Silver
242280,55,91.04,1.49,0,1.64,40.11,30.91,3.64,4.63,True,True,True,False,True,True,True,False,75.0,Silver
242281,27,100.0,0.0,0,0.0,43.34,29.63,14.81,4.25,True,True,True,True,True,True,True,False,85.0,Gold
242282,116,98.54,0.73,0,0.74,22.35,55.17,5.17,4.87,True,True,True,True,True,False,True,True,90.0,Gold
242283,6,83.33,8.33,0,0.0,41.33,50.0,0.0,5.0,False,False,True,True,True,False,True,True,60.0,Retraining
242284,78,90.22,0.0,0,0.0,23.51,52.56,8.97,4.68,True,True,True,True,True,False,True,False,75.0,Silver
242285,63,79.52,0.0,0,0.0,32.49,26.98,1.59,4.83,False,True,True,True,True,True,True,True,85.0,Gold
242286,10,90.91,0.0,0,0.0,42.87,60.0,10.0,4.0,True,True,True,True,True,False,True,False,75.0,Silver
242287,64,100.0,0.0,0,0.0,26.23,43.75,3.13,4.87,True,True,True,True,True,False,True,True,90.0,Gold
242288,32,87.76,6.12,0,2.33,52.09,46.88,15.63,4.95,False,False,True,False,False,False,False,True,30.0,Retraining
242289,39,100.0,0.0,0,0.0,41.56,43.59,12.82,4.87,True,True,True,True,True,False,True,True,90.0,Gold
242290,46,98.15,7.41,0,0.0,50.72,41.3,23.91,4.63,True,False,True,True,False,False,False,False,40.0,Retraining
242291,11,92.31,0.0,0,0.0,87.94,45.45,9.09,4.9,True,True,True,True,False,False,True,True,75.0,Silver
242292,9,90.91,0.0,0,10.0,41.78,11.11,22.22,5.0,True,True,True,False,True,True,False,True,85.0,Gold
242293,71,95.24,0.0,0,1.25,41.78,46.48,9.86,4.81,True,True,True,False,True,False,True,True,80.0,Silver
242294,24,100.0,0.0,0,0.0,34.59,41.67,4.17,4.83,True,True,True,True,True,False,True,True,90.0,Gold
242295,31,100.0,0.0,0,0.0,19.86,58.06,0.0,4.61,True,True,True,True,True,False,True,False,75.0,Silver
242296,24,100.0,0.0,0,0.0,41.39,41.67,25.0,4.5,True,True,True,True,True,False,False,False,70.0,Silver
242297,45,92.73,1.82,0,1.96,34.74,53.33,2.22,4.72,True,True,True,False,True,False,True,True,80.0,Silver
242298,34,97.37,2.63,0,0.0,41.86,35.29,14.71,4.89,True,False,True,True,True,True,True,True,85.0,Gold
242299,18,100.0,5.0,0,0.0,34.04,50.0,5.56,4.8,True,False,True,True,True,False,True,True,75.0,Silver
242300,14,93.75,0.0,0,0.0,38.98,21.43,28.57,4.25,True,True,True,True,True,True,False,False,80.0,Silver
242301,32,100.0,0.0,0,0.0,53.41,28.13,0.0,4.71,True,True,True,True,False,True,True,True,85.0,Gold
242302,12,100.0,0.0,0,0.0,41.08,0.0,0.0,3.33,True,True,True,True,True,True,True,False,85.0,Gold
242303,9,83.33,0.0,0,0.0,40.17,44.44,11.11,4.75,False,True,True,True,True,False,True,True,75.0,Silver
242304,29,91.67,0.0,0,3.03,46.59,44.83,17.24,4.9,True,True,True,False,False,False,False,True,60.0,Retraining
242305,67,98.59,0.0,0,0.0,39.8,29.85,2.99,4.74,True,True,True,True,True,True,True,True,100.0,Gold
242306,11,100.0,0.0,0,0.0,47.22,27.27,18.18,4.6,True,True,True,True,False,True,False,False,65.0,Retraining
242307,23,100.0,0.0,0,0.0,46.58,47.83,4.35,4.0,True,True,True,True,False,False,True,False,60.0,Retraining
242308,74,84.26,5.56,0,2.2,32.45,22.97,8.11,4.86,False,False,True,False,True,True,True,True,60.0,Retraining
242309,11,46.15,5.13,0,0.0,29.9,63.64,9.09,5.0,False,False,True,True,True,False,True,True,60.0,Retraining
242310,30,97.62,0.0,0,0.0,40.34,60.0,20.0,4.85,True,True,True,True,True,False,False,True,85.0,Gold
242311,66,92.5,1.25,0,1.35,29.19,77.27,7.58,4.85,True,True,True,False,True,False,True,True,80.0,Silver
242312,99,99.12,0.0,0,0.0,31.05,42.42,3.03,4.93,True,True,True,True,True,False,True,True,90.0,Gold
242313,9,83.33,0.0,0,0.0,34.71,33.33,0.0,4.5,False,True,True,True,True,True,True,False,70.0,Silver
242314,41,95.35,0.0,0,0.0,39.01,41.46,12.2,4.9,True,True,True,True,True,False,True,True,90.0,Gold
242315,44,98.15,5.56,0,1.89,40.01,47.73,2.27,4.68,True,False,True,False,True,False,True,False,50.0,Retraining
242316,52,96.43,0.0,0,0.0,37.09,38.46,1.92,4.53,True,True,True,True,True,True,True,False,85.0,Gold
242317,38,63.64,1.52,0,2.38,50.25,39.47,15.79,4.74,False,True,True,False,False,True,False,True,55.0,Retraining
242318,109,94.4,0.0,0,0.0,31.92,44.95,11.01,4.62,True,True,True,True,True,False,True,False,75.0,Silver
242319,40,100.0,0.0,0,0.0,36.66,35.0,7.5,4.67,True,True,True,True,True,True,True,False,85.0,Gold
242320,30,100.0,0.0,0,0.0,49.88,36.67,20.0,4.79,True,True,True,True,False,True,False,True,80.0,Silver
242321,94,96.36,0.0,0,0.94,42.54,32.98,19.15,4.75,True,True,True,True,True,True,False,True,95.0,Gold
242322,100,98.25,0.0,0,1.79,23.41,38.0,6.0,4.56,True,True,True,False,True,True,True,False,75.0,Silver
242323,14,81.82,9.09,0,0.0,45.03,28.57,0.0,5.0,False,False,True,True,False,True,True,True,55.0,Retraining
242324,114,98.44,0.78,0,0.0,21.69,39.47,7.89,4.3,True,True,True,True,True,True,True,False,85.0,Gold
242325,12,100.0,0.0,0,0.0,47.15,66.67,25.0,5.0,True,True,True,True,False,False,False,True,70.0,Silver
242326,3,100.0,0.0,0,0.0,46.26,33.33,0.0,5.0,True,True,True,True,False,True,True,True,85.0,Gold
242327,24,96.43,0.0,0,0.0,26.8,41.67,4.17,4.57,True,True,True,True,True,False,True,False,75.0,Silver
242328,4,100.0,0.0,0,0.0,47.39,50.0,0.0,5.0,True,True,True,True,False,False,True,True,75.0,Silver
242329,18,95.0,0.0,0,0.0,63.5,50.0,22.22,4.89,True,True,True,True,False,False,False,True,70.0,Silver
242330,7,21.74,2.17,0,0.0,27.04,57.14,14.29,4.8,False,False,True,True,True,False,True,True,60.0,Retraining
242331,129,98.55,0.0,0,0.0,22.45,53.49,6.2,4.78,True,True,True,True,True,False,True,True,90.0,Gold
242332,63,96.25,0.0,0,0.0,49.5,22.22,12.7,4.81,True,True,True,True,False,True,True,True,85.0,Gold
242333,57,95.45,0.0,0,0.0,18.13,35.09,1.75,4.87,True,True,True,True,True,True,True,True,100.0,Gold
242334,4,100.0,0.0,0,0.0,44.59,25.0,25.0,5.0,True,True,True,True,True,True,False,True,95.0,Gold
242335,122,100.0,0.75,1,0.0,18.24,36.89,4.1,4.86,True,True,True,True,True,True,True,True,100.0,Gold
242336,39,86.27,1.96,0,0.0,18.0,20.51,0.0,5.0,False,True,True,True,True,True,True,True,85.0,Gold
242337,31,85.71,0.0,0,0.0,34.8,45.16,12.9,4.81,False,True,True,True,True,False,True,True,75.0,Silver
242338,62,87.21,1.16,0,0.0,49.34,51.61,32.26,4.83,False,True,True,True,False,False,False,True,55.0,Retraining
242339,30,91.89,0.0,0,0.0,36.99,46.67,16.67,4.71,True,True,True,True,True,False,False,True,85.0,Gold
242340,11,77.78,5.56,0,0.0,34.46,54.55,9.09,4.38,False,False,True,True,True,False,True,False,45.0,Retraining
242341,43,87.27,0.0,0,2.08,40.37,51.16,11.63,4.73,False,True,True,False,True,False,True,True,65.0,Retraining
242342,83,98.97,1.03,0,0.0,32.29,55.42,20.48,4.58,True,True,True,True,True,False,False,False,70.0,Silver
242343,27,93.1,0.0,0,0.0,43.21,66.67,7.41,4.4,True,True,True,True,True,False,True,False,75.0,Silver
242344,27,84.09,11.36,0,2.7,32.87,18.52,7.41,4.73,False,False,True,False,True,True,True,True,60.0,Retraining
242345,31,89.74,5.13,0,0.0,30.81,45.16,6.45,4.83,False,False,True,True,True,False,True,True,60.0,Retraining
242346,92,89.47,1.75,0,0.98,40.99,41.3,5.43,4.62,False,True,True,True,True,False,True,False,60.0,Retraining
242347,131,95.33,0.0,0,0.0,26.21,47.33,6.87,4.85,True,True,True,True,True,False,True,True,90.0,Gold
242348,28,100.0,3.33,0,0.0,28.71,39.29,14.29,4.92,True,False,True,True,True,True,True,True,85.0,Gold
242349,10,92.31,0.0,0,0.0,47.42,50.0,0.0,4.11,True,True,True,True,False,False,True,False,60.0,Retraining
242350,45,92.59,1.85,0,0.0,21.72,37.78,2.22,4.81,True,True,True,True,True,True,True,True,100.0,Gold
242351,23,100.0,0.0,0,0.0,23.99,65.22,4.35,4.94,True,True,True,True,True,False,True,True,90.0,Gold
242352,81,90.48,0.0,0,1.05,21.04,33.33,8.64,4.67,True,True,True,False,True,True,True,False,75.0,Silver
242353,31,91.11,8.89,0,0.0,36.76,51.61,9.68,4.73,True,False,True,True,True,False,True,True,75.0,Silver
242354,37,100.0,0.0,0,0.0,27.04,48.65,2.7,4.58,True,True,True,True,True,False,True,False,75.0,Silver
242355,46,96.49,0.0,0,0.0,52.17,36.96,0.0,4.6,True,True,True,True,False,True,True,False,70.0,Silver
242356,43,95.74,0.0,0,0.0,38.6,32.56,4.65,4.65,True,True,True,True,True,True,True,False,85.0,Gold
242357,4,80.0,0.0,0,0.0,38.92,75.0,50.0,5.0,False,True,True,True,True,False,False,True,70.0,Silver
242358,9,100.0,0.0,0,0.0,44.41,55.56,44.44,4.83,True,True,True,True,True,False,False,True,85.0,Gold
242359,33,83.33,0.0,0,0.0,27.61,66.67,12.12,4.72,False,True,True,True,True,False,True,True,75.0,Silver
242360,12,56.0,0.0,0,0.0,47.1,50.0,25.0,4.88,False,True,True,True,False,False,False,True,55.0,Retraining
242361,48,96.43,0.0,0,0.0,36.63,52.08,10.42,4.91,True,True,True,True,True,False,True,True,90.0,Gold
242362,31,78.57,0.0,0,0.0,32.7,70.97,0.0,4.8,False,True,True,True,True,False,True,True,75.0,Silver
242363,9,90.0,0.0,0,0.0,49.49,22.22,44.44,5.0,True,True,True,True,False,True,False,True,80.0,Silver
242364,18,100.0,0.0,0,0.0,47.56,50.0,16.67,4.92,True,True,True,True,False,False,False,True,70.0,Silver
242365,20,85.71,0.0,1,0.0,30.2,50.0,20.0,4.27,False,True,True,True,True,False,False,False,55.0,Retraining
242366,64,92.11,0.0,0,0.0,22.2,60.94,15.63,4.79,True,True,True,True,True,False,False,True,85.0,Gold
242367,9,51.35,8.11,0,10.53,43.43,33.33,11.11,4.83,False,False,True,False,True,True,True,True,60.0,Retraining
242368,19,95.24,0.0,0,0.0,38.26,47.37,5.26,4.85,True,True,True,True,True,False,True,True,90.0,Gold
242369,54,98.39,0.0,0,0.0,49.12,50.0,22.22,4.76,True,True,True,True,False,False,False,True,70.0,Silver
242370,25,92.59,0.0,0,0.0,41.81,32.0,4.0,4.65,True,True,True,True,True,True,True,False,85.0,Gold
242371,12,92.86,0.0,0,0.0,37.7,50.0,16.67,4.0,True,True,True,True,True,False,False,False,70.0,Silver
242372,21,100.0,4.35,0,0.0,23.27,66.67,4.76,5.0,True,False,True,True,True,False,True,True,75.0,Silver
242373,2,100.0,0.0,0,0.0,65.09,0.0,0.0,5.0,True,True,True,True,False,True,True,True,85.0,Gold
242374,19,100.0,0.0,0,0.0,39.62,31.58,15.79,4.77,True,True,True,True,True,True,False,True,95.0,Gold
242375,16,94.74,5.26,0,0.0,30.13,43.75,0.0,4.5,True,False,True,True,True,False,True,False,60.0,Retraining
242376,23,100.0,0.0,0,0.0,47.06,26.09,4.35,4.8,True,True,True,True,False,True,True,True,85.0,Gold
242377,97,96.36,0.0,0,0.0,44.19,43.3,2.06,4.6,True,True,True,True,True,False,True,False,75.0,Silver
242378,21,87.5,0.0,0,0.0,41.71,19.05,9.52,4.78,False,True,True,True,True,True,True,True,85.0,Gold
242379,8,100.0,0.0,0,0.0,43.22,12.5,12.5,4.0,True,True,True,True,True,True,True,False,85.0,Gold
242380,45,89.83,0.0,0,0.0,28.26,31.11,8.89,4.91,False,True,True,True,True,True,True,True,85.0,Gold
242381,52,85.51,2.9,0,0.0,18.06,40.38,11.54,4.81,False,False,True,True,True,False,True,True,60.0,Retraining
242382,4,45.45,0.0,0,0.0,47.02,50.0,25.0,5.0,False,True,True,True,False,False,False,True,55.0,Retraining
242383,52,98.25,0.0,0,0.0,41.16,34.62,5.77,4.81,True,True,True,True,True,True,True,True,100.0,Gold
242384,28,65.96,0.0,0,0.0,46.12,32.14,3.57,4.73,False,True,True,True,False,True,True,True,70.0,Silver
242385,85,96.84,2.11,1,0.0,35.27,23.53,12.94,4.73,True,False,True,True,True,True,True,True,85.0,Gold
242386,121,98.53,0.0,0,0.0,35.88,44.63,9.09,4.59,True,True,True,True,True,False,True,False,75.0,Silver
242387,21,100.0,0.0,0,0.0,46.28,52.38,0.0,4.88,True,True,True,True,False,False,True,True,75.0,Silver
242388,28,100.0,0.0,0,0.0,35.34,60.71,17.86,4.76,True,True,True,True,True,False,False,True,85.0,Gold
242389,109,99.17,0.83,0,0.84,20.84,44.04,7.34,4.68,True,True,True,True,True,False,True,False,75.0,Silver
242390,14,100.0,12.5,0,0.0,39.15,50.0,7.14,4.82,True,False,True,True,True,False,True,True,75.0,Silver
242391,13,93.75,0.0,0,0.0,38.23,69.23,0.0,4.8,True,True,True,True,True,False,True,True,90.0,Gold
242392,74,80.61,0.0,0,0.0,36.15,29.73,9.46,4.84,False,True,True,True,True,True,True,True,85.0,Gold
242393,39,100.0,0.0,0,0.0,44.78,48.72,12.82,4.46,True,True,True,True,True,False,True,False,75.0,Silver
242394,100,94.5,0.0,0,0.0,25.39,55.0,15.0,4.83,True,True,True,True,True,False,True,True,90.0,Gold
242395,42,98.0,0.0,0,0.0,38.19,33.33,4.76,4.81,True,True,True,True,True,True,True,True,100.0,Gold
242396,18,91.3,8.7,0,0.0,37.2,38.89,5.56,4.44,True,False,True,True,True,True,True,False,70.0,Silver
242397,32,100.0,2.94,0,0.0,39.95,59.38,21.88,4.85,True,False,True,True,True,False,False,True,70.0,Silver
242398,14,100.0,0.0,0,0.0,44.4,35.71,21.43,4.29,True,True,True,True,True,True,False,False,80.0,Silver
242399,26,100.0,0.0,0,0.0,51.58,34.62,7.69,4.33,True,True,True,True,False,True,True,False,70.0,Silver
242400,33,100.0,0.0,0,0.0,39.8,30.3,12.12,4.9,True,True,True,True,True,True,True,True,100.0,Gold
242401,20,67.57,0.0,0,0.0,38.36,30.0,40.0,4.59,False,True,True,True,True,True,False,False,65.0,Retraining
242402,49,98.21,0.0,0,1.82,34.81,51.02,0.0,4.7,True,True,True,False,True,False,True,True,80.0,Silver
242403,49,95.31,3.13,0,1.64,23.92,22.45,16.33,4.9,True,False,True,False,True,True,False,True,70.0,Silver
242404,124,97.06,0.0,0,0.0,23.21,49.19,5.65,4.9,True,True,True,True,True,False,True,True,90.0,Gold
242405,13,100.0,0.0,0,0.0,65.27,38.46,7.69,4.2,True,True,True,True,False,True,True,False,70.0,Silver
242406,12,100.0,0.0,0,0.0,57.1,16.67,8.33,4.8,True,True,True,True,False,True,True,True,85.0,Gold
242407,24,96.97,0.0,0,0.0,43.57,41.67,8.33,4.79,True,True,True,True,True,False,True,True,90.0,Gold
242408,28,75.0,0.0,1,5.13,28.25,67.86,10.71,3.14,False,True,True,False,True,False,True,False,50.0,Retraining
242409,62,94.44,0.0,0,0.0,26.27,9.68,9.68,4.91,True,True,True,True,True,True,True,True,100.0,Gold
242410,102,93.16,1.71,0,0.92,23.97,40.2,2.94,4.79,True,True,True,True,True,False,True,True,90.0,Gold
242411,4,80.0,0.0,0,0.0,39.99,75.0,25.0,4.5,False,True,True,True,True,False,False,False,55.0,Retraining
242412,186,95.65,0.0,0,0.0,20.36,35.48,7.53,4.83,True,True,True,True,True,True,True,True,100.0,Gold
242413,18,100.0,0.0,0,0.0,26.16,33.33,5.56,4.92,True,True,True,True,True,True,True,True,100.0,Gold
242414,92,97.09,0.0,0,1.0,41.52,32.61,10.87,4.84,True,True,True,True,True,True,True,True,100.0,Gold
242415,4,46.15,0.0,0,0.0,73.75,25.0,50.0,4.0,False,True,True,True,False,True,False,False,50.0,Retraining
242416,13,100.0,5.26,0,5.26,31.12,23.08,7.69,4.71,True,False,True,False,True,True,True,True,75.0,Silver
242417,38,97.5,2.5,0,0.0,7.24,2.63,0.0,4.78,True,False,True,True,True,True,True,True,85.0,Gold
242418,33,100.0,0.0,0,0.0,44.14,51.52,6.06,5.0,True,True,True,True,True,False,True,True,90.0,Gold
242419,46,70.27,1.35,0,0.0,43.42,39.13,0.0,4.7,False,True,True,True,True,True,True,True,85.0,Gold
242420,4,50.0,0.0,0,0.0,44.55,25.0,25.0,5.0,False,True,True,True,True,True,False,True,80.0,Silver
242421,9,100.0,0.0,0,0.0,48.86,22.22,22.22,4.86,True,True,True,True,False,True,False,True,80.0,Silver
242422,22,100.0,0.0,0,0.0,35.03,50.0,13.64,4.89,True,True,True,True,True,False,True,True,90.0,Gold
242423,4,80.0,0.0,0,0.0,59.65,25.0,25.0,5.0,False,True,True,True,False,True,False,True,65.0,Retraining
242424,54,88.41,0.0,0,0.0,43.82,51.85,22.22,4.76,False,True,True,True,True,False,False,True,70.0,Silver
242425,45,94.0,0.0,0,0.0,22.88,51.11,11.11,4.9,True,True,True,True,True,False,True,True,90.0,Gold
242426,33,82.69,1.92,0,0.0,48.84,42.42,12.12,4.82,False,True,True,True,False,False,True,True,60.0,Retraining
242427,72,97.47,1.27,0,0.0,41.77,30.56,9.72,4.85,True,True,True,True,True,True,True,True,100.0,Gold
242428,38,88.89,0.0,0,2.5,41.1,39.47,21.05,4.72,False,True,True,False,True,True,False,True,70.0,Silver
242429,15,86.96,0.0,0,0.0,53.74,26.67,13.33,4.8,False,True,True,True,False,True,True,True,70.0,Silver
242430,4,70.0,0.0,0,14.29,40.28,75.0,0.0,4.33,False,True,True,False,True,False,True,False,50.0,Retraining
242431,134,98.63,0.68,0,0.69,22.88,43.28,23.88,4.6,True,True,True,True,True,False,False,False,70.0,Silver
242432,3,75.0,0.0,0,0.0,26.78,33.33,0.0,5.0,False,True,True,True,True,True,True,True,85.0,Gold
242433,14,63.64,0.0,0,0.0,52.86,35.71,14.29,5.0,False,True,True,True,False,True,True,True,70.0,Silver
242434,5,100.0,16.67,0,0.0,44.46,40.0,20.0,4.2,True,False,True,True,True,True,False,False,65.0,Retraining
242435,51,93.55,8.06,0,0.0,50.79,37.25,31.37,4.75,True,False,True,True,False,True,False,True,65.0,Retraining
242436,12,100.0,0.0,0,0.0,36.51,50.0,0.0,4.33,True,True,True,True,True,False,True,False,75.0,Silver
242437,25,86.67,0.0,0,0.0,43.15,20.0,4.0,4.44,False,True,True,True,True,True,True,False,70.0,Silver
242438,37,97.73,0.0,0,2.33,48.87,35.14,5.41,4.4,True,True,True,False,False,True,True,False,60.0,Retraining
242439,9,100.0,0.0,0,0.0,35.33,0.0,44.44,5.0,True,True,True,True,True,True,False,True,95.0,Gold
242440,85,97.0,1.0,0,3.09,27.81,35.29,5.88,4.9,True,True,True,False,True,True,True,True,90.0,Gold
242441,30,94.29,0.0,0,0.0,41.51,20.0,13.33,4.1,True,True,True,True,True,True,True,False,85.0,Gold
242442,87,90.38,0.0,0,0.0,27.17,48.28,1.15,4.78,True,True,True,True,True,False,True,True,90.0,Gold
242443,40,82.81,4.69,0,0.0,41.31,60.0,17.5,4.55,False,False,True,True,True,False,False,False,40.0,Retraining
242444,13,90.0,5.0,0,0.0,28.4,46.15,7.69,4.0,True,False,True,True,True,False,True,False,60.0,Retraining
242445,65,94.29,0.0,0,0.0,38.76,30.77,4.62,4.79,True,True,True,True,True,True,True,True,100.0,Gold
242446,12,87.5,6.25,0,0.0,33.37,41.67,16.67,3.86,False,False,True,True,True,False,False,False,40.0,Retraining
242447,3,100.0,0.0,0,0.0,54.88,66.67,0.0,4.67,True,True,True,True,False,False,True,False,60.0,Retraining
242448,63,89.16,2.41,0,0.0,38.47,26.98,9.52,4.72,False,False,True,True,True,True,True,True,70.0,Silver
242449,44,100.0,0.0,0,0.0,30.6,40.91,13.64,4.42,True,True,True,True,True,False,True,False,75.0,Silver
242450,57,92.75,1.45,0,0.0,34.77,29.82,1.75,4.78,True,True,True,True,True,True,True,True,100.0,Gold
242451,13,100.0,0.0,0,0.0,37.04,23.08,7.69,4.63,True,True,True,True,True,True,True,False,85.0,Gold
242452,19,96.0,0.0,0,0.0,37.79,52.63,15.79,5.0,True,True,True,True,True,False,False,True,85.0,Gold
242453,44,98.0,2.0,0,0.0,19.9,52.27,4.55,4.86,True,True,True,True,True,False,True,True,90.0,Gold
242454,9,92.31,7.69,0,0.0,44.38,55.56,11.11,4.57,True,False,True,True,True,False,True,False,60.0,Retraining
242455,11,76.47,0.0,0,0.0,67.32,63.64,0.0,4.5,False,True,True,True,False,False,True,False,45.0,Retraining
242456,17,95.45,0.0,0,0.0,37.22,23.53,23.53,4.92,True,True,True,True,True,True,False,True,95.0,Gold
242457,156,98.2,0.6,1,0.0,22.32,31.41,7.69,4.81,True,True,True,True,True,True,True,True,100.0,Gold
242458,25,81.58,0.0,0,3.23,55.07,24.0,12.0,4.8,False,True,True,False,False,True,True,True,60.0,Retraining
242459,9,80.0,0.0,0,0.0,43.01,11.11,22.22,5.0,False,True,True,True,True,True,False,True,80.0,Silver
242460,27,100.0,0.0,0,0.0,37.9,48.15,11.11,4.46,True,True,True,True,True,False,True,False,75.0,Silver
242461,48,96.43,0.0,0,1.85,24.6,43.75,0.0,4.65,True,True,True,False,True,False,True,False,65.0,Retraining
242462,9,100.0,0.0,0,0.0,36.48,44.44,22.22,5.0,True,True,True,True,True,False,False,True,85.0,Gold
242463,32,80.43,0.0,0,0.0,52.25,37.5,9.38,4.67,False,True,True,True,False,True,True,False,55.0,Retraining
242464,25,90.63,0.0,0,0.0,47.39,48.0,0.0,4.53,True,True,True,True,False,False,True,False,60.0,Retraining
242465,19,100.0,0.0,0,0.0,45.82,36.84,5.26,4.55,True,True,True,True,False,True,True,False,70.0,Silver
242466,10,90.91,0.0,0,0.0,34.64,60.0,10.0,5.0,True,True,True,True,True,False,True,True,90.0,Gold
242467,2,38.46,7.69,0,0.0,48.73,50.0,50.0,4.0,False,False,True,True,False,False,False,False,25.0,Retraining
242468,72,96.2,0.0,0,0.0,22.01,41.67,1.39,4.8,True,True,True,True,True,False,True,True,90.0,Gold
242469,39,97.62,0.0,0,0.0,18.62,41.03,2.56,4.64,True,True,True,True,True,False,True,False,75.0,Silver
242470,115,97.5,0.0,0,0.0,24.94,47.83,5.22,4.8,True,True,True,True,True,False,True,True,90.0,Gold
242471,13,93.75,0.0,0,0.0,36.53,30.77,15.38,4.6,True,True,True,True,True,True,False,False,80.0,Silver
242472,14,100.0,5.88,0,0.0,47.65,50.0,35.71,5.0,True,False,True,True,False,False,False,True,55.0,Retraining
242473,2,100.0,0.0,0,0.0,46.19,0.0,0.0,,True,True,True,True,False,True,True,False,70.0,Silver
242474,5,100.0,0.0,0,0.0,41.38,40.0,0.0,5.0,True,True,True,True,True,True,True,True,100.0,Gold
242475,46,92.45,1.89,0,0.0,50.31,28.26,4.35,4.75,True,True,True,True,False,True,True,True,85.0,Gold
242476,30,96.97,0.0,1,0.0,40.98,40.0,16.67,4.81,True,True,True,True,True,True,False,True,95.0,Gold
242477,18,92.31,0.0,0,0.0,38.27,22.22,16.67,4.85,True,True,True,True,True,True,False,True,95.0,Gold
242478,18,95.45,0.0,0,0.0,43.11,50.0,5.56,4.86,True,True,True,True,True,False,True,True,90.0,Gold
242479,26,84.62,2.56,0,3.03,34.84,23.08,3.85,4.0,False,False,True,False,True,True,True,False,45.0,Retraining
242480,44,92.31,0.0,0,0.0,18.18,52.27,4.55,4.85,True,True,True,True,True,False,True,True,90.0,Gold
242481,11,100.0,0.0,0,0.0,34.32,54.55,0.0,5.0,True,True,True,True,True,False,True,True,90.0,Gold
242482,38,100.0,0.0,0,0.0,47.03,47.37,26.32,4.67,True,True,True,True,False,False,False,False,55.0,Retraining
242483,84,96.84,0.0,1,0.0,27.23,54.76,5.95,4.85,True,True,True,True,True,False,True,True,90.0,Gold
242484,80,100.0,0.0,0,0.0,30.65,63.75,16.25,4.44,True,True,True,True,True,False,False,False,70.0,Silver
242485,20,62.22,4.44,0,0.0,59.91,15.0,0.0,4.77,False,False,True,True,False,True,True,True,55.0,Retraining
242486,34,82.98,0.0,0,0.0,40.22,41.18,2.94,4.89,False,True,True,True,True,False,True,True,75.0,Silver
242487,87,83.76,0.0,0,0.0,50.21,45.98,29.89,4.73,False,True,True,True,False,False,False,True,55.0,Retraining
242488,25,84.85,0.0,0,0.0,35.35,52.0,20.0,4.94,False,True,True,True,True,False,False,True,70.0,Silver
242489,102,97.54,0.82,0,0.84,25.96,35.29,14.71,4.79,True,True,True,True,True,True,True,True,100.0,Gold
242490,22,100.0,0.0,0,0.0,49.59,27.27,18.18,4.83,True,True,True,True,False,True,False,True,80.0,Silver
242491,52,92.31,0.0,0,1.67,45.3,46.15,15.38,4.63,True,True,True,False,False,False,False,False,45.0,Retraining
242492,13,70.37,3.7,0,5.26,47.07,61.54,15.38,4.75,False,False,True,False,False,False,False,True,30.0,Retraining
242493,30,100.0,0.0,0,0.0,30.44,26.67,6.67,4.82,True,True,True,True,True,True,True,True,100.0,Gold
242494,9,90.0,0.0,0,0.0,34.7,22.22,11.11,5.0,True,True,True,True,True,True,True,True,100.0,Gold
242495,43,97.83,0.0,0,0.0,37.45,34.88,6.98,4.89,True,True,True,True,True,True,True,True,100.0,Gold
242496,83,94.57,0.0,0,0.0,32.69,61.45,8.43,4.64,True,True,True,True,True,False,True,False,75.0,Silver
242497,53,96.61,1.69,0,0.0,38.8,52.83,13.21,4.81,True,True,True,True,True,False,True,True,90.0,Gold
242498,2,100.0,0.0,0,0.0,47.49,50.0,0.0,4.0,True,True,True,True,False,False,True,False,60.0,Retraining
242499,2,66.67,0.0,0,0.0,64.36,0.0,50.0,5.0,False,True,True,True,False,True,False,True,65.0,Retraining
242500,40,91.3,0.0,0,0.0,47.48,32.5,2.5,4.68,True,True,True,True,False,True,True,False,70.0,Silver
242501,2,20.0,0.0,0,0.0,46.9,50.0,0.0,5.0,False,True,True,True,False,False,True,True,60.0,Retraining
242502,6,100.0,0.0,0,14.29,46.21,16.67,16.67,5.0,True,True,True,False,False,True,False,True,70.0,Silver
242503,3,100.0,0.0,0,0.0,54.03,0.0,0.0,5.0,True,True,True,True,False,True,True,True,85.0,Gold
242504,13,93.33,0.0,0,0.0,27.53,53.85,0.0,4.0,True,True,True,True,True,False,True,False,75.0,Silver
242505,32,92.31,0.0,0,0.0,58.16,43.75,21.88,4.77,True,True,True,True,False,False,False,True,70.0,Silver
242506,9,100.0,0.0,0,0.0,42.57,22.22,22.22,4.29,True,True,True,True,True,True,False,False,80.0,Silver
242507,45,95.92,0.0,1,0.0,46.71,53.33,4.44,4.44,True,True,True,True,False,False,True,False,60.0,Retraining
242508,56,93.06,0.0,0,0.0,59.9,42.86,16.07,4.49,True,True,True,True,False,False,False,False,55.0,Retraining
242509,24,96.3,0.0,0,0.0,39.64,54.17,33.33,4.54,True,True,True,True,True,False,False,False,70.0,Silver
242510,4,100.0,0.0,0,0.0,30.0,25.0,0.0,4.75,True,True,True,True,True,True,True,True,100.0,Gold
242511,9,100.0,0.0,0,0.0,41.33,55.56,11.11,5.0,True,True,True,True,True,False,True,True,90.0,Gold
242512,25,77.78,0.0,0,0.0,36.51,20.0,4.0,4.87,False,True,True,True,True,True,True,True,85.0,Gold
242513,55,95.45,0.0,0,0.0,47.17,41.82,25.45,4.17,True,True,True,True,False,False,False,False,55.0,Retraining
242514,9,100.0,0.0,0,0.0,46.21,33.33,22.22,5.0,True,True,True,True,False,True,False,True,80.0,Silver
242515,86,86.84,4.39,0,3.03,31.73,27.91,4.65,4.6,False,False,True,False,True,True,True,False,45.0,Retraining
242516,16,84.62,0.0,0,0.0,41.41,31.25,18.75,3.75,False,True,True,True,True,True,False,False,65.0,Retraining
242517,58,94.74,2.63,0,0.0,42.97,36.21,6.9,4.76,True,False,True,True,True,True,True,True,85.0,Gold
242518,57,95.45,0.0,0,0.0,43.01,45.61,26.32,4.5,True,True,True,True,True,False,False,False,70.0,Silver
242519,8,100.0,0.0,0,0.0,42.75,62.5,12.5,5.0,True,True,True,True,True,False,True,True,90.0,Gold
242520,45,92.98,0.0,0,0.0,42.76,33.33,22.22,4.9,True,True,True,True,True,True,False,True,95.0,Gold
242521,27,96.67,0.0,0,0.0,49.73,33.33,3.7,4.93,True,True,True,True,False,True,True,True,85.0,Gold
242522,8,90.0,0.0,0,0.0,48.34,62.5,37.5,5.0,True,True,True,True,False,False,False,True,70.0,Silver
242523,56,97.14,0.0,0,2.94,33.2,44.64,1.79,4.82,True,True,True,False,True,False,True,True,80.0,Silver
242524,3,75.0,0.0,0,0.0,27.26,33.33,0.0,5.0,False,True,True,True,True,True,True,True,85.0,Gold
242525,56,94.03,2.99,0,0.0,27.88,62.5,16.07,4.57,True,False,True,True,True,False,False,False,55.0,Retraining
242526,116,95.52,0.0,0,0.0,23.51,56.9,1.72,4.76,True,True,True,True,True,False,True,True,90.0,Gold
242527,35,97.3,0.0,0,0.0,42.44,45.71,2.86,4.85,True,True,True,True,True,False,True,True,90.0,Gold
242528,2,100.0,0.0,0,0.0,38.44,0.0,0.0,,True,True,True,True,True,True,True,False,85.0,Gold
242529,57,98.53,4.41,0,0.0,40.37,50.88,15.79,4.79,True,False,True,True,True,False,False,True,70.0,Silver
242530,29,95.24,2.38,0,0.0,42.75,48.28,13.79,4.33,True,False,True,True,True,False,True,False,60.0,Retraining
242531,13,100.0,0.0,0,0.0,38.31,38.46,0.0,4.75,True,True,True,True,True,True,True,True,100.0,Gold
242532,51,98.25,0.0,0,0.0,40.16,31.37,9.8,4.54,True,True,True,True,True,True,True,False,85.0,Gold
242533,43,87.5,0.0,0,0.0,28.12,55.81,4.65,4.62,False,True,True,True,True,False,True,False,60.0,Retraining
242534,97,100.0,0.94,0,0.0,23.8,54.64,14.43,4.83,True,True,True,True,True,False,True,True,90.0,Gold
242535,61,86.25,2.5,0,0.0,37.76,34.43,6.56,4.93,False,False,True,True,True,True,True,True,70.0,Silver
242536,31,77.78,6.67,0,0.0,47.21,38.71,16.13,4.71,False,False,True,True,False,True,False,True,50.0,Retraining
242537,55,91.18,0.0,0,0.0,51.2,49.09,12.73,4.59,True,True,True,True,False,False,True,False,60.0,Retraining
242538,65,94.94,0.0,1,0.0,49.08,36.92,10.77,4.62,True,True,True,True,False,True,True,False,70.0,Silver
242539,20,82.14,10.71,0,0.0,49.88,55.0,30.0,4.77,False,False,True,True,False,False,False,True,40.0,Retraining
242540,21,83.87,12.9,0,0.0,40.53,42.86,19.05,4.83,False,False,True,True,True,False,False,True,55.0,Retraining
242541,80,88.89,0.0,0,0.0,40.63,47.5,11.25,4.73,False,True,True,True,True,False,True,True,75.0,Silver
242542,91,83.06,0.81,0,0.0,45.45,27.47,10.99,4.78,False,True,True,True,False,True,True,True,70.0,Silver
242543,30,97.3,0.0,0,2.78,33.54,33.33,26.67,4.73,True,True,True,False,True,True,False,True,85.0,Gold
242544,56,93.75,0.0,0,0.0,43.79,51.79,1.79,4.96,True,True,True,True,True,False,True,True,90.0,Gold
242545,46,97.92,0.0,0,0.0,44.63,47.83,0.0,4.48,True,True,True,True,True,False,True,False,75.0,Silver
242546,9,100.0,0.0,0,0.0,45.66,44.44,0.0,4.86,True,True,True,True,False,False,True,True,75.0,Silver
242547,27,93.55,0.0,0,0.0,40.75,62.96,3.7,4.94,True,True,True,True,True,False,True,True,90.0,Gold
242548,3,75.0,0.0,0,0.0,79.36,100.0,33.33,5.0,False,True,True,True,False,False,False,True,55.0,Retraining
242549,124,92.81,0.72,1,0.0,26.36,54.84,6.45,4.64,True,True,True,True,True,False,True,False,75.0,Silver
242550,3,100.0,0.0,0,0.0,56.6,33.33,33.33,5.0,True,True,True,True,False,True,False,True,80.0,Silver
242551,117,94.78,0.0,0,0.0,25.4,57.26,4.27,4.66,True,True,True,True,True,False,True,False,75.0,Silver
242552,95,88.59,1.34,0,2.27,20.97,54.74,9.47,4.57,False,True,True,False,True,False,True,False,50.0,Retraining
242553,32,94.44,0.0,0,0.0,46.09,31.25,21.88,4.84,True,True,True,True,False,True,False,True,80.0,Silver
242554,42,94.34,3.77,0,0.0,51.61,28.57,4.76,4.59,True,False,True,True,False,True,True,False,55.0,Retraining
242555,13,82.35,0.0,0,0.0,52.95,15.38,0.0,4.8,False,True,True,True,False,True,True,True,70.0,Silver
242556,55,92.54,1.49,0,0.0,43.74,30.91,1.82,4.64,True,True,True,True,True,True,True,False,85.0,Gold
242557,15,65.38,0.0,0,0.0,56.94,40.0,26.67,4.0,False,True,True,True,False,True,False,False,50.0,Retraining
242558,9,100.0,0.0,0,0.0,51.13,77.78,22.22,4.0,True,True,True,True,False,False,False,False,55.0,Retraining
242559,67,91.26,2.91,0,2.13,44.12,38.81,17.91,4.91,True,False,True,False,True,True,False,True,70.0,Silver
242560,9,100.0,0.0,0,0.0,49.71,77.78,22.22,4.0,True,True,True,True,False,False,False,False,55.0,Retraining
242561,11,93.75,6.25,0,0.0,48.72,45.45,0.0,4.71,True,False,True,True,False,False,True,True,60.0,Retraining
242562,14,93.75,0.0,0,0.0,45.79,50.0,21.43,4.92,True,True,True,True,False,False,False,True,70.0,Silver
242563,51,92.73,0.0,0,0.0,40.47,39.22,5.88,4.83,True,True,True,True,True,True,True,True,100.0,Gold
242564,9,100.0,0.0,0,0.0,24.47,66.67,0.0,4.83,True,True,True,True,True,False,True,True,90.0,Gold
242565,2,100.0,0.0,0,0.0,23.22,50.0,50.0,5.0,True,True,True,True,True,False,False,True,85.0,Gold
242566,6,46.15,0.0,0,0.0,54.23,66.67,33.33,3.0,False,True,True,True,False,False,False,False,40.0,Retraining
242567,3,42.86,0.0,0,0.0,32.42,0.0,33.33,,False,True,True,True,True,True,False,False,65.0,Retraining
242568,98,98.13,0.93,0,0.0,19.96,59.18,10.2,4.67,True,True,True,True,True,False,True,False,75.0,Silver
242569,2,100.0,0.0,0,0.0,34.91,0.0,0.0,5.0,True,True,True,True,True,True,True,True,100.0,Gold
242570,5,55.56,0.0,0,0.0,46.14,20.0,0.0,5.0,False,True,True,True,False,True,True,True,70.0,Silver
242571,83,95.05,0.99,0,0.0,23.03,37.35,4.82,4.75,True,True,True,True,True,True,True,True,100.0,Gold
242572,20,80.77,0.0,0,0.0,40.62,30.0,5.0,4.85,False,True,True,True,True,True,True,True,85.0,Gold
242573,13,88.24,0.0,0,0.0,38.6,46.15,7.69,4.89,False,True,True,True,True,False,True,True,75.0,Silver
242574,15,69.23,0.0,0,0.0,44.85,20.0,20.0,4.83,False,True,True,True,True,True,False,True,80.0,Silver
242575,74,74.6,0.0,0,1.06,37.97,48.65,1.35,4.51,False,True,True,False,True,False,True,False,50.0,Retraining
242576,43,100.0,0.0,0,0.0,37.35,48.84,18.6,4.62,True,True,True,True,True,False,False,False,70.0,Silver
242577,16,60.0,2.86,0,0.0,61.91,68.75,25.0,4.33,False,False,True,True,False,False,False,False,25.0,Retraining
242578,4,100.0,0.0,0,0.0,45.9,75.0,25.0,5.0,True,True,True,True,False,False,False,True,70.0,Silver
242579,54,98.21,0.0,0,0.0,19.0,42.59,1.85,4.83,True,True,True,True,True,False,True,True,90.0,Gold
242580,30,95.0,2.5,0,0.0,22.67,56.67,13.33,4.13,True,False,True,True,True,False,True,False,60.0,Retraining
242581,48,90.32,1.61,0,0.0,33.97,39.58,6.25,4.68,True,True,True,True,True,True,True,False,85.0,Gold
242582,10,100.0,0.0,0,0.0,57.66,30.0,40.0,4.8,True,True,True,True,False,True,False,True,80.0,Silver
242583,6,80.0,20.0,0,0.0,75.44,16.67,0.0,4.0,False,False,True,True,False,True,True,False,40.0,Retraining
242584,34,100.0,0.0,0,0.0,45.52,38.24,2.94,4.62,True,True,True,True,False,True,True,False,70.0,Silver
242585,39,86.0,0.0,0,0.0,44.43,38.46,20.51,4.86,False,True,True,True,True,True,False,True,80.0,Silver
242586,31,87.18,2.56,0,0.0,43.24,38.71,6.45,4.69,False,False,True,True,True,True,True,False,55.0,Retraining
242587,37,97.62,4.76,0,0.0,41.71,54.05,2.7,4.83,True,False,True,True,True,False,True,True,75.0,Silver
242588,9,90.91,0.0,0,0.0,41.5,66.67,0.0,5.0,True,True,True,True,True,False,True,True,90.0,Gold
242589,14,72.41,0.0,0,4.76,58.31,50.0,7.14,4.5,False,True,True,False,False,False,True,False,35.0,Retraining
242590,71,83.51,1.03,0,0.0,31.02,38.03,5.63,4.72,False,True,True,True,True,True,True,True,85.0,Gold
242591,39,95.45,2.27,0,2.38,52.08,17.95,12.82,4.96,True,False,True,False,False,True,True,True,60.0,Retraining
242592,9,100.0,0.0,0,0.0,42.29,44.44,11.11,4.2,True,True,True,True,True,False,True,False,75.0,Silver
242593,2,80.0,0.0,0,0.0,65.77,100.0,0.0,4.5,False,True,True,True,False,False,True,False,45.0,Retraining
242594,50,96.43,1.79,0,0.0,49.49,56.0,6.0,4.58,True,True,True,True,False,False,True,False,60.0,Retraining
242595,59,71.11,0.0,0,0.0,23.71,10.17,1.69,4.98,False,True,True,True,True,True,True,True,85.0,Gold
242596,34,100.0,5.13,0,2.56,33.62,14.71,5.88,4.71,True,False,True,False,True,True,True,True,75.0,Silver
242597,12,100.0,0.0,0,0.0,33.43,8.33,0.0,5.0,True,True,True,True,True,True,True,True,100.0,Gold
242598,17,90.0,0.0,0,0.0,50.84,41.18,17.65,4.82,True,True,True,True,False,False,False,True,70.0,Silver
242599,59,85.9,1.28,0,0.0,47.12,38.98,3.39,4.9,False,True,True,True,False,True,True,True,70.0,Silver
242600,27,96.77,0.0,0,0.0,39.76,62.96,11.11,4.71,True,True,True,True,True,False,True,True,90.0,Gold
242601,30,88.89,0.0,0,0.0,45.13,50.0,6.67,4.83,False,True,True,True,False,False,True,True,60.0,Retraining
242602,31,100.0,0.0,0,0.0,45.8,32.26,19.35,4.73,True,True,True,True,False,True,False,True,80.0,Silver
242603,104,99.13,0.0,0,0.0,27.97,60.58,1.92,4.61,True,True,True,True,True,False,True,False,75.0,Silver
242604,55,98.28,0.0,0,0.0,45.43,43.64,23.64,4.93,True,True,True,True,False,False,False,True,70.0,Silver
242605,76,100.0,0.0,0,0.0,17.47,55.26,0.0,4.7,True,True,True,True,True,False,True,True,90.0,Gold
242606,19,95.45,0.0,0,0.0,41.74,31.58,21.05,4.89,True,True,True,True,True,True,False,True,95.0,Gold
242607,15,100.0,0.0,0,0.0,57.2,33.33,6.67,4.63,True,True,True,True,False,True,True,False,70.0,Silver
242608,9,71.43,0.0,0,0.0,36.91,22.22,11.11,4.71,False,True,True,True,True,True,True,True,85.0,Gold
242609,64,98.48,0.0,0,0.0,46.03,48.44,6.25,4.8,True,True,True,True,False,False,True,True,75.0,Silver
242610,24,92.31,0.0,0,0.0,45.6,45.83,16.67,4.53,True,True,True,True,False,False,False,False,55.0,Retraining
242611,22,100.0,0.0,0,0.0,28.61,40.91,4.55,4.72,True,True,True,True,True,False,True,True,90.0,Gold
242612,3,23.08,0.0,0,0.0,51.03,33.33,0.0,5.0,False,True,True,True,False,True,True,True,70.0,Silver
242613,9,100.0,10.0,0,0.0,40.61,77.78,0.0,5.0,True,False,True,True,True,False,True,True,75.0,Silver
242614,9,100.0,0.0,0,0.0,39.38,55.56,22.22,4.86,True,True,True,True,True,False,False,True,85.0,Gold
242615,118,92.09,0.0,0,0.0,22.79,44.07,7.63,4.72,True,True,True,True,True,False,True,True,90.0,Gold
242616,29,65.45,1.82,0,0.0,66.95,37.93,17.24,4.5,False,True,True,True,False,True,False,False,50.0,Retraining
242617,97,95.54,0.0,0,0.0,27.48,56.7,6.19,4.48,True,True,True,True,True,False,True,False,75.0,Silver
242618,79,91.75,1.03,0,0.0,47.27,30.38,7.59,4.62,True,True,True,True,False,True,True,False,70.0,Silver
242619,8,100.0,0.0,0,0.0,57.97,12.5,25.0,5.0,True,True,True,True,False,True,False,True,80.0,Silver
242620,98,100.0,0.0,0,0.0,22.17,48.98,6.12,4.63,True,True,True,True,True,False,True,False,75.0,Silver
242621,11,88.89,0.0,0,6.25,51.17,36.36,0.0,4.38,False,True,True,False,False,True,True,False,45.0,Retraining
242622,2,100.0,33.33,0,0.0,43.69,0.0,50.0,5.0,True,False,True,True,True,True,False,True,80.0,Silver
242623,36,90.24,0.0,0,0.0,41.19,52.78,2.78,4.6,True,True,True,True,True,False,True,False,75.0,Silver
242624,10,100.0,0.0,0,0.0,44.37,60.0,30.0,5.0,True,True,True,True,True,False,False,True,85.0,Gold
242625,54,93.65,0.0,0,0.0,49.37,40.74,24.07,4.76,True,True,True,True,False,False,False,True,70.0,Silver
242626,3,70.59,5.88,0,0.0,23.23,0.0,33.33,3.67,False,False,True,True,True,True,False,False,50.0,Retraining
242627,26,96.43,3.57,0,0.0,48.34,38.46,3.85,4.75,True,False,True,True,False,True,True,True,70.0,Silver
242628,47,84.48,0.0,0,0.0,32.22,48.94,8.51,4.57,False,True,True,True,True,False,True,False,60.0,Retraining
242629,9,100.0,0.0,0,0.0,34.99,44.44,11.11,5.0,True,True,True,True,True,False,True,True,90.0,Gold
242630,126,98.11,1.26,0,2.56,24.11,44.44,6.35,4.87,True,True,True,False,True,False,True,True,80.0,Silver
242631,35,100.0,0.0,0,2.63,36.86,22.86,20.0,4.79,True,True,True,False,True,True,False,True,85.0,Gold
242632,36,100.0,0.0,0,0.0,46.36,27.78,13.89,4.89,True,True,True,True,False,True,True,True,85.0,Gold
242633,19,96.0,0.0,0,0.0,30.47,47.37,5.26,4.8,True,True,True,True,True,False,True,True,90.0,Gold
242634,115,94.66,0.0,1,0.0,27.42,53.91,12.17,4.72,True,True,True,True,True,False,True,True,90.0,Gold
242635,4,26.32,0.0,0,10.0,28.34,25.0,25.0,3.25,False,True,True,False,True,True,False,False,55.0,Retraining
242636,31,53.52,0.0,0,0.0,37.88,51.61,12.9,4.79,False,True,True,True,True,False,True,True,75.0,Silver
242637,58,89.89,1.12,1,1.25,25.4,37.93,0.0,4.62,False,True,True,False,True,True,True,False,60.0,Retraining
242638,110,96.97,0.76,0,0.78,20.78,36.36,0.91,4.61,True,True,True,True,True,True,True,False,85.0,Gold
242639,36,92.86,0.0,0,2.56,19.45,50.0,16.67,4.71,True,True,True,False,True,False,False,True,75.0,Silver
242640,30,97.06,0.0,0,0.0,30.85,50.0,3.33,4.69,True,True,True,True,True,False,True,False,75.0,Silver
242641,3,100.0,0.0,0,0.0,50.51,33.33,0.0,5.0,True,True,True,True,False,True,True,True,85.0,Gold
242642,46,75.81,0.0,0,0.0,51.29,28.26,28.26,4.92,False,True,True,True,False,True,False,True,65.0,Retraining
242643,108,99.3,0.7,0,0.71,28.16,49.07,17.59,4.86,True,True,True,True,True,False,False,True,85.0,Gold
242644,63,97.33,0.0,0,1.37,45.32,36.51,23.81,4.57,True,True,True,False,False,True,False,False,55.0,Retraining
242645,83,94.62,0.0,0,0.0,38.65,27.71,10.84,4.74,True,True,True,True,True,True,True,True,100.0,Gold
242646,42,96.0,0.0,0,0.0,37.25,38.1,14.29,4.9,True,True,True,True,True,True,True,True,100.0,Gold
242647,22,88.89,0.0,0,0.0,48.61,59.09,22.73,5.0,False,True,True,True,False,False,False,True,55.0,Retraining
242648,9,91.67,8.33,0,0.0,30.13,55.56,0.0,4.83,True,False,True,True,True,False,True,True,75.0,Silver
242649,38,97.78,0.0,0,0.0,47.89,34.21,2.63,4.56,True,True,True,True,False,True,True,False,70.0,Silver
242650,120,98.54,0.0,0,0.0,31.21,43.33,5.0,4.77,True,True,True,True,True,False,True,True,90.0,Gold
242651,6,63.64,0.0,0,0.0,45.28,16.67,0.0,5.0,False,True,True,True,False,True,True,True,70.0,Silver
242652,3,100.0,0.0,0,0.0,46.86,33.33,0.0,1.0,True,True,True,True,False,True,True,False,70.0,Silver
242653,49,100.0,0.0,0,0.0,47.15,53.06,26.53,4.88,True,True,True,True,False,False,False,True,70.0,Silver
242654,8,100.0,0.0,0,0.0,19.93,25.0,0.0,5.0,True,True,True,True,True,True,True,True,100.0,Gold
242655,11,100.0,0.0,0,0.0,67.33,45.45,9.09,4.67,True,True,True,True,False,False,True,False,60.0,Retraining
242656,12,93.33,0.0,0,0.0,34.15,33.33,0.0,4.5,True,True,True,True,True,True,True,False,85.0,Gold
242657,5,85.71,14.29,0,0.0,26.78,20.0,0.0,5.0,False,False,True,True,True,True,True,True,70.0,Silver
242658,34,97.14,0.0,0,0.0,32.07,52.94,5.88,4.95,True,True,True,True,True,False,True,True,90.0,Gold
242659,12,100.0,0.0,0,0.0,48.54,66.67,0.0,5.0,True,True,True,True,False,False,True,True,75.0,Silver
242660,29,94.59,8.11,0,0.0,41.78,31.03,0.0,4.86,True,False,True,True,True,True,True,True,85.0,Gold
242661,13,82.35,0.0,0,0.0,43.42,15.38,0.0,4.78,False,True,True,True,True,True,True,True,85.0,Gold
242662,13,100.0,6.25,0,0.0,36.24,84.62,7.69,4.33,True,False,True,True,True,False,True,False,60.0,Retraining
242663,67,100.0,0.0,0,0.0,26.22,59.7,10.45,4.74,True,True,True,True,True,False,True,True,90.0,Gold
242664,6,75.0,0.0,0,0.0,43.93,66.67,0.0,4.33,False,True,True,True,True,False,True,False,60.0,Retraining
242665,9,92.31,0.0,0,0.0,13.73,0.0,0.0,5.0,True,True,True,True,True,True,True,True,100.0,Gold
242666,20,100.0,0.0,0,0.0,19.8,60.0,5.0,4.5,True,True,True,True,True,False,True,False,75.0,Silver
242667,44,97.96,2.04,0,0.0,42.21,40.91,13.64,4.7,True,False,True,True,True,False,True,True,75.0,Silver
242668,87,88.5,0.88,0,2.0,30.34,43.68,4.6,4.43,False,True,True,False,True,False,True,False,50.0,Retraining
242669,7,34.48,3.45,0,0.0,59.07,42.86,28.57,5.0,False,False,True,True,False,False,False,True,40.0,Retraining
242670,24,96.15,0.0,0,4.0,33.86,37.5,0.0,4.92,True,True,True,False,True,True,True,True,90.0,Gold
242671,30,97.22,0.0,0,0.0,42.56,40.0,13.33,4.58,True,True,True,True,True,True,True,False,85.0,Gold
242672,11,100.0,8.33,0,0.0,40.83,27.27,9.09,4.5,True,False,True,True,True,True,True,False,70.0,Silver
242673,83,76.03,0.0,0,0.0,28.73,39.76,7.23,4.56,False,True,True,True,True,True,True,False,70.0,Silver
242674,14,62.96,3.7,0,0.0,38.19,28.57,28.57,4.75,False,False,True,True,True,True,False,True,65.0,Retraining
242675,58,98.48,0.0,0,0.0,42.81,32.76,8.62,4.63,True,True,True,True,True,True,True,False,85.0,Gold
242676,31,100.0,0.0,0,0.0,46.77,51.61,9.68,4.56,True,True,True,True,False,False,True,False,60.0,Retraining
242677,9,100.0,0.0,0,0.0,48.17,33.33,11.11,4.57,True,True,True,True,False,True,True,False,70.0,Silver
242678,14,76.19,0.0,0,0.0,53.33,35.71,7.14,4.4,False,True,True,True,False,True,True,False,55.0,Retraining
242679,45,93.88,0.0,0,0.0,32.89,37.78,4.44,4.89,True,True,True,True,True,True,True,True,100.0,Gold
242680,4,100.0,0.0,0,0.0,52.08,25.0,0.0,3.67,True,True,True,True,False,True,True,False,70.0,Silver
242681,8,100.0,0.0,0,0.0,57.78,25.0,12.5,4.75,True,True,True,True,False,True,True,True,85.0,Gold
242682,18,95.0,0.0,0,0.0,33.36,50.0,0.0,4.75,True,True,True,True,True,False,True,True,90.0,Gold
242683,22,71.05,0.0,0,0.0,61.39,22.73,0.0,4.6,False,True,True,True,False,True,True,False,55.0,Retraining
242684,51,100.0,0.0,0,0.0,41.04,43.14,15.69,4.69,True,True,True,True,True,False,False,False,70.0,Silver
242685,18,100.0,0.0,0,0.0,38.28,27.78,0.0,4.83,True,True,True,True,True,True,True,True,100.0,Gold
242686,18,100.0,5.0,0,0.0,43.27,22.22,16.67,4.8,True,False,True,True,True,True,False,True,80.0,Silver
242687,77,74.31,0.69,0,1.87,48.86,46.75,11.69,4.76,False,True,True,False,False,False,True,True,50.0,Retraining
242688,96,97.3,0.0,1,0.0,18.11,45.83,6.25,4.55,True,True,True,True,True,False,True,False,75.0,Silver
242689,85,95.88,0.0,0,0.0,39.17,49.41,18.82,4.77,True,True,True,True,True,False,False,True,85.0,Gold
242690,5,24.0,0.0,0,0.0,25.8,60.0,0.0,4.75,False,True,True,True,True,False,True,True,75.0,Silver
242691,27,93.1,0.0,0,0.0,25.37,77.78,7.41,4.78,True,True,True,True,True,False,True,True,90.0,Gold
242692,51,93.33,0.0,0,1.79,50.33,31.37,7.84,4.77,True,True,True,False,False,True,True,True,75.0,Silver
242693,55,97.06,2.94,0,0.0,38.85,49.09,3.64,4.43,True,False,True,True,True,False,True,False,60.0,Retraining
242694,19,100.0,0.0,0,4.17,42.84,47.37,0.0,4.77,True,True,True,False,True,False,True,True,80.0,Silver
242695,34,93.62,4.26,0,2.27,41.99,47.06,17.65,4.33,True,False,True,False,True,False,False,False,45.0,Retraining
242696,66,100.0,0.0,0,0.0,46.29,40.91,9.09,4.6,True,True,True,True,False,False,True,False,60.0,Retraining
242697,13,100.0,0.0,0,0.0,33.21,61.54,0.0,4.5,True,True,True,True,True,False,True,False,75.0,Silver
242698,44,90.91,1.82,0,0.0,25.88,45.45,9.09,4.73,True,True,True,True,True,False,True,True,90.0,Gold
242699,47,84.13,3.17,0,3.77,36.22,46.81,12.77,4.75,False,False,True,False,True,False,True,True,50.0,Retraining
242700,3,60.0,0.0,0,0.0,25.22,33.33,0.0,5.0,False,True,True,True,True,True,True,True,85.0,Gold
242701,56,97.1,0.0,0,0.0,44.96,42.86,7.14,4.83,True,True,True,True,True,False,True,True,90.0,Gold
242702,18,100.0,0.0,0,0.0,39.91,16.67,16.67,4.9,True,True,True,True,True,True,False,True,95.0,Gold
242703,39,93.33,0.0,0,0.0,43.81,41.03,7.69,4.85,True,True,True,True,True,False,True,True,90.0,Gold
242704,3,100.0,0.0,0,0.0,66.57,0.0,0.0,5.0,True,True,True,True,False,True,True,True,85.0,Gold
242705,6,77.78,0.0,0,0.0,26.07,66.67,0.0,5.0,False,True,True,True,True,False,True,True,75.0,Silver
242706,65,88.61,0.0,0,1.43,47.12,27.69,1.54,4.59,False,True,True,False,False,True,True,False,45.0,Retraining
242707,3,100.0,0.0,0,0.0,62.5,33.33,0.0,4.0,True,True,True,True,False,True,True,False,70.0,Silver
242708,14,93.75,0.0,0,6.67,35.41,50.0,7.14,4.5,True,True,True,False,True,False,True,False,65.0,Retraining
242709,10,100.0,0.0,0,0.0,51.48,40.0,20.0,4.6,True,True,True,True,False,True,False,False,65.0,Retraining
242710,3,100.0,0.0,0,0.0,62.98,66.67,0.0,5.0,True,True,True,True,False,False,True,True,75.0,Silver
242711,23,96.3,0.0,0,0.0,28.5,60.87,13.04,4.75,True,True,True,True,True,False,True,True,90.0,Gold
242712,4,66.67,0.0,0,0.0,56.83,75.0,0.0,5.0,False,True,True,True,False,False,True,True,60.0,Retraining
242713,68,88.37,0.0,0,1.32,27.03,52.94,8.82,4.68,False,True,True,False,True,False,True,False,50.0,Retraining
242714,24,100.0,0.0,0,0.0,32.64,41.67,8.33,4.75,True,True,True,True,True,False,True,True,90.0,Gold
242715,68,70.8,1.77,0,2.5,51.71,2.94,7.35,4.5,False,True,True,False,False,True,True,False,45.0,Retraining
242716,7,65.0,25.0,0,0.0,11.48,0.0,0.0,,False,False,True,True,True,True,True,False,55.0,Retraining
242717,57,94.37,1.41,0,0.0,46.49,50.88,8.77,4.75,True,True,True,True,False,False,True,True,75.0,Silver
242718,38,50.53,1.05,0,4.17,45.96,57.89,13.16,4.68,False,True,True,False,False,False,True,False,35.0,Retraining
242719,7,71.43,0.0,0,0.0,85.4,0.0,0.0,5.0,False,True,True,True,False,True,True,True,70.0,Silver
242720,60,75.58,1.16,0,1.54,32.29,28.33,1.67,4.75,False,True,True,False,True,True,True,True,75.0,Silver
242721,4,100.0,0.0,0,0.0,49.72,25.0,0.0,,True,True,True,True,False,True,True,False,70.0,Silver
242722,44,95.92,2.04,0,0.0,30.21,50.0,15.91,4.52,True,False,True,True,True,False,False,False,55.0,Retraining
242723,35,93.33,0.0,0,0.0,40.37,45.71,11.43,4.91,True,True,True,True,True,False,True,True,90.0,Gold
242724,84,89.52,1.9,0,0.0,28.14,29.76,9.52,4.81,False,True,True,True,True,True,True,True,85.0,Gold
242725,70,96.15,0.0,0,0.0,24.95,61.43,2.86,4.68,True,True,True,True,True,False,True,False,75.0,Silver
242726,6,71.43,7.14,0,0.0,36.99,33.33,50.0,5.0,False,False,True,True,True,True,False,True,65.0,Retraining
242727,75,90.43,1.06,0,1.18,41.04,45.33,1.33,4.88,True,True,True,False,True,False,True,True,80.0,Silver
242728,88,91.26,0.0,0,0.0,27.89,42.05,3.41,4.81,True,True,True,True,True,False,True,True,90.0,Gold
242729,24,90.32,6.45,0,0.0,40.91,25.0,0.0,4.92,True,False,True,True,True,True,True,True,85.0,Gold
242730,7,35.71,0.0,0,10.0,74.59,0.0,0.0,4.5,False,True,True,False,False,True,True,False,45.0,Retraining
242731,74,97.59,0.0,0,0.0,27.69,45.95,1.35,4.87,True,True,True,True,True,False,True,True,90.0,Gold
242732,37,100.0,0.0,0,0.0,19.24,67.57,13.51,4.73,True,True,True,True,True,False,True,True,90.0,Gold
242733,37,94.87,0.0,0,0.0,56.01,37.84,18.92,4.86,True,True,True,True,False,True,False,True,80.0,Silver
242734,33,92.31,2.56,0,0.0,49.95,66.67,36.36,4.57,True,False,True,True,False,False,False,False,40.0,Retraining
242735,79,87.25,1.96,0,0.0,38.71,43.04,15.19,4.49,False,True,True,True,True,False,False,False,55.0,Retraining
242736,40,100.0,0.0,0,0.0,19.41,27.5,5.0,4.6,True,True,True,True,True,True,True,False,85.0,Gold
242737,41,87.5,0.0,0,0.0,24.63,43.9,14.63,4.64,False,True,True,True,True,False,True,False,60.0,Retraining
242738,24,100.0,0.0,0,0.0,42.85,33.33,8.33,5.0,True,True,True,True,True,True,True,True,100.0,Gold
242739,36,88.37,0.0,0,0.0,49.38,72.22,13.89,4.64,False,True,True,True,False,False,True,False,45.0,Retraining
242740,2,42.86,0.0,0,33.33,68.29,0.0,50.0,5.0,False,True,True,False,False,True,False,True,55.0,Retraining
242741,15,100.0,0.0,0,0.0,54.49,26.67,0.0,4.88,True,True,True,True,False,True,True,True,85.0,Gold
242742,45,74.67,0.0,0,0.0,31.42,28.89,6.67,4.91,False,True,True,True,True,True,True,True,85.0,Gold
242743,3,75.0,0.0,0,0.0,35.02,0.0,0.0,5.0,False,True,True,True,True,True,True,True,85.0,Gold
242744,54,98.41,0.0,0,0.0,44.98,33.33,20.37,4.63,True,True,True,True,True,True,False,False,80.0,Silver
242745,48,93.1,0.0,0,0.0,47.62,52.08,10.42,4.96,True,True,True,True,False,False,True,True,75.0,Silver
242746,3,100.0,0.0,0,0.0,34.76,0.0,33.33,5.0,True,True,True,True,True,True,False,True,95.0,Gold
242747,20,100.0,0.0,0,0.0,45.52,30.0,10.0,4.5,True,True,True,True,False,True,True,False,70.0,Silver
242748,76,87.1,2.15,0,0.0,44.08,44.74,14.47,4.88,False,False,True,True,True,False,True,True,60.0,Retraining
242749,101,89.68,3.97,0,0.88,20.54,55.45,7.92,4.7,False,False,True,True,True,False,True,True,60.0,Retraining
242750,97,98.13,1.87,0,0.0,32.06,50.52,6.19,4.79,True,True,True,True,True,False,True,True,90.0,Gold
242751,3,100.0,25.0,0,0.0,56.16,0.0,0.0,5.0,True,False,True,True,False,True,True,True,70.0,Silver
242752,11,93.75,6.25,0,0.0,37.99,45.45,0.0,5.0,True,False,True,True,True,False,True,True,75.0,Silver
242753,27,87.1,0.0,0,0.0,39.92,44.44,7.41,3.86,False,True,True,True,True,False,True,False,60.0,Retraining
242754,11,100.0,0.0,0,8.33,23.96,54.55,0.0,4.8,True,True,True,False,True,False,True,True,80.0,Silver
242755,46,97.96,0.0,0,0.0,36.87,43.48,13.04,4.88,True,True,True,True,True,False,True,True,90.0,Gold
242756,8,88.89,0.0,0,0.0,44.56,37.5,25.0,4.2,False,True,True,True,True,True,False,False,65.0,Retraining
242757,46,96.15,0.0,1,0.0,48.73,43.48,19.57,4.63,True,True,True,True,False,False,False,False,55.0,Retraining
242758,55,96.67,0.0,0,0.0,46.78,25.45,16.36,4.63,True,True,True,True,False,True,False,False,65.0,Retraining
242759,18,95.65,0.0,0,0.0,44.48,27.78,0.0,4.79,True,True,True,True,True,True,True,True,100.0,Gold
242760,9,90.91,0.0,0,0.0,43.47,33.33,11.11,5.0,True,True,True,True,True,True,True,True,100.0,Gold
242761,31,90.0,0.0,0,0.0,47.15,19.35,19.35,4.75,True,True,True,True,False,True,False,True,80.0,Silver
242762,38,89.13,4.35,0,0.0,41.14,44.74,5.26,4.67,False,False,True,True,True,False,True,False,45.0,Retraining
242763,13,100.0,0.0,0,0.0,47.58,46.15,0.0,4.8,True,True,True,True,False,False,True,True,75.0,Silver
242764,2,100.0,0.0,0,0.0,67.67,50.0,50.0,5.0,True,True,True,True,False,False,False,True,70.0,Silver
242765,45,85.96,1.75,0,0.0,33.72,8.89,55.56,4.72,False,True,True,True,True,True,False,True,80.0,Silver
242766,17,90.48,0.0,0,0.0,55.08,47.06,11.76,4.64,True,True,True,True,False,False,True,False,60.0,Retraining
242767,4,100.0,0.0,0,0.0,62.82,50.0,25.0,5.0,True,True,True,True,False,False,False,True,70.0,Silver
242768,16,76.19,0.0,0,0.0,35.43,31.25,6.25,4.5,False,True,True,True,True,True,True,False,70.0,Silver
242769,62,88.75,3.75,0,0.0,44.75,37.1,1.61,4.59,False,False,True,True,True,True,True,False,55.0,Retraining
242770,53,100.0,0.0,0,0.0,41.88,45.28,5.66,4.89,True,True,True,True,True,False,True,True,90.0,Gold
242771,36,100.0,0.0,0,0.0,35.37,33.33,8.33,4.94,True,True,True,True,True,True,True,True,100.0,Gold
242772,53,95.08,0.0,0,0.0,35.07,41.51,15.09,4.65,True,True,True,True,True,False,False,False,70.0,Silver
242773,10,91.67,0.0,0,0.0,39.62,20.0,10.0,5.0,True,True,True,True,True,True,True,True,100.0,Gold
242774,13,75.0,0.0,2,0.0,29.26,53.85,7.69,4.5,False,True,False,True,True,False,True,False,45.0,Retraining
242775,21,100.0,4.35,0,0.0,43.39,47.62,0.0,4.6,True,False,True,True,True,False,True,False,60.0,Retraining
242776,18,100.0,0.0,0,0.0,23.74,16.67,0.0,4.73,True,True,True,True,True,True,True,True,100.0,Gold
242777,38,97.44,0.0,0,0.0,35.73,31.58,2.63,4.71,True,True,True,True,True,True,True,True,100.0,Gold
242778,40,88.46,0.0,0,0.0,44.33,37.5,17.5,4.53,False,True,True,True,True,True,False,False,65.0,Retraining
242779,26,83.78,2.7,0,3.23,72.34,34.62,0.0,4.54,False,False,True,False,False,True,True,False,30.0,Retraining
242780,12,80.0,0.0,0,0.0,23.69,41.67,0.0,4.82,False,True,True,True,True,False,True,True,75.0,Silver
242781,34,97.3,0.0,0,0.0,47.09,41.18,17.65,4.25,True,True,True,True,False,False,False,False,55.0,Retraining
242782,19,100.0,0.0,0,4.55,46.92,26.32,0.0,4.9,True,True,True,False,False,True,True,True,75.0,Silver
242783,11,65.22,4.35,0,0.0,38.2,36.36,9.09,4.8,False,False,True,True,True,True,True,True,70.0,Silver
242784,27,81.82,0.0,0,0.0,32.27,44.44,18.52,4.44,False,True,True,True,True,False,False,False,55.0,Retraining
242785,11,65.0,0.0,0,0.0,38.0,45.45,0.0,4.2,False,True,True,True,True,False,True,False,60.0,Retraining
242786,48,94.92,0.0,1,0.0,39.83,25.0,12.5,4.67,True,True,True,True,True,True,True,False,85.0,Gold
242787,51,94.83,0.0,0,0.0,38.93,19.61,11.76,4.6,True,True,True,True,True,True,True,False,85.0,Gold
242788,40,93.75,0.0,0,0.0,47.41,37.5,2.5,4.77,True,True,True,True,False,True,True,True,85.0,Gold
242789,23,93.55,3.23,0,0.0,42.68,34.78,13.04,4.79,True,False,True,True,True,True,True,True,85.0,Gold
242790,11,100.0,7.14,0,0.0,38.5,18.18,9.09,4.86,True,False,True,True,True,True,True,True,85.0,Gold
242791,12,93.33,0.0,0,7.14,50.24,16.67,0.0,4.75,True,True,True,False,False,True,True,True,75.0,Silver
242792,9,100.0,10.0,0,0.0,65.81,44.44,0.0,4.5,True,False,True,True,False,False,True,False,45.0,Retraining
242793,4,100.0,28.57,0,0.0,42.31,50.0,25.0,4.33,True,False,True,True,True,False,False,False,55.0,Retraining
242794,68,97.44,0.0,0,0.0,27.56,38.24,1.47,4.28,True,True,True,True,True,True,True,False,85.0,Gold
242795,26,100.0,0.0,0,0.0,42.39,61.54,11.54,4.94,True,True,True,True,True,False,True,True,90.0,Gold
242796,44,100.0,0.0,0,0.0,44.36,52.27,0.0,4.52,True,True,True,True,True,False,True,False,75.0,Silver
242797,23,96.0,4.0,0,0.0,37.04,43.48,17.39,4.71,True,False,True,True,True,False,False,True,70.0,Silver
242798,10,78.57,0.0,0,0.0,46.28,30.0,30.0,4.5,False,True,True,True,False,True,False,False,50.0,Retraining
242799,46,80.0,0.0,0,0.0,51.19,41.3,19.57,4.67,False,True,True,True,False,False,False,False,40.0,Retraining
242800,41,97.87,0.0,0,0.0,27.9,43.9,17.07,4.83,True,True,True,True,True,False,False,True,85.0,Gold
242801,9,66.67,0.0,0,0.0,58.02,33.33,22.22,4.8,False,True,True,True,False,True,False,True,65.0,Retraining
242802,111,98.32,0.0,0,0.0,35.7,42.34,0.9,4.7,True,True,True,True,True,False,True,True,90.0,Gold
242803,9,100.0,0.0,0,0.0,47.7,44.44,11.11,4.8,True,True,True,True,False,False,True,True,75.0,Silver
242804,29,91.43,0.0,0,0.0,36.0,37.93,13.79,4.58,True,True,True,True,True,True,True,False,85.0,Gold
242805,61,84.81,2.53,0,0.0,42.08,50.82,13.11,4.84,False,False,True,True,True,False,True,True,60.0,Retraining
242806,17,77.27,0.0,0,0.0,43.29,47.06,17.65,4.17,False,True,True,True,True,False,False,False,55.0,Retraining
242807,12,100.0,0.0,0,0.0,27.97,41.67,16.67,4.5,True,True,True,True,True,False,False,False,70.0,Silver
242808,37,97.37,0.0,0,0.0,19.42,51.35,5.41,4.47,True,True,True,True,True,False,True,False,75.0,Silver
242809,46,98.0,0.0,0,0.0,22.04,50.0,4.35,5.0,True,True,True,True,True,False,True,True,90.0,Gold
242810,51,95.08,0.0,0,1.72,41.91,37.25,7.84,4.59,True,True,True,False,True,True,True,False,75.0,Silver
242811,45,83.05,0.0,0,0.0,49.02,44.44,13.33,4.67,False,True,True,True,False,False,True,False,45.0,Retraining
242812,18,69.44,0.0,0,0.0,53.6,38.89,33.33,4.7,False,True,True,True,False,True,False,True,65.0,Retraining
242813,25,87.88,3.03,0,0.0,42.2,40.0,4.0,4.93,False,False,True,True,True,True,True,True,70.0,Silver
242814,18,100.0,0.0,0,0.0,44.99,61.11,0.0,4.36,True,True,True,True,True,False,True,False,75.0,Silver
242815,11,100.0,0.0,0,0.0,51.45,72.73,27.27,5.0,True,True,True,True,False,False,False,True,70.0,Silver
242816,38,100.0,0.0,0,0.0,40.45,39.47,21.05,4.5,True,True,True,True,True,True,False,False,80.0,Silver
242817,7,100.0,0.0,0,0.0,19.28,28.57,0.0,4.86,True,True,True,True,True,True,True,True,100.0,Gold
242818,25,82.35,0.0,0,0.0,48.76,32.0,12.0,4.78,False,True,True,True,False,True,True,True,70.0,Silver
242819,6,100.0,12.5,0,0.0,27.76,0.0,16.67,5.0,True,False,True,True,True,True,False,True,80.0,Silver
242820,11,100.0,8.33,0,0.0,31.77,81.82,0.0,4.36,True,False,True,True,True,False,True,False,60.0,Retraining
242821,20,55.26,0.0,0,0.0,24.47,60.0,5.0,4.5,False,True,True,True,True,False,True,False,60.0,Retraining
242822,18,100.0,0.0,0,0.0,31.25,44.44,0.0,4.83,True,True,True,True,True,False,True,True,90.0,Gold
242823,9,80.0,0.0,0,0.0,61.17,44.44,22.22,4.75,False,True,True,True,False,False,False,True,55.0,Retraining
242824,12,100.0,7.14,0,0.0,25.03,0.0,8.33,4.44,True,False,True,True,True,True,True,False,70.0,Silver
242825,8,88.89,0.0,0,0.0,34.55,37.5,25.0,4.67,False,True,True,True,True,True,False,False,65.0,Retraining
242826,9,100.0,0.0,0,0.0,46.94,77.78,22.22,5.0,True,True,True,True,False,False,False,True,70.0,Silver
242827,4,100.0,0.0,0,0.0,10.27,0.0,0.0,5.0,True,True,True,True,True,True,True,True,100.0,Gold
242828,33,97.62,0.0,0,0.0,35.33,42.42,6.06,4.47,True,True,True,True,True,False,True,False,75.0,Silver
242829,11,100.0,0.0,0,0.0,54.05,36.36,27.27,4.29,True,True,True,True,False,True,False,False,65.0,Retraining
242830,9,100.0,9.09,0,0.0,38.08,77.78,0.0,4.43,True,False,True,True,True,False,True,False,60.0,Retraining
242831,27,100.0,0.0,0,0.0,42.98,48.15,7.41,4.78,True,True,True,True,True,False,True,True,90.0,Gold
242832,2,66.67,0.0,0,0.0,56.66,0.0,50.0,5.0,False,True,True,True,False,True,False,True,65.0,Retraining
242833,30,80.0,0.0,0,0.0,48.69,40.0,3.33,4.56,False,True,True,True,False,True,True,False,55.0,Retraining
242834,73,82.47,0.0,0,0.0,47.11,56.16,12.33,4.43,False,True,True,True,False,False,True,False,45.0,Retraining
242835,5,70.0,0.0,0,28.57,58.03,40.0,0.0,,False,True,True,False,False,True,True,False,45.0,Retraining
242836,17,73.08,0.0,0,0.0,54.59,29.41,0.0,4.83,False,True,True,True,False,True,True,True,70.0,Silver
242837,44,92.16,3.92,0,0.0,31.73,38.64,4.55,4.24,True,False,True,True,True,True,True,False,70.0,Silver
242838,12,100.0,0.0,0,0.0,55.16,50.0,16.67,4.86,True,True,True,True,False,False,False,True,70.0,Silver
242839,36,97.56,0.0,0,0.0,24.35,47.22,2.78,4.64,True,True,True,True,True,False,True,False,75.0,Silver
242840,3,75.0,0.0,0,0.0,33.25,33.33,0.0,5.0,False,True,True,True,True,True,True,True,85.0,Gold
242841,41,94.34,0.0,0,2.0,53.44,53.66,0.0,4.0,True,True,True,False,False,False,True,False,50.0,Retraining
242842,83,95.7,0.0,0,0.0,36.73,42.17,8.43,4.59,True,True,True,True,True,False,True,False,75.0,Silver
242843,43,87.27,0.0,0,0.0,39.12,27.91,4.65,4.77,False,True,True,True,True,True,True,True,85.0,Gold
242844,14,56.67,0.0,0,0.0,42.44,50.0,21.43,4.43,False,True,True,True,True,False,False,False,55.0,Retraining
242845,13,84.21,0.0,0,0.0,61.78,38.46,30.77,4.36,False,True,True,True,False,True,False,False,50.0,Retraining
242846,79,90.91,0.91,0,5.0,34.9,44.3,17.72,4.73,True,True,True,False,True,False,False,True,75.0,Silver
242847,65,89.61,0.0,0,0.0,58.03,23.08,26.15,4.61,False,True,True,True,False,True,False,False,50.0,Retraining
242848,16,83.33,4.17,0,0.0,64.74,50.0,6.25,4.45,False,False,True,True,False,False,True,False,30.0,Retraining
242849,3,75.0,0.0,0,0.0,35.1,66.67,33.33,5.0,False,True,True,True,True,False,False,True,70.0,Silver
242850,25,100.0,0.0,0,0.0,43.87,44.0,4.0,4.94,True,True,True,True,True,False,True,True,90.0,Gold
242851,28,94.29,2.86,1,0.0,45.11,50.0,17.86,4.2,True,False,True,True,False,False,False,False,40.0,Retraining
242852,24,89.19,2.7,0,0.0,37.17,29.17,16.67,5.0,False,False,True,True,True,True,False,True,65.0,Retraining
242853,14,77.78,0.0,0,0.0,64.37,42.86,0.0,5.0,False,True,True,True,False,False,True,True,60.0,Retraining
242854,22,80.56,0.0,0,6.9,32.36,40.91,9.09,4.87,False,True,True,False,True,False,True,True,65.0,Retraining
242855,27,100.0,3.23,0,0.0,39.66,48.15,25.93,4.59,True,False,True,True,True,False,False,False,55.0,Retraining
242856,6,78.57,21.43,0,0.0,32.85,16.67,16.67,3.67,False,False,True,True,True,True,False,False,50.0,Retraining
242857,100,97.39,0.0,0,0.89,37.65,42.0,5.0,4.8,True,True,True,True,True,False,True,True,90.0,Gold
242858,5,100.0,0.0,0,0.0,35.65,40.0,20.0,5.0,True,True,True,True,True,True,False,True,95.0,Gold
242859,108,98.28,0.0,0,0.0,22.88,55.56,1.85,4.73,True,True,True,True,True,False,True,True,90.0,Gold
242860,26,93.55,0.0,0,0.0,37.56,50.0,23.08,4.82,True,True,True,True,True,False,False,True,85.0,Gold
242861,30,100.0,0.0,0,0.0,27.58,43.33,3.33,4.67,True,True,True,True,True,False,True,False,75.0,Silver
242862,18,100.0,0.0,0,5.0,25.63,44.44,0.0,4.62,True,True,True,False,True,False,True,False,65.0,Retraining
242863,101,100.0,0.0,0,0.0,17.04,34.65,0.99,4.74,True,True,True,True,True,True,True,True,100.0,Gold
242864,35,95.45,0.0,0,0.0,41.0,54.29,8.57,4.55,True,True,True,True,True,False,True,False,75.0,Silver
242865,128,95.8,0.7,0,0.0,19.43,66.41,3.91,4.56,True,True,True,True,True,False,True,False,75.0,Silver
242866,18,95.24,0.0,0,0.0,47.22,38.89,27.78,4.73,True,True,True,True,False,True,False,True,80.0,Silver
242867,2,75.0,0.0,0,0.0,77.01,0.0,50.0,5.0,False,True,True,True,False,True,False,True,65.0,Retraining
242868,94,99.0,0.0,0,0.0,36.36,41.49,5.32,4.69,True,True,True,True,True,False,True,False,75.0,Silver
242869,12,93.75,12.5,0,0.0,52.24,91.67,16.67,4.71,True,False,True,True,False,False,False,True,55.0,Retraining
242870,18,100.0,0.0,0,0.0,43.79,55.56,0.0,5.0,True,True,True,True,True,False,True,True,90.0,Gold
242871,45,91.23,0.0,0,1.92,36.13,57.78,17.78,4.53,True,True,True,False,True,False,False,False,60.0,Retraining
242872,2,66.67,0.0,0,0.0,90.69,50.0,0.0,5.0,False,True,True,True,False,False,True,True,60.0,Retraining
242873,6,84.21,15.79,0,0.0,45.09,66.67,0.0,5.0,False,False,True,True,False,False,True,True,45.0,Retraining
242874,13,93.33,0.0,0,0.0,35.31,38.46,38.46,5.0,True,True,True,True,True,True,False,True,95.0,Gold
242875,32,97.56,7.32,0,0.0,44.06,28.13,0.0,5.0,True,False,True,True,True,True,True,True,85.0,Gold
242876,10,84.62,0.0,0,0.0,35.6,40.0,0.0,4.33,False,True,True,True,True,True,True,False,70.0,Silver
242877,24,100.0,0.0,0,0.0,51.09,37.5,0.0,4.62,True,True,True,True,False,True,True,False,70.0,Silver
242878,37,97.62,4.76,0,0.0,49.82,56.76,10.81,4.41,True,False,True,True,False,False,True,False,45.0,Retraining
242879,92,97.27,0.0,0,2.8,44.53,44.57,17.39,4.92,True,True,True,False,True,False,False,True,75.0,Silver
242880,45,70.59,0.0,0,0.0,53.64,42.22,17.78,4.89,False,True,True,True,False,False,False,True,55.0,Retraining
242881,18,100.0,9.09,0,0.0,40.7,44.44,11.11,4.5,True,False,True,True,True,False,True,False,60.0,Retraining
242882,14,100.0,0.0,1,0.0,42.17,78.57,14.29,3.86,True,True,True,True,True,False,True,False,75.0,Silver
242883,57,97.47,0.0,0,1.3,32.09,52.63,12.28,4.5,True,True,True,False,True,False,True,False,65.0,Retraining
242884,110,83.23,0.0,0,0.75,28.53,37.27,15.45,4.42,False,True,True,True,True,True,False,False,65.0,Retraining
242885,12,100.0,0.0,0,0.0,40.19,50.0,25.0,4.14,True,True,True,True,True,False,False,False,70.0,Silver
242886,39,76.81,4.35,0,1.89,43.97,28.21,0.0,4.9,False,False,True,False,True,True,True,True,60.0,Retraining
242887,5,100.0,25.0,0,0.0,20.28,60.0,0.0,4.8,True,False,True,True,True,False,True,True,75.0,Silver
242888,22,95.83,0.0,0,0.0,54.87,36.36,22.73,4.22,True,True,True,True,False,True,False,False,65.0,Retraining
242889,13,83.33,0.0,0,6.67,44.86,15.38,38.46,5.0,False,True,True,False,True,True,False,True,70.0,Silver
242890,12,100.0,0.0,0,0.0,41.13,25.0,0.0,4.88,True,True,True,True,True,True,True,True,100.0,Gold
242891,10,84.62,0.0,0,0.0,40.62,50.0,20.0,4.88,False,True,True,True,True,False,False,True,70.0,Silver
242892,13,100.0,5.56,0,0.0,41.83,46.15,15.38,4.67,True,False,True,True,True,False,False,False,55.0,Retraining
242893,12,100.0,6.67,0,0.0,37.91,41.67,8.33,5.0,True,False,True,True,True,False,True,True,75.0,Silver
242894,49,87.69,0.0,0,0.0,51.23,32.65,40.82,4.77,False,True,True,True,False,True,False,True,65.0,Retraining
242895,57,80.68,0.0,0,0.0,52.44,36.84,3.51,4.57,False,True,True,True,False,True,True,False,55.0,Retraining
242896,21,100.0,4.35,0,0.0,21.26,52.38,4.76,4.92,True,False,True,True,True,False,True,True,75.0,Silver
242897,59,81.33,0.0,1,0.0,42.35,40.68,3.39,4.6,False,True,True,True,True,False,True,False,60.0,Retraining
242898,51,100.0,1.79,0,0.0,40.54,52.94,19.61,4.88,True,True,True,True,True,False,False,True,85.0,Gold
242899,40,100.0,0.0,0,0.0,15.8,55.0,7.5,4.26,True,True,True,True,True,False,True,False,75.0,Silver
242900,30,97.14,0.0,0,0.0,44.34,56.67,13.33,5.0,True,True,True,True,True,False,True,True,90.0,Gold
242901,63,92.41,2.53,0,1.37,44.92,53.97,1.59,4.68,True,False,True,False,True,False,True,False,50.0,Retraining
242902,66,92.59,0.0,0,0.0,21.75,50.0,4.55,4.61,True,True,True,True,True,False,True,False,75.0,Silver
242903,45,98.0,2.0,0,0.0,34.02,37.78,11.11,4.83,True,True,True,True,True,True,True,True,100.0,Gold
242904,18,100.0,0.0,0,0.0,9.09,0.0,0.0,4.88,True,True,True,True,True,True,True,True,100.0,Gold
242905,27,100.0,0.0,0,3.23,34.41,37.04,7.41,4.89,True,True,True,False,True,True,True,True,90.0,Gold
242906,24,100.0,0.0,0,3.57,47.5,50.0,12.5,4.75,True,True,True,False,False,False,True,True,65.0,Retraining
242907,21,79.31,0.0,0,4.35,48.33,47.62,19.05,4.56,False,True,True,False,False,False,False,False,30.0,Retraining
242908,30,97.37,2.63,0,0.0,51.67,36.67,3.33,4.67,True,False,True,True,False,True,True,False,55.0,Retraining
242909,7,66.67,8.33,0,0.0,58.58,57.14,42.86,4.33,False,False,True,True,False,False,False,False,25.0,Retraining
242910,48,92.31,1.54,0,0.0,52.88,27.08,8.33,4.92,True,True,True,True,False,True,True,True,85.0,Gold
242911,21,92.31,7.69,0,0.0,46.84,28.57,9.52,4.67,True,False,True,True,False,True,True,False,55.0,Retraining
242912,11,100.0,0.0,0,0.0,37.2,72.73,18.18,4.75,True,True,True,True,True,False,False,True,85.0,Gold
242913,18,90.48,0.0,0,0.0,56.01,33.33,11.11,4.62,True,True,True,True,False,True,True,False,70.0,Silver
242914,27,96.97,0.0,0,0.0,33.68,40.74,7.41,4.8,True,True,True,True,True,False,True,True,90.0,Gold
242915,41,92.06,3.17,0,0.0,37.5,41.46,14.63,4.43,True,False,True,True,True,False,True,False,60.0,Retraining
242916,21,91.3,0.0,0,0.0,45.31,42.86,33.33,4.85,True,True,True,True,False,False,False,True,70.0,Silver
242917,32,51.47,0.0,0,2.86,22.13,43.75,0.0,4.67,False,True,True,False,True,False,True,False,50.0,Retraining
242918,13,100.0,0.0,0,0.0,49.7,46.15,7.69,4.78,True,True,True,True,False,False,True,True,75.0,Silver
242919,18,100.0,0.0,0,0.0,33.03,44.44,0.0,4.6,True,True,True,True,True,False,True,False,75.0,Silver
242920,2,100.0,0.0,0,0.0,66.95,50.0,50.0,4.5,True,True,True,True,False,False,False,False,55.0,Retraining
242921,28,100.0,0.0,0,0.0,33.43,35.71,10.71,4.75,True,True,True,True,True,True,True,True,100.0,Gold
242922,3,100.0,16.67,0,0.0,59.65,0.0,33.33,5.0,True,False,True,True,False,True,False,True,65.0,Retraining
242923,14,72.0,0.0,0,0.0,42.52,42.86,0.0,4.86,False,True,True,True,True,False,True,True,75.0,Silver
242924,36,84.0,0.0,0,0.0,52.75,27.78,38.89,4.65,False,True,True,True,False,True,False,False,50.0,Retraining
242925,2,66.67,0.0,0,0.0,74.75,100.0,100.0,4.5,False,True,True,True,False,False,False,False,40.0,Retraining
242926,19,95.24,0.0,0,0.0,26.55,47.37,5.26,4.86,True,True,True,True,True,False,True,True,90.0,Gold
242927,3,100.0,0.0,0,0.0,68.52,66.67,66.67,5.0,True,True,True,True,False,False,False,True,70.0,Silver
242928,53,95.0,1.67,0,0.0,35.86,52.83,20.75,4.79,True,True,True,True,True,False,False,True,85.0,Gold
242929,55,98.39,1.61,0,0.0,42.27,45.45,5.45,4.88,True,True,True,True,True,False,True,True,90.0,Gold
242930,14,92.0,0.0,0,4.35,59.45,50.0,0.0,3.5,True,True,True,False,False,False,True,False,50.0,Retraining
242931,8,50.0,5.56,0,0.0,45.45,37.5,0.0,4.71,False,False,True,True,False,True,True,True,55.0,Retraining
242932,82,95.6,1.1,0,0.0,30.19,48.78,8.54,4.7,True,True,True,True,True,False,True,True,90.0,Gold
242933,30,96.97,0.0,0,0.0,50.15,30.0,10.0,4.8,True,True,True,True,False,True,True,True,85.0,Gold
242934,45,98.04,0.0,0,0.0,36.76,37.78,2.22,4.73,True,True,True,True,True,True,True,True,100.0,Gold
242935,62,92.0,1.33,1,0.0,39.58,59.68,12.9,4.92,True,True,True,True,True,False,True,True,90.0,Gold
242936,2,28.57,0.0,0,0.0,84.11,0.0,50.0,,False,True,True,True,False,True,False,False,50.0,Retraining
242937,12,100.0,0.0,0,0.0,25.2,33.33,0.0,5.0,True,True,True,True,True,True,True,True,100.0,Gold
242938,3,100.0,0.0,0,0.0,9.11,0.0,33.33,5.0,True,True,True,True,True,True,False,True,95.0,Gold
242939,10,100.0,0.0,0,0.0,35.72,50.0,0.0,3.5,True,True,True,True,True,False,True,False,75.0,Silver
242940,55,86.84,0.0,0,1.52,44.57,41.82,20.0,4.79,False,True,True,False,True,False,False,True,60.0,Retraining
242941,27,100.0,0.0,0,0.0,35.14,70.37,14.81,4.72,True,True,True,True,True,False,True,True,90.0,Gold
242942,119,97.14,0.0,0,0.0,23.33,39.5,3.36,4.79,True,True,True,True,True,True,True,True,100.0,Gold
242943,27,97.22,0.0,0,0.0,48.46,40.74,0.0,5.0,True,True,True,True,False,False,True,True,75.0,Silver
242944,2,66.67,0.0,0,0.0,33.89,0.0,50.0,5.0,False,True,True,True,True,True,False,True,80.0,Silver
242945,13,100.0,0.0,0,0.0,38.27,61.54,15.38,4.73,True,True,True,True,True,False,False,True,85.0,Gold
242946,34,95.0,0.0,0,0.0,45.18,44.12,8.82,4.83,True,True,True,True,False,False,True,True,75.0,Silver
242947,87,90.48,0.95,0,0.0,46.42,43.68,12.64,4.8,True,True,True,True,False,False,True,True,75.0,Silver
242948,9,100.0,0.0,0,0.0,52.8,33.33,11.11,4.5,True,True,True,True,False,True,True,False,70.0,Silver
242949,57,94.2,0.0,0,0.0,46.06,36.84,14.04,4.9,True,True,True,True,False,True,True,True,85.0,Gold
242950,4,66.67,0.0,0,0.0,27.76,75.0,0.0,4.67,False,True,True,True,True,False,True,False,60.0,Retraining
242951,11,100.0,0.0,0,0.0,49.8,54.55,0.0,4.83,True,True,True,True,False,False,True,True,75.0,Silver
242952,101,97.25,0.0,0,0.0,28.11,46.53,5.94,4.73,True,True,True,True,True,False,True,True,90.0,Gold
242953,33,76.0,2.0,0,0.0,36.96,30.3,18.18,4.96,False,True,True,True,True,True,False,True,80.0,Silver
242954,44,96.23,0.0,0,0.0,42.98,68.18,2.27,4.72,True,True,True,True,True,False,True,True,90.0,Gold
242955,9,90.91,0.0,0,0.0,43.71,88.89,22.22,5.0,True,True,True,True,True,False,False,True,85.0,Gold
242956,3,100.0,0.0,0,0.0,35.93,33.33,33.33,5.0,True,True,True,True,True,True,False,True,95.0,Gold
242957,20,88.46,0.0,0,0.0,31.05,45.0,10.0,4.53,False,True,True,True,True,False,True,False,60.0,Retraining
242958,2,100.0,0.0,0,0.0,97.82,0.0,50.0,4.0,True,True,True,True,False,True,False,False,65.0,Retraining
242959,8,81.82,0.0,0,0.0,36.89,62.5,0.0,4.67,False,True,True,True,True,False,True,False,60.0,Retraining
242960,5,100.0,16.67,0,0.0,57.33,40.0,0.0,4.0,True,False,True,True,False,True,True,False,55.0,Retraining
242961,59,97.4,0.0,0,0.0,46.5,37.29,35.59,4.67,True,True,True,True,False,True,False,False,65.0,Retraining
242962,27,91.18,0.0,0,0.0,42.06,29.63,7.41,4.91,True,True,True,True,True,True,True,True,100.0,Gold
242963,35,95.0,0.0,0,0.0,39.11,14.29,2.86,4.57,True,True,True,True,True,True,True,False,85.0,Gold
242964,8,100.0,0.0,0,7.69,48.33,25.0,0.0,4.5,True,True,True,False,False,True,True,False,60.0,Retraining
242965,5,100.0,16.67,0,0.0,61.37,20.0,60.0,4.0,True,False,True,True,False,True,False,False,50.0,Retraining
242966,52,94.92,1.69,0,0.0,44.69,50.0,26.92,4.33,True,True,True,True,True,False,False,False,70.0,Silver
242967,17,100.0,14.29,0,0.0,35.77,58.82,23.53,4.54,True,False,True,True,True,False,False,False,55.0,Retraining
242968,7,100.0,0.0,0,0.0,61.52,71.43,0.0,4.75,True,True,True,True,False,False,True,True,75.0,Silver
242969,27,96.55,3.45,1,0.0,47.23,44.44,11.11,4.67,True,False,True,True,False,False,True,False,45.0,Retraining
242970,6,100.0,0.0,0,0.0,42.02,83.33,0.0,5.0,True,True,True,True,True,False,True,True,90.0,Gold
242971,36,90.91,0.0,0,0.0,43.39,38.89,22.22,4.81,True,True,True,True,True,True,False,True,95.0,Gold
242972,50,98.25,0.0,0,0.0,48.51,48.0,16.0,4.89,True,True,True,True,False,False,False,True,70.0,Silver
242973,28,100.0,0.0,0,0.0,26.45,50.0,7.14,4.36,True,True,True,True,True,False,True,False,75.0,Silver
242974,58,95.12,0.0,0,0.0,32.94,62.07,5.17,4.95,True,True,True,True,True,False,True,True,90.0,Gold
242975,41,91.67,0.0,0,0.0,47.46,39.02,17.07,4.1,True,True,True,True,False,True,False,False,65.0,Retraining
242976,54,79.73,0.0,0,0.0,37.8,48.15,35.19,4.5,False,True,True,True,True,False,False,False,55.0,Retraining
242977,25,100.0,0.0,0,0.0,14.01,36.0,0.0,4.9,True,True,True,True,True,True,True,True,100.0,Gold
242978,3,75.0,0.0,0,0.0,7.86,0.0,0.0,5.0,False,True,True,True,True,True,True,True,85.0,Gold
242979,34,92.11,0.0,0,0.0,48.16,67.65,5.88,4.65,True,True,True,True,False,False,True,False,60.0,Retraining
242980,97,90.76,1.68,1,0.0,40.69,45.36,17.53,4.74,True,True,True,True,True,False,False,True,85.0,Gold
242981,35,97.5,2.5,0,0.0,24.15,42.86,8.57,4.38,True,False,True,True,True,False,True,False,60.0,Retraining
242982,37,97.56,0.0,0,0.0,43.25,54.05,10.81,4.7,True,True,True,True,True,False,True,True,90.0,Gold
242983,53,98.28,0.0,0,0.0,25.66,41.51,0.0,4.64,True,True,True,True,True,False,True,False,75.0,Silver
242984,2,66.67,0.0,0,0.0,32.2,50.0,0.0,5.0,False,True,True,True,True,False,True,True,75.0,Silver
242985,9,78.57,0.0,0,0.0,48.76,66.67,11.11,5.0,False,True,True,True,False,False,True,True,60.0,Retraining
242986,103,91.2,0.8,0,0.88,32.77,44.66,13.59,4.84,True,True,True,True,True,False,True,True,90.0,Gold
242987,11,91.67,0.0,0,0.0,63.26,36.36,36.36,4.88,True,True,True,True,False,True,False,True,80.0,Silver
242988,25,96.43,3.57,0,0.0,46.07,20.0,0.0,5.0,True,False,True,True,False,True,True,True,70.0,Silver
242989,138,92.31,0.0,1,0.0,22.62,26.09,4.35,4.58,True,True,True,True,True,True,True,False,85.0,Gold
242990,27,93.33,0.0,0,0.0,35.17,33.33,11.11,5.0,True,True,True,True,True,True,True,True,100.0,Gold
242991,29,96.67,0.0,0,0.0,39.32,58.62,3.45,4.89,True,True,True,True,True,False,True,True,90.0,Gold
242992,32,94.87,0.0,0,0.0,58.32,56.25,31.25,4.63,True,True,True,True,False,False,False,False,55.0,Retraining
242993,8,91.67,8.33,0,0.0,21.96,25.0,0.0,4.71,True,False,True,True,True,True,True,True,85.0,Gold
242994,8,66.67,0.0,0,20.0,56.09,37.5,12.5,3.0,False,True,True,False,False,True,True,False,45.0,Retraining
242995,97,98.08,0.0,0,0.0,15.65,30.93,5.15,4.69,True,True,True,True,True,True,True,False,85.0,Gold
242996,21,84.62,0.0,0,0.0,39.3,42.86,4.76,4.71,False,True,True,True,True,False,True,True,75.0,Silver
242997,33,100.0,0.0,0,0.0,23.21,54.55,15.15,4.47,True,True,True,True,True,False,False,False,70.0,Silver
242998,11,85.71,7.14,0,0.0,51.97,81.82,18.18,3.4,False,False,True,True,False,False,False,False,25.0,Retraining
242999,13,93.33,0.0,0,7.14,28.88,38.46,15.38,4.63,True,True,True,False,True,True,False,False,70.0,Silver
243000,31,97.06,0.0,0,0.0,16.0,3.23,3.23,4.9,True,True,True,True,True,True,True,True,100.0,Gold
243001,114,93.75,0.0,0,0.0,22.38,54.39,0.0,4.61,True,True,True,True,True,False,True,False,75.0,Silver
243002,11,86.67,13.33,0,0.0,43.71,18.18,0.0,4.86,False,False,True,True,True,True,True,True,70.0,Silver
243003,64,98.53,0.0,0,0.0,26.5,51.56,4.69,4.63,True,True,True,True,True,False,True,False,75.0,Silver
243004,10,100.0,0.0,1,0.0,49.7,30.0,10.0,5.0,True,True,True,True,False,True,True,True,85.0,Gold
243005,39,97.67,0.0,0,0.0,38.96,46.15,2.56,4.92,True,True,True,True,True,False,True,True,90.0,Gold
243006,116,100.0,0.0,0,0.0,18.75,43.1,2.59,4.76,True,True,True,True,True,False,True,True,90.0,Gold
243007,21,100.0,0.0,0,0.0,33.94,28.57,9.52,4.75,True,True,True,True,True,True,True,True,100.0,Gold
243008,59,98.63,0.0,0,0.0,24.87,59.32,8.47,4.81,True,True,True,True,True,False,True,True,90.0,Gold
243009,64,87.18,0.0,0,0.0,51.43,37.5,10.94,4.7,False,True,True,True,False,True,True,True,70.0,Silver
243010,3,100.0,25.0,0,0.0,37.44,33.33,33.33,5.0,True,False,True,True,True,True,False,True,80.0,Silver
243011,66,91.03,0.0,0,0.0,46.32,65.15,9.09,4.81,True,True,True,True,False,False,True,True,75.0,Silver
243012,72,96.34,0.0,0,2.53,24.53,45.83,6.94,4.73,True,True,True,False,True,False,True,True,80.0,Silver
243013,115,100.0,0.0,0,0.0,20.79,46.96,3.48,4.89,True,True,True,True,True,False,True,True,90.0,Gold
243014,2,80.0,0.0,0,0.0,33.24,0.0,0.0,5.0,False,True,True,True,True,True,True,True,85.0,Gold
243015,28,96.67,3.33,0,0.0,42.36,28.57,3.57,4.83,True,False,True,True,True,True,True,True,85.0,Gold
243016,40,93.62,0.0,0,0.0,49.77,40.0,2.5,4.95,True,True,True,True,False,True,True,True,85.0,Gold
243017,45,89.47,0.0,0,0.0,34.98,48.89,15.56,4.72,False,True,True,True,True,False,False,True,70.0,Silver
243018,115,81.25,0.63,0,0.0,23.61,33.91,1.74,4.65,False,True,True,True,True,True,True,False,70.0,Silver
243019,2,28.57,0.0,0,0.0,64.86,50.0,0.0,5.0,False,True,True,True,False,False,True,True,60.0,Retraining
243020,63,90.91,1.3,0,1.43,43.71,50.79,15.87,4.84,True,True,True,False,True,False,False,True,75.0,Silver
243021,6,100.0,0.0,0,0.0,76.21,66.67,50.0,4.75,True,True,True,True,False,False,False,True,70.0,Silver
243022,14,93.75,0.0,0,0.0,51.81,28.57,42.86,4.89,True,True,True,True,False,True,False,True,80.0,Silver
243023,61,93.33,4.0,0,0.0,26.81,55.74,9.84,4.79,True,False,True,True,True,False,True,True,75.0,Silver
243024,8,100.0,0.0,0,0.0,57.81,50.0,12.5,5.0,True,True,True,True,False,False,True,True,75.0,Silver
243025,37,90.7,2.33,0,0.0,29.58,45.95,16.22,4.81,True,False,True,True,True,False,False,True,70.0,Silver
243026,36,97.67,0.0,0,0.0,12.58,44.44,0.0,4.6,True,True,True,True,True,False,True,False,75.0,Silver
243027,8,56.25,6.25,0,0.0,50.56,12.5,25.0,4.8,False,False,True,True,False,True,False,True,50.0,Retraining
243028,7,80.0,0.0,0,0.0,49.41,14.29,28.57,4.5,False,True,True,True,False,True,False,False,50.0,Retraining
243029,16,40.0,1.82,0,0.0,38.71,56.25,0.0,4.5,False,True,True,True,True,False,True,False,60.0,Retraining
243030,33,92.68,2.44,0,0.0,34.33,66.67,6.06,4.75,True,False,True,True,True,False,True,True,75.0,Silver
243031,109,98.35,0.0,0,0.0,24.57,48.62,5.5,4.76,True,True,True,True,True,False,True,True,90.0,Gold
243032,5,100.0,0.0,0,0.0,66.97,60.0,60.0,3.33,True,True,True,True,False,False,False,False,55.0,Retraining
243033,9,64.71,0.0,0,0.0,44.17,88.89,77.78,5.0,False,True,True,True,True,False,False,True,70.0,Silver
243034,96,98.08,0.0,0,0.0,19.49,41.67,4.17,4.67,True,True,True,True,True,False,True,False,75.0,Silver
243035,22,95.83,0.0,0,0.0,41.54,40.91,13.64,4.79,True,True,True,True,True,False,True,True,90.0,Gold
243036,23,100.0,0.0,0,0.0,38.27,47.83,8.7,4.69,True,True,True,True,True,False,True,False,75.0,Silver
243037,32,100.0,0.0,0,0.0,53.76,37.5,3.13,4.76,True,True,True,True,False,True,True,True,85.0,Gold
243038,14,100.0,0.0,0,0.0,56.35,57.14,14.29,4.78,True,True,True,True,False,False,True,True,75.0,Silver
243039,83,82.69,0.0,0,0.0,20.64,48.19,8.43,4.71,False,True,True,True,True,False,True,True,75.0,Silver
243040,9,90.0,0.0,0,0.0,35.99,11.11,11.11,4.0,True,True,True,True,True,True,True,False,85.0,Gold
243041,63,84.62,1.1,0,1.3,49.0,46.03,28.57,4.5,False,True,True,False,False,False,False,False,30.0,Retraining
243042,23,96.77,3.23,0,0.0,47.48,47.83,13.04,3.67,True,False,True,True,False,False,True,False,45.0,Retraining
243043,6,100.0,0.0,0,0.0,53.06,83.33,33.33,5.0,True,True,True,True,False,False,False,True,70.0,Silver
243044,50,98.25,0.0,0,0.0,42.94,26.0,14.0,4.84,True,True,True,True,True,True,True,True,100.0,Gold
243045,10,86.67,0.0,0,0.0,41.83,30.0,0.0,4.83,False,True,True,True,True,True,True,True,85.0,Gold
243046,6,100.0,0.0,0,0.0,62.44,50.0,16.67,4.5,True,True,True,True,False,False,False,False,55.0,Retraining
243047,75,58.87,0.71,0,0.0,31.59,41.33,22.67,4.67,False,True,True,True,True,False,False,False,55.0,Retraining
243048,133,97.9,0.0,1,0.0,23.19,57.89,12.03,4.55,True,True,True,True,True,False,True,False,75.0,Silver
243049,21,75.0,0.0,0,0.0,37.46,61.9,4.76,4.69,False,True,True,True,True,False,True,False,60.0,Retraining
243050,15,86.36,0.0,0,0.0,59.36,33.33,20.0,4.5,False,True,True,True,False,True,False,False,50.0,Retraining
243051,15,100.0,0.0,0,0.0,47.89,60.0,13.33,5.0,True,True,True,True,False,False,True,True,75.0,Silver
243052,52,94.37,4.23,1,4.48,41.63,51.92,23.08,4.71,True,False,True,False,True,False,False,True,60.0,Retraining
243053,39,89.58,0.0,0,0.0,37.19,43.59,15.38,4.74,False,True,True,True,True,False,False,True,70.0,Silver
243054,9,90.0,0.0,0,0.0,36.97,33.33,33.33,4.63,True,True,True,True,True,True,False,False,80.0,Silver
243055,12,94.12,5.88,0,0.0,37.81,41.67,8.33,4.43,True,False,True,True,True,False,True,False,60.0,Retraining
243056,82,84.35,0.0,0,0.0,32.82,56.1,6.1,4.49,False,True,True,True,True,False,True,False,60.0,Retraining
243057,18,73.08,0.0,0,5.26,55.22,38.89,27.78,5.0,False,True,True,False,False,True,False,True,55.0,Retraining
243058,10,100.0,0.0,0,0.0,56.76,20.0,0.0,5.0,True,True,True,True,False,True,True,True,85.0,Gold
243059,116,96.72,0.82,0,0.0,7.9,5.17,2.59,4.45,True,True,True,True,True,True,True,False,85.0,Gold
243060,61,95.77,2.82,0,0.0,39.27,40.98,6.56,4.82,True,False,True,True,True,False,True,True,75.0,Silver
243061,9,100.0,0.0,0,0.0,34.56,55.56,0.0,5.0,True,True,True,True,True,False,True,True,90.0,Gold
243062,9,100.0,0.0,0,9.09,47.36,77.78,33.33,4.83,True,True,True,False,False,False,False,True,60.0,Retraining
243063,95,96.08,0.0,0,0.0,25.4,68.42,7.37,4.56,True,True,True,True,True,False,True,False,75.0,Silver
243064,3,100.0,0.0,0,0.0,62.75,0.0,33.33,5.0,True,True,True,True,False,True,False,True,80.0,Silver
243065,27,100.0,0.0,0,0.0,24.43,51.85,7.41,4.54,True,True,True,True,True,False,True,False,75.0,Silver
243066,51,92.06,0.0,0,0.0,43.32,39.22,17.65,4.83,True,True,True,True,True,True,False,True,95.0,Gold
243067,27,96.67,6.67,0,0.0,49.99,48.15,25.93,4.76,True,False,True,True,False,False,False,True,55.0,Retraining
243068,42,94.12,1.96,0,2.08,39.72,50.0,4.76,4.62,True,True,True,False,True,False,True,False,65.0,Retraining
243069,45,92.98,1.75,0,0.0,35.13,28.89,4.44,4.96,True,True,True,True,True,True,True,True,100.0,Gold
243070,39,97.67,0.0,0,0.0,47.4,41.03,0.0,4.84,True,True,True,True,False,False,True,True,75.0,Silver
243071,45,100.0,0.0,0,0.0,38.69,28.89,0.0,4.93,True,True,True,True,True,True,True,True,100.0,Gold
243072,59,98.44,0.0,0,0.0,16.41,11.86,1.69,4.71,True,True,True,True,True,True,True,True,100.0,Gold
243073,9,100.0,0.0,0,0.0,32.07,33.33,0.0,4.67,True,True,True,True,True,True,True,False,85.0,Gold
243074,12,100.0,0.0,0,0.0,49.17,58.33,16.67,4.67,True,True,True,True,False,False,False,False,55.0,Retraining
243075,5,35.48,0.0,0,0.0,39.99,0.0,0.0,5.0,False,True,True,True,True,True,True,True,85.0,Gold
243076,107,94.21,0.0,0,0.0,17.19,40.19,2.8,4.8,True,True,True,True,True,False,True,True,90.0,Gold
243077,9,90.0,0.0,0,0.0,50.1,66.67,22.22,5.0,True,True,True,True,False,False,False,True,70.0,Silver
243078,10,100.0,0.0,0,0.0,54.37,20.0,20.0,4.63,True,True,True,True,False,True,False,False,65.0,Retraining
243079,65,100.0,0.0,0,0.0,34.98,58.46,16.92,4.76,True,True,True,True,True,False,False,True,85.0,Gold
243080,21,95.83,0.0,0,0.0,47.4,23.81,14.29,4.8,True,True,True,True,False,True,True,True,85.0,Gold
243081,119,90.51,2.92,0,0.0,7.09,0.84,0.84,3.67,True,False,True,True,True,True,True,False,70.0,Silver
243082,8,100.0,0.0,0,0.0,21.25,75.0,0.0,4.86,True,True,True,True,True,False,True,True,90.0,Gold
243083,60,98.61,2.78,0,1.41,39.33,38.33,16.67,4.93,True,False,True,False,True,True,False,True,70.0,Silver
243084,7,88.89,0.0,0,0.0,54.59,14.29,57.14,5.0,False,True,True,True,False,True,False,True,65.0,Retraining
243085,48,98.18,0.0,0,0.0,23.32,58.33,2.08,4.83,True,True,True,True,True,False,True,True,90.0,Gold
243086,51,82.86,0.0,0,1.72,48.63,21.57,17.65,4.82,False,True,True,False,False,True,False,True,55.0,Retraining
243087,67,89.02,0.0,0,0.0,26.85,50.75,11.94,4.5,False,True,True,True,True,False,True,False,60.0,Retraining
243088,71,98.68,0.0,0,0.0,17.64,43.66,5.63,4.58,True,True,True,True,True,False,True,False,75.0,Silver
243089,51,98.15,0.0,0,0.0,35.4,47.06,19.61,4.79,True,True,True,True,True,False,False,True,85.0,Gold
243090,119,98.43,0.0,0,0.0,21.14,50.42,4.2,4.74,True,True,True,True,True,False,True,True,90.0,Gold
243091,88,75.41,0.0,0,0.0,23.88,47.73,0.0,4.71,False,True,True,True,True,False,True,True,75.0,Silver
243092,13,88.24,5.88,0,0.0,37.36,61.54,15.38,4.86,False,False,True,True,True,False,False,True,55.0,Retraining
243093,29,100.0,0.0,0,0.0,36.62,20.69,3.45,4.83,True,True,True,True,True,True,True,True,100.0,Gold
243094,18,91.67,4.17,0,0.0,31.25,55.56,5.56,4.94,True,False,True,True,True,False,True,True,75.0,Silver
243095,18,94.74,0.0,0,0.0,38.26,44.44,16.67,4.69,True,True,True,True,True,False,False,False,70.0,Silver
243096,4,57.14,0.0,0,0.0,54.41,25.0,25.0,4.67,False,True,True,True,False,True,False,False,50.0,Retraining
243097,30,89.19,0.0,0,0.0,44.63,36.67,3.33,4.95,False,True,True,True,True,True,True,True,85.0,Gold
243098,108,96.67,0.83,0,0.0,24.69,50.0,11.11,4.83,True,True,True,True,True,False,True,True,90.0,Gold
243099,124,97.76,0.0,0,0.0,21.04,52.42,12.1,4.43,True,True,True,True,True,False,True,False,75.0,Silver
243100,70,92.5,1.25,0,0.0,21.5,52.86,5.71,4.91,True,True,True,True,True,False,True,True,90.0,Gold
243101,51,100.0,0.0,0,0.0,34.72,50.98,3.92,5.0,True,True,True,True,True,False,True,True,90.0,Gold
243102,26,91.43,11.43,0,0.0,30.33,50.0,0.0,5.0,True,False,True,True,True,False,True,True,75.0,Silver
243103,26,93.33,0.0,0,0.0,39.03,38.46,15.38,4.0,True,True,True,True,True,True,False,False,80.0,Silver
243104,4,87.5,12.5,0,0.0,42.86,100.0,25.0,4.0,False,False,True,True,True,False,False,False,40.0,Retraining
243105,12,93.33,0.0,0,0.0,45.24,33.33,0.0,5.0,True,True,True,True,False,True,True,True,85.0,Gold
243106,114,98.4,0.0,0,0.0,17.29,42.98,5.26,4.71,True,True,True,True,True,False,True,True,90.0,Gold
243107,21,85.71,0.0,0,8.33,40.46,57.14,14.29,4.58,False,True,True,False,True,False,True,False,50.0,Retraining
243108,115,97.74,1.5,0,0.0,22.36,51.3,3.48,4.75,True,True,True,True,True,False,True,True,90.0,Gold
243109,9,94.12,0.0,0,0.0,33.6,66.67,0.0,5.0,True,True,True,True,True,False,True,True,90.0,Gold
243110,59,88.57,0.0,0,0.0,29.4,45.76,1.69,4.74,False,True,True,True,True,False,True,True,75.0,Silver
243111,89,96.97,1.01,0,0.0,32.13,47.19,4.49,4.55,True,True,True,True,True,False,True,False,75.0,Silver
243112,5,22.73,0.0,0,0.0,36.5,20.0,0.0,5.0,False,True,True,True,True,True,True,True,85.0,Gold
243113,37,100.0,0.0,0,0.0,23.27,18.92,2.7,4.9,True,True,True,True,True,True,True,True,100.0,Gold
243114,12,85.71,0.0,0,0.0,38.25,33.33,0.0,4.88,False,True,True,True,True,True,True,True,85.0,Gold
243115,14,87.5,0.0,0,0.0,45.6,57.14,7.14,5.0,False,True,True,True,False,False,True,True,60.0,Retraining
243116,13,100.0,0.0,0,0.0,53.08,30.77,15.38,4.63,True,True,True,True,False,True,False,False,65.0,Retraining
243117,12,92.86,0.0,0,0.0,41.91,66.67,0.0,5.0,True,True,True,True,True,False,True,True,90.0,Gold
243118,36,97.62,2.38,0,2.44,39.28,36.11,11.11,4.81,True,False,True,False,True,True,True,True,75.0,Silver
243119,29,93.55,0.0,0,0.0,24.14,48.28,0.0,4.89,True,True,True,True,True,False,True,True,90.0,Gold
243120,31,93.94,0.0,0,0.0,48.03,48.39,16.13,4.69,True,True,True,True,False,False,False,False,55.0,Retraining
243121,6,81.82,0.0,0,0.0,46.35,50.0,16.67,4.8,False,True,True,True,False,False,False,True,55.0,Retraining
243122,35,72.73,1.82,0,0.0,48.98,37.14,8.57,4.81,False,True,True,True,False,True,True,True,70.0,Silver
243123,23,96.43,0.0,0,3.7,22.26,39.13,0.0,4.4,True,True,True,False,True,True,True,False,75.0,Silver
243124,50,90.16,1.64,0,0.0,51.41,28.0,16.0,4.64,True,True,True,True,False,True,False,False,65.0,Retraining
243125,85,88.79,0.93,0,1.05,26.8,51.76,4.71,4.62,False,True,True,False,True,False,True,False,50.0,Retraining
243126,26,84.85,0.0,0,0.0,34.68,23.08,11.54,4.79,False,True,True,True,True,True,True,True,85.0,Gold
243127,80,90.63,0.0,1,1.15,41.38,35.0,13.75,4.76,True,True,True,False,True,True,True,True,90.0,Gold
243128,43,95.83,0.0,0,0.0,32.02,55.81,13.95,4.82,True,True,True,True,True,False,True,True,90.0,Gold
243129,9,100.0,0.0,0,0.0,34.18,66.67,0.0,4.86,True,True,True,True,True,False,True,True,90.0,Gold
243130,67,95.83,0.0,0,0.0,29.74,50.75,10.45,4.89,True,True,True,True,True,False,True,True,90.0,Gold
243131,7,88.89,0.0,0,0.0,46.5,42.86,0.0,5.0,False,True,True,True,False,False,True,True,60.0,Retraining
243132,8,59.09,13.64,0,7.69,35.54,37.5,12.5,5.0,False,False,True,False,True,True,True,True,60.0,Retraining
243133,12,100.0,0.0,0,0.0,31.23,16.67,25.0,4.0,True,True,True,True,True,True,False,False,80.0,Silver
243134,46,92.73,3.64,0,0.0,26.56,23.91,10.87,4.53,True,False,True,True,True,True,True,False,70.0,Silver
243135,13,100.0,11.76,0,0.0,32.64,46.15,0.0,5.0,True,False,True,True,True,False,True,True,75.0,Silver
243136,43,89.47,1.75,0,1.96,43.17,44.19,0.0,4.24,False,True,True,False,True,False,True,False,50.0,Retraining
243137,33,92.86,0.0,0,0.0,40.97,48.48,27.27,4.55,True,True,True,True,True,False,False,False,70.0,Silver
243138,29,85.0,0.0,0,2.94,36.17,44.83,6.9,4.89,False,True,True,False,True,False,True,True,65.0,Retraining
243139,2,100.0,33.33,0,0.0,33.35,100.0,0.0,5.0,True,False,True,True,True,False,True,True,75.0,Silver
243140,49,94.55,0.0,0,0.0,48.57,28.57,10.2,4.57,True,True,True,True,False,True,True,False,70.0,Silver
243141,9,84.62,0.0,0,0.0,64.54,0.0,11.11,4.67,False,True,True,True,False,True,True,False,55.0,Retraining
243142,50,96.72,0.0,0,0.0,48.72,32.0,8.0,4.75,True,True,True,True,False,True,True,True,85.0,Gold
243143,58,89.55,0.0,0,0.0,24.44,34.48,1.72,4.9,False,True,True,True,True,True,True,True,85.0,Gold
243144,23,82.86,0.0,0,0.0,46.0,39.13,0.0,4.82,False,True,True,True,False,True,True,True,70.0,Silver
243145,94,98.11,0.94,0,0.0,22.53,69.15,8.51,4.67,True,True,True,True,True,False,True,False,75.0,Silver
243146,48,93.22,3.39,0,0.0,49.95,39.58,8.33,4.95,True,False,True,True,False,True,True,True,70.0,Silver
243147,19,95.65,0.0,0,0.0,24.91,63.16,5.26,4.27,True,True,True,True,True,False,True,False,75.0,Silver
243148,10,90.91,0.0,0,0.0,45.93,50.0,20.0,4.67,True,True,True,True,False,False,False,False,55.0,Retraining
243149,20,100.0,4.55,0,0.0,37.91,50.0,15.0,5.0,True,False,True,True,True,False,True,True,75.0,Silver
243150,16,88.89,0.0,0,0.0,56.18,18.75,12.5,4.73,False,True,True,True,False,True,True,True,70.0,Silver
243151,54,100.0,0.0,0,0.0,39.89,29.63,1.85,4.84,True,True,True,True,True,True,True,True,100.0,Gold
243152,2,100.0,0.0,0,0.0,41.18,50.0,0.0,4.0,True,True,True,True,True,False,True,False,75.0,Silver
243153,25,96.55,0.0,0,0.0,33.53,20.0,8.0,5.0,True,True,True,True,True,True,True,True,100.0,Gold
243154,3,100.0,0.0,0,0.0,75.54,33.33,66.67,5.0,True,True,True,True,False,True,False,True,80.0,Silver
243155,14,83.33,0.0,0,0.0,50.61,42.86,0.0,4.91,False,True,True,True,False,False,True,True,60.0,Retraining
243156,31,85.0,2.5,0,0.0,32.24,25.81,6.45,4.95,False,False,True,True,True,True,True,True,70.0,Silver
243157,4,100.0,0.0,0,0.0,61.91,25.0,25.0,5.0,True,True,True,True,False,True,False,True,80.0,Silver
243158,6,100.0,0.0,0,0.0,60.0,83.33,0.0,4.33,True,True,True,True,False,False,True,False,60.0,Retraining
243159,49,90.16,1.64,0,1.82,42.75,22.45,8.16,4.73,True,True,True,False,True,True,True,True,90.0,Gold
243160,60,83.95,0.0,0,0.0,30.47,28.33,0.0,4.7,False,True,True,True,True,True,True,True,85.0,Gold
243161,20,100.0,0.0,0,0.0,36.85,25.0,5.0,4.62,True,True,True,True,True,True,True,False,85.0,Gold
243162,49,100.0,0.0,0,0.0,30.15,55.1,8.16,4.72,True,True,True,True,True,False,True,True,90.0,Gold
243163,76,86.41,2.91,0,0.0,34.02,44.74,22.37,4.74,False,False,True,True,True,False,False,True,55.0,Retraining
243164,15,94.74,0.0,0,0.0,53.82,66.67,6.67,4.5,True,True,True,True,False,False,True,False,60.0,Retraining
243165,45,94.12,0.0,0,2.08,25.54,57.78,11.11,4.76,True,True,True,False,True,False,True,True,80.0,Silver
243166,21,100.0,0.0,0,7.69,36.2,23.81,9.52,4.73,True,True,True,False,True,True,True,True,90.0,Gold
243167,35,77.03,1.35,0,1.75,34.92,34.29,17.14,4.65,False,True,True,False,True,True,False,False,55.0,Retraining
243168,52,98.31,0.0,0,0.0,26.85,32.69,11.54,4.89,True,True,True,True,True,True,True,True,100.0,Gold
243169,38,93.33,0.0,0,0.0,33.73,47.37,5.26,4.83,True,True,True,True,True,False,True,True,90.0,Gold
243170,13,88.24,5.88,0,0.0,56.25,38.46,7.69,4.33,False,False,True,True,False,True,True,False,40.0,Retraining
243171,57,91.43,0.0,0,0.0,45.74,36.84,5.26,4.57,True,True,True,True,False,True,True,False,70.0,Silver
243172,28,100.0,3.45,0,0.0,19.83,50.0,10.71,4.83,True,False,True,True,True,False,True,True,75.0,Silver
243173,16,94.44,0.0,0,0.0,55.6,37.5,6.25,4.4,True,True,True,True,False,True,True,False,70.0,Silver
243174,6,100.0,0.0,0,0.0,58.0,33.33,0.0,4.6,True,True,True,True,False,True,True,False,70.0,Silver
243175,92,96.36,0.91,0,0.0,37.31,45.65,21.74,4.55,True,True,True,True,True,False,False,False,70.0,Silver
243176,3,100.0,0.0,0,0.0,31.63,66.67,0.0,,True,True,True,True,True,False,True,False,75.0,Silver
243177,27,89.74,10.26,0,2.86,31.95,40.74,18.52,4.75,False,False,True,False,True,False,False,True,45.0,Retraining
243178,26,57.69,0.0,0,0.0,39.04,30.77,23.08,4.42,False,True,True,True,True,True,False,False,65.0,Retraining
243179,62,94.52,1.37,1,1.45,52.99,38.71,19.35,4.95,True,True,True,False,False,True,False,True,70.0,Silver
243180,26,90.91,0.0,0,0.0,44.0,46.15,19.23,4.81,True,True,True,True,True,False,False,True,85.0,Gold
243181,76,100.0,0.0,0,1.23,33.67,55.26,11.84,4.93,True,True,True,False,True,False,True,True,80.0,Silver
243182,40,97.96,0.0,0,0.0,39.67,40.0,5.0,4.62,True,True,True,True,True,True,True,False,85.0,Gold
243183,26,85.0,0.0,1,0.0,21.32,38.46,3.85,4.45,False,True,True,True,True,True,True,False,70.0,Silver
243184,39,100.0,0.0,0,0.0,43.91,35.9,5.13,4.88,True,True,True,True,True,True,True,True,100.0,Gold
243185,25,83.87,0.0,0,0.0,46.7,24.0,0.0,4.54,False,True,True,True,False,True,True,False,55.0,Retraining
243186,61,95.95,2.7,0,0.0,48.09,57.38,13.11,4.74,True,False,True,True,False,False,True,True,60.0,Retraining
243187,18,95.0,0.0,0,0.0,47.2,27.78,22.22,4.89,True,True,True,True,False,True,False,True,80.0,Silver
243188,68,91.25,0.0,0,0.0,46.18,48.53,10.29,4.6,True,True,True,True,False,False,True,False,60.0,Retraining
243189,70,90.36,1.2,0,0.0,45.18,22.86,4.29,4.71,True,True,True,True,False,True,True,True,85.0,Gold
243190,23,80.0,0.0,0,0.0,34.91,52.17,30.43,4.58,False,True,True,True,True,False,False,False,55.0,Retraining
243191,96,97.22,0.0,0,0.95,37.5,42.71,3.13,4.78,True,True,True,True,True,False,True,True,90.0,Gold
243192,28,100.0,0.0,0,0.0,51.65,35.71,28.57,5.0,True,True,True,True,False,True,False,True,80.0,Silver
243193,44,90.48,0.0,0,0.0,53.26,34.09,11.36,4.64,True,True,True,True,False,True,True,False,70.0,Silver
243194,6,66.67,0.0,0,0.0,50.51,16.67,50.0,4.0,False,True,True,True,False,True,False,False,50.0,Retraining
243195,13,100.0,5.26,0,0.0,36.25,38.46,15.38,4.45,True,False,True,True,True,True,False,False,65.0,Retraining
243196,113,98.39,0.0,0,0.0,35.81,44.25,11.5,4.85,True,True,True,True,True,False,True,True,90.0,Gold
243197,17,91.67,0.0,0,4.55,41.76,70.59,11.76,4.92,True,True,True,False,True,False,True,True,80.0,Silver
243198,30,86.49,2.7,0,0.0,44.09,53.33,6.67,5.0,False,False,True,True,True,False,True,True,60.0,Retraining
243199,12,68.18,4.55,0,0.0,49.87,41.67,0.0,4.67,False,False,True,True,False,False,True,False,30.0,Retraining
243200,3,100.0,25.0,0,0.0,28.8,66.67,0.0,4.0,True,False,True,True,True,False,True,False,60.0,Retraining
243201,3,100.0,0.0,0,0.0,45.12,33.33,0.0,5.0,True,True,True,True,False,True,True,True,85.0,Gold
243202,10,100.0,0.0,0,0.0,33.79,60.0,10.0,4.67,True,True,True,True,True,False,True,False,75.0,Silver
243203,9,100.0,0.0,0,0.0,37.37,55.56,11.11,5.0,True,True,True,True,True,False,True,True,90.0,Gold
243204,18,95.65,0.0,0,0.0,35.01,50.0,16.67,4.88,True,True,True,True,True,False,False,True,85.0,Gold
243205,103,95.12,0.81,0,0.0,26.49,62.14,5.83,4.82,True,True,True,True,True,False,True,True,90.0,Gold
243206,18,50.0,0.0,0,0.0,37.63,38.89,5.56,4.85,False,True,True,True,True,True,True,True,85.0,Gold
243207,97,92.68,1.63,1,0.0,44.15,46.39,24.74,4.56,True,True,True,True,True,False,False,False,70.0,Silver
243208,5,100.0,16.67,0,0.0,33.1,40.0,20.0,4.75,True,False,True,True,True,True,False,True,80.0,Silver
243209,9,61.11,0.0,0,0.0,51.39,33.33,0.0,3.71,False,True,True,True,False,True,True,False,55.0,Retraining
243210,4,83.33,0.0,0,0.0,29.22,50.0,0.0,5.0,False,True,True,True,True,False,True,True,75.0,Silver
243211,32,96.97,1.52,0,1.56,47.01,40.63,3.13,4.57,True,True,True,False,False,False,True,False,50.0,Retraining
243212,9,100.0,18.18,0,0.0,21.25,66.67,33.33,4.83,True,False,True,True,True,False,False,True,70.0,Silver
243213,3,60.0,0.0,0,0.0,66.56,66.67,0.0,3.67,False,True,True,True,False,False,True,False,45.0,Retraining
243214,7,72.73,0.0,0,0.0,73.79,28.57,0.0,5.0,False,True,True,True,False,True,True,True,70.0,Silver
243215,67,98.75,0.0,0,0.0,26.34,43.28,1.49,4.52,True,True,True,True,True,False,True,False,75.0,Silver
243216,86,100.0,0.0,1,0.0,26.11,47.67,6.98,4.7,True,True,True,True,True,False,True,True,90.0,Gold
243217,6,100.0,0.0,0,10.0,73.39,50.0,33.33,5.0,True,True,True,False,False,False,False,True,60.0,Retraining
243218,9,84.62,0.0,0,0.0,31.89,22.22,22.22,5.0,False,True,True,True,True,True,False,True,80.0,Silver
243219,22,96.0,0.0,0,0.0,40.11,36.36,9.09,4.21,True,True,True,True,True,True,True,False,85.0,Gold
243220,41,94.23,0.0,0,0.0,37.79,53.66,19.51,4.32,True,True,True,True,True,False,False,False,70.0,Silver
243221,3,80.0,20.0,0,0.0,39.58,33.33,0.0,4.5,False,False,True,True,True,True,True,False,55.0,Retraining
243222,98,97.3,0.9,0,0.0,20.75,45.92,5.1,4.57,True,True,True,True,True,False,True,False,75.0,Silver
243223,19,84.0,0.0,0,0.0,45.86,26.32,5.26,4.17,False,True,True,True,False,True,True,False,55.0,Retraining
243224,2,100.0,0.0,0,0.0,87.35,0.0,100.0,,True,True,True,True,False,True,False,False,65.0,Retraining
243225,4,83.33,16.67,0,0.0,30.98,25.0,0.0,5.0,False,False,True,True,True,True,True,True,70.0,Silver
243226,45,97.96,2.04,0,0.0,38.45,33.33,4.44,4.84,True,False,True,True,True,True,True,True,85.0,Gold
243227,96,87.7,0.82,0,2.8,27.69,47.92,12.5,4.74,False,True,True,False,True,False,True,True,65.0,Retraining
243228,9,90.0,0.0,0,0.0,36.05,44.44,22.22,5.0,True,True,True,True,True,False,False,True,85.0,Gold
243229,18,100.0,0.0,0,0.0,35.86,33.33,5.56,4.67,True,True,True,True,True,True,True,False,85.0,Gold
243230,13,93.33,0.0,0,0.0,49.78,46.15,23.08,5.0,True,True,True,True,False,False,False,True,70.0,Silver
243231,45,93.65,1.59,0,0.0,22.65,35.56,11.11,4.52,True,True,True,True,True,True,True,False,85.0,Gold
243232,28,87.5,0.0,0,2.86,51.86,50.0,10.71,4.47,False,True,True,False,False,False,True,False,35.0,Retraining
243233,21,95.83,0.0,0,0.0,47.93,42.86,19.05,5.0,True,True,True,True,False,False,False,True,70.0,Silver
243234,27,96.55,0.0,0,0.0,51.98,22.22,14.81,3.85,True,True,True,True,False,True,True,False,70.0,Silver
243235,34,85.71,6.12,0,0.0,51.59,47.06,2.94,4.44,False,False,True,True,False,False,True,False,30.0,Retraining
243236,115,97.48,0.84,0,0.0,6.11,0.0,0.0,,True,True,True,True,True,True,True,False,85.0,Gold
243237,3,83.33,0.0,0,0.0,51.33,100.0,0.0,5.0,False,True,True,True,False,False,True,True,60.0,Retraining
243238,102,90.15,3.03,1,1.68,27.88,31.37,5.88,4.71,True,False,True,False,True,True,True,True,75.0,Silver
243239,9,62.5,0.0,0,0.0,37.91,44.44,0.0,5.0,False,True,True,True,True,False,True,True,75.0,Silver
243240,144,95.86,0.59,0,0.0,37.44,56.94,20.83,4.53,True,True,True,True,True,False,False,False,70.0,Silver
243241,9,64.29,0.0,0,0.0,37.09,11.11,11.11,3.0,False,True,True,True,True,True,True,False,70.0,Silver
243242,70,71.62,0.0,1,1.89,38.69,42.86,27.14,4.49,False,True,True,False,True,False,False,False,45.0,Retraining
243243,7,100.0,0.0,1,0.0,19.55,0.0,0.0,4.0,True,True,True,True,True,True,True,False,85.0,Gold
243244,58,100.0,0.0,0,0.0,39.29,39.66,1.72,4.61,True,True,True,True,True,True,True,False,85.0,Gold
243245,2,100.0,0.0,0,0.0,34.03,50.0,0.0,5.0,True,True,True,True,True,False,True,True,90.0,Gold
243246,65,88.37,3.49,0,0.0,38.03,23.08,7.69,4.67,False,False,True,True,True,True,True,False,55.0,Retraining
243247,65,93.67,0.0,0,0.0,36.49,35.38,7.69,4.47,True,True,True,True,True,True,True,False,85.0,Gold
243248,20,86.67,0.0,0,0.0,55.5,30.0,25.0,4.91,False,True,True,True,False,True,False,True,65.0,Retraining
243249,3,100.0,40.0,0,0.0,32.67,66.67,0.0,4.5,True,False,True,True,True,False,True,False,60.0,Retraining
243250,9,90.91,0.0,0,0.0,34.07,22.22,11.11,4.71,True,True,True,True,True,True,True,True,100.0,Gold
243251,35,67.21,0.0,0,0.0,49.76,28.57,11.43,4.73,False,True,True,True,False,True,True,True,70.0,Silver
243252,17,67.86,0.0,0,0.0,46.3,64.71,0.0,4.38,False,True,True,True,False,False,True,False,45.0,Retraining
243253,9,90.91,0.0,0,0.0,19.75,22.22,0.0,4.83,True,True,True,True,True,True,True,True,100.0,Gold
243254,4,24.0,0.0,0,0.0,52.62,100.0,25.0,5.0,False,True,True,True,False,False,False,True,55.0,Retraining
243255,13,82.35,0.0,0,0.0,38.94,61.54,0.0,4.5,False,True,True,True,True,False,True,False,60.0,Retraining
243256,12,100.0,0.0,0,0.0,37.25,41.67,16.67,5.0,True,True,True,True,True,False,False,True,85.0,Gold
243257,18,75.0,0.0,0,0.0,42.77,50.0,5.56,5.0,False,True,True,True,True,False,True,True,75.0,Silver
243258,11,100.0,0.0,0,0.0,58.02,54.55,0.0,4.86,True,True,True,True,False,False,True,True,75.0,Silver
243259,18,100.0,0.0,0,0.0,35.65,27.78,11.11,5.0,True,True,True,True,True,True,True,True,100.0,Gold
243260,5,100.0,0.0,1,0.0,59.39,20.0,20.0,2.75,True,True,True,True,False,True,False,False,65.0,Retraining
243261,11,89.66,41.38,0,0.0,28.3,36.36,0.0,4.57,False,False,True,True,True,True,True,False,55.0,Retraining
243262,5,100.0,0.0,0,0.0,70.09,40.0,60.0,3.0,True,True,True,True,False,True,False,False,65.0,Retraining
243263,18,84.0,0.0,0,0.0,44.06,22.22,27.78,4.29,False,True,True,True,True,True,False,False,65.0,Retraining
243264,8,100.0,0.0,0,0.0,63.15,50.0,37.5,5.0,True,True,True,True,False,False,False,True,70.0,Silver
243265,46,47.52,0.0,0,0.0,52.75,34.78,6.52,4.92,False,True,True,True,False,True,True,True,70.0,Silver
243266,18,95.45,0.0,0,4.76,34.96,72.22,16.67,4.31,True,True,True,False,True,False,False,False,60.0,Retraining
243267,35,97.56,0.0,0,0.0,53.18,54.29,5.71,4.77,True,True,True,True,False,False,True,True,75.0,Silver
243268,2,15.38,0.0,0,0.0,80.22,50.0,0.0,5.0,False,True,True,True,False,False,True,True,60.0,Retraining
243269,11,100.0,0.0,0,0.0,36.93,63.64,0.0,4.71,True,True,True,True,True,False,True,True,90.0,Gold
243270,34,79.17,0.0,0,2.63,45.71,29.41,0.0,4.95,False,True,True,False,False,True,True,True,60.0,Retraining
243271,10,68.75,6.25,0,0.0,55.16,30.0,10.0,5.0,False,False,True,True,False,True,True,True,55.0,Retraining
243272,10,66.67,5.56,0,0.0,38.23,60.0,0.0,4.14,False,False,True,True,True,False,True,False,45.0,Retraining
243273,12,100.0,0.0,0,0.0,46.73,25.0,25.0,3.83,True,True,True,True,False,True,False,False,65.0,Retraining
243274,23,92.59,0.0,0,0.0,40.29,21.74,8.7,4.75,True,True,True,True,True,True,True,True,100.0,Gold
243275,54,100.0,0.0,0,0.0,41.77,40.74,12.96,4.52,True,True,True,True,True,False,True,False,75.0,Silver
243276,8,83.33,0.0,0,0.0,51.95,50.0,12.5,4.14,False,True,True,True,False,False,True,False,45.0,Retraining
243277,2,100.0,0.0,0,0.0,40.2,100.0,0.0,4.0,True,True,True,True,True,False,True,False,75.0,Silver
243278,95,99.0,1.0,0,0.0,19.17,40.0,0.0,4.62,True,True,True,True,True,True,True,False,85.0,Gold
243279,16,80.77,19.23,0,0.0,2.94,0.0,0.0,,False,False,True,True,True,True,True,False,55.0,Retraining
243280,45,98.18,0.0,0,0.0,50.0,46.67,22.22,4.95,True,True,True,True,False,False,False,True,70.0,Silver
243281,3,100.0,0.0,0,0.0,25.99,33.33,0.0,5.0,True,True,True,True,True,True,True,True,100.0,Gold
243282,114,81.99,1.86,0,0.0,23.8,33.33,5.26,4.78,False,True,True,True,True,True,True,True,85.0,Gold
243283,6,73.68,42.11,0,0.0,3.86,16.67,16.67,1.8,False,False,True,True,True,True,False,False,50.0,Retraining
243284,28,100.0,0.0,0,0.0,52.43,46.43,35.71,4.81,True,True,True,True,False,False,False,True,70.0,Silver
243285,39,95.74,4.26,0,0.0,33.25,38.46,0.0,4.64,True,False,True,True,True,True,True,False,70.0,Silver
243286,12,84.0,4.0,0,4.76,47.77,33.33,8.33,4.56,False,False,True,False,False,True,True,False,30.0,Retraining
243287,94,98.06,0.0,0,0.0,19.45,59.57,6.38,4.57,True,True,True,True,True,False,True,False,75.0,Silver
243288,63,87.21,0.0,0,1.33,48.75,39.68,20.63,4.44,False,True,True,False,False,True,False,False,40.0,Retraining
243289,11,100.0,0.0,0,0.0,40.01,36.36,18.18,4.75,True,True,True,True,True,True,False,True,95.0,Gold
243290,9,100.0,0.0,0,0.0,43.55,66.67,33.33,4.2,True,True,True,True,True,False,False,False,70.0,Silver
243291,13,88.24,0.0,0,0.0,50.92,23.08,7.69,4.71,False,True,True,True,False,True,True,True,70.0,Silver
243292,9,100.0,0.0,0,0.0,43.04,22.22,0.0,5.0,True,True,True,True,True,True,True,True,100.0,Gold
243293,46,100.0,0.0,0,2.08,51.76,36.96,15.22,4.52,True,True,True,False,False,True,False,False,55.0,Retraining
243294,27,97.22,0.0,0,2.86,39.14,62.96,3.7,4.94,True,True,True,False,True,False,True,True,80.0,Silver
243295,9,100.0,0.0,0,0.0,34.3,66.67,0.0,4.17,True,True,True,True,True,False,True,False,75.0,Silver
243296,6,100.0,36.36,0,0.0,12.23,0.0,0.0,4.8,True,False,True,True,True,True,True,True,85.0,Gold
243297,115,86.5,1.84,0,0.0,25.1,39.13,5.22,4.61,False,True,True,True,True,True,True,False,70.0,Silver
243298,11,84.62,0.0,0,0.0,49.43,18.18,0.0,4.5,False,True,True,True,False,True,True,False,55.0,Retraining
243299,74,91.86,1.16,0,1.27,37.35,47.3,8.11,4.72,True,True,True,False,True,False,True,True,80.0,Silver
243300,37,91.49,0.0,0,0.0,47.83,37.84,13.51,4.93,True,True,True,True,False,True,True,True,85.0,Gold
243301,38,92.31,0.0,0,2.08,26.05,39.47,15.79,5.0,True,True,True,False,True,True,False,True,85.0,Gold
243302,114,86.86,0.0,0,0.0,27.31,58.77,7.02,4.75,False,True,True,True,True,False,True,True,75.0,Silver
243303,111,100.0,0.0,0,0.0,22.59,40.54,2.7,4.75,True,True,True,True,True,False,True,True,90.0,Gold
243304,5,75.0,12.5,0,0.0,47.67,20.0,0.0,5.0,False,False,True,True,False,True,True,True,55.0,Retraining
243305,7,90.0,0.0,0,0.0,49.24,14.29,14.29,4.0,True,True,True,True,False,True,True,False,70.0,Silver
243306,35,88.89,4.44,0,0.0,41.65,42.86,0.0,4.59,False,False,True,True,True,False,True,False,45.0,Retraining
243307,40,91.8,0.0,0,1.79,30.9,22.5,7.5,4.8,True,True,True,False,True,True,True,True,90.0,Gold
243308,4,100.0,0.0,0,0.0,27.65,25.0,0.0,3.0,True,True,True,True,True,True,True,False,85.0,Gold
243309,5,100.0,0.0,0,0.0,34.71,40.0,0.0,5.0,True,True,True,True,True,True,True,True,100.0,Gold
243310,2,60.0,0.0,0,0.0,39.95,0.0,50.0,4.0,False,True,True,True,True,True,False,False,65.0,Retraining
243311,5,100.0,0.0,0,0.0,83.55,60.0,0.0,5.0,True,True,True,True,False,False,True,True,75.0,Silver
243312,3,75.0,0.0,0,0.0,44.79,33.33,0.0,4.33,False,True,True,True,True,True,True,False,70.0,Silver
243313,9,92.31,0.0,0,0.0,50.32,44.44,44.44,4.6,True,True,True,True,False,False,False,False,55.0,Retraining
243314,24,96.67,3.33,1,0.0,37.88,33.33,25.0,4.44,True,False,True,True,True,True,False,False,65.0,Retraining
243315,44,100.0,1.92,0,0.0,33.26,45.45,11.36,4.58,True,True,True,True,True,False,True,False,75.0,Silver
243316,50,96.3,0.0,0,0.0,20.18,40.0,0.0,4.42,True,True,True,True,True,True,True,False,85.0,Gold
243317,9,100.0,0.0,0,0.0,30.75,77.78,0.0,4.75,True,True,True,True,True,False,True,True,90.0,Gold
243318,69,95.4,0.0,1,0.0,47.07,46.38,17.39,4.5,True,True,True,True,False,False,False,False,55.0,Retraining
243319,18,100.0,0.0,0,0.0,43.07,50.0,0.0,4.75,True,True,True,True,True,False,True,True,90.0,Gold
243320,15,100.0,0.0,0,0.0,39.09,26.67,0.0,4.89,True,True,True,True,True,True,True,True,100.0,Gold
243321,12,100.0,0.0,0,0.0,27.54,33.33,0.0,5.0,True,True,True,True,True,True,True,True,100.0,Gold
243322,3,100.0,0.0,0,0.0,27.68,66.67,0.0,5.0,True,True,True,True,True,False,True,True,90.0,Gold
243323,8,100.0,0.0,0,0.0,16.22,0.0,0.0,5.0,True,True,True,True,True,True,True,True,100.0,Gold
243324,3,100.0,0.0,0,0.0,59.6,66.67,0.0,3.33,True,True,True,True,False,False,True,False,60.0,Retraining
243325,62,91.78,1.37,0,0.0,47.51,67.74,9.68,4.72,True,True,True,True,False,False,True,True,75.0,Silver
243326,36,89.13,0.0,0,0.0,49.22,30.56,2.78,4.65,False,True,True,True,False,True,True,False,55.0,Retraining
243327,30,89.19,0.0,0,0.0,47.2,46.67,3.33,4.9,False,True,True,True,False,False,True,True,60.0,Retraining
243328,5,100.0,0.0,0,0.0,48.82,0.0,20.0,4.0,True,True,True,True,False,True,False,False,65.0,Retraining
243329,78,98.81,0.0,0,0.0,17.36,28.21,2.56,4.94,True,True,True,True,True,True,True,True,100.0,Gold
243330,9,92.86,0.0,0,15.38,54.08,55.56,11.11,5.0,True,True,True,False,False,False,True,True,65.0,Retraining
243331,18,84.0,0.0,0,0.0,30.84,27.78,16.67,4.0,False,True,True,True,True,True,False,False,65.0,Retraining
243332,9,75.0,0.0,0,0.0,35.47,0.0,11.11,5.0,False,True,True,True,True,True,True,True,85.0,Gold
243333,26,60.38,1.89,1,3.13,41.77,23.08,19.23,4.63,False,True,True,False,True,True,False,False,55.0,Retraining
243334,19,91.3,0.0,0,0.0,27.88,42.11,36.84,4.5,True,True,True,True,True,False,False,False,70.0,Silver
243335,79,66.43,0.0,0,1.05,30.34,30.38,1.27,4.67,False,True,True,False,True,True,True,False,60.0,Retraining
243336,24,44.3,1.27,0,0.0,39.94,41.67,8.33,4.5,False,True,True,True,True,False,True,False,60.0,Retraining
243337,85,100.0,0.0,0,1.14,22.3,36.47,4.71,4.57,True,True,True,False,True,True,True,False,75.0,Silver
243338,47,90.32,0.0,0,0.0,36.71,27.66,8.51,4.72,True,True,True,True,True,True,True,True,100.0,Gold
243339,44,94.23,0.0,0,2.04,44.44,50.0,6.82,4.91,True,True,True,False,True,False,True,True,80.0,Silver
243340,94,96.08,0.0,0,0.0,25.56,60.64,8.51,4.73,True,True,True,True,True,False,True,True,90.0,Gold
243341,42,100.0,0.0,0,0.0,49.59,30.95,7.14,4.74,True,True,True,True,False,True,True,True,85.0,Gold
243342,37,58.97,0.0,0,0.0,46.35,43.24,8.11,4.6,False,True,True,True,False,False,True,False,45.0,Retraining
243343,4,100.0,0.0,0,0.0,23.0,0.0,25.0,4.5,True,True,True,True,True,True,False,False,80.0,Silver
243344,40,100.0,6.52,0,0.0,48.27,47.5,25.0,4.83,True,False,True,True,False,False,False,True,55.0,Retraining
243345,29,96.88,0.0,0,0.0,39.92,34.48,10.34,4.85,True,True,True,True,True,True,True,True,100.0,Gold
243346,15,50.0,0.0,0,0.0,38.39,60.0,6.67,5.0,False,True,True,True,True,False,True,True,75.0,Silver
243347,18,90.91,0.0,0,0.0,58.48,22.22,5.56,4.44,True,True,True,True,False,True,True,False,70.0,Silver
243348,62,98.48,0.0,0,0.0,28.69,32.26,4.84,4.8,True,True,True,True,True,True,True,True,100.0,Gold
243349,5,71.43,0.0,0,0.0,37.35,20.0,0.0,5.0,False,True,True,True,True,True,True,True,85.0,Gold
243350,68,87.95,0.0,0,0.0,31.05,51.47,4.41,4.59,False,True,True,True,True,False,True,False,60.0,Retraining
243351,43,79.03,0.0,0,0.0,56.4,30.23,13.95,4.72,False,True,True,True,False,True,True,True,70.0,Silver
243352,93,98.08,1.92,0,0.0,18.8,37.63,10.75,4.82,True,True,True,True,True,True,True,True,100.0,Gold
243353,5,100.0,0.0,0,0.0,52.66,40.0,0.0,4.67,True,True,True,True,False,True,True,False,70.0,Silver
243354,49,98.25,1.75,0,0.0,45.62,51.02,24.49,4.56,True,True,True,True,False,False,False,False,55.0,Retraining
243355,105,89.03,0.65,0,0.72,27.27,46.67,24.76,4.38,False,True,True,True,True,False,False,False,55.0,Retraining
243356,6,100.0,0.0,0,0.0,47.13,33.33,16.67,4.83,True,True,True,True,False,True,False,True,80.0,Silver
243357,130,97.87,0.0,1,0.72,22.6,58.46,7.69,4.57,True,True,True,True,True,False,True,False,75.0,Silver
243358,36,93.18,0.0,0,0.0,37.64,38.89,16.67,4.58,True,True,True,True,True,True,False,False,80.0,Silver
243359,45,100.0,0.0,0,0.0,38.33,40.0,6.67,4.55,True,True,True,True,True,True,True,False,85.0,Gold
243360,20,96.15,3.85,0,0.0,25.58,45.0,15.0,4.94,True,False,True,True,True,False,True,True,75.0,Silver
243361,4,100.0,12.5,0,0.0,37.07,25.0,25.0,3.67,True,False,True,True,True,True,False,False,65.0,Retraining
243362,58,90.77,0.0,0,0.0,21.06,46.55,5.17,4.67,True,True,True,True,True,False,True,False,75.0,Silver
243363,9,90.91,9.09,0,0.0,36.12,22.22,0.0,4.29,True,False,True,True,True,True,True,False,70.0,Silver
243364,12,95.0,10.0,0,0.0,36.39,25.0,8.33,3.5,True,False,True,True,True,True,True,False,70.0,Silver
243365,72,89.66,0.0,0,0.0,42.0,45.83,8.33,4.79,False,True,True,True,True,False,True,True,75.0,Silver
243366,12,100.0,0.0,0,7.69,35.47,50.0,33.33,4.44,True,True,True,False,True,False,False,False,60.0,Retraining
243367,32,90.0,0.0,0,0.0,54.17,31.25,31.25,4.58,True,True,True,True,False,True,False,False,65.0,Retraining
243368,6,70.0,10.0,0,0.0,28.83,33.33,0.0,4.67,False,False,True,True,True,True,True,False,55.0,Retraining
243369,9,60.0,0.0,0,0.0,25.28,33.33,11.11,4.83,False,True,True,True,True,True,True,True,85.0,Gold
243370,12,70.0,0.0,0,0.0,51.18,83.33,41.67,5.0,False,True,True,True,False,False,False,True,55.0,Retraining
243371,116,82.39,0.63,0,0.76,29.65,31.9,5.17,4.75,False,True,True,True,True,True,True,True,85.0,Gold
243372,13,100.0,6.67,0,0.0,35.44,61.54,7.69,5.0,True,False,True,True,True,False,True,True,75.0,Silver
243373,10,68.42,0.0,0,0.0,52.76,50.0,10.0,4.83,False,True,True,True,False,False,True,True,60.0,Retraining
243374,9,92.31,23.08,0,0.0,29.0,44.44,0.0,4.75,True,False,True,True,True,False,True,True,75.0,Silver
243375,114,96.77,0.81,0,0.0,23.78,43.86,9.65,4.8,True,True,True,True,True,False,True,True,90.0,Gold
243376,36,59.26,0.0,0,2.08,55.18,55.56,5.56,4.89,False,True,True,False,False,False,True,True,50.0,Retraining
243377,61,100.0,0.0,0,0.0,41.16,44.26,8.2,4.64,True,True,True,True,True,False,True,False,75.0,Silver
243378,16,60.71,0.0,0,0.0,51.2,43.75,12.5,5.0,False,True,True,True,False,False,True,True,60.0,Retraining
243379,16,67.86,0.0,0,0.0,75.73,43.75,12.5,4.7,False,True,True,True,False,False,True,True,60.0,Retraining
243380,13,70.0,0.0,0,0.0,29.39,38.46,7.69,3.0,False,True,True,True,True,True,True,False,70.0,Silver
243381,106,99.1,0.0,1,0.0,24.64,35.85,5.66,4.75,True,True,True,True,True,True,True,True,100.0,Gold
243382,19,76.0,0.0,0,0.0,55.36,26.32,31.58,4.47,False,True,True,True,False,True,False,False,50.0,Retraining
243383,9,75.0,0.0,0,0.0,38.97,33.33,22.22,4.6,False,True,True,True,True,True,False,False,65.0,Retraining
243384,2,66.67,0.0,0,0.0,36.42,0.0,0.0,5.0,False,True,True,True,True,True,True,True,85.0,Gold
243385,10,92.31,15.38,0,0.0,43.2,40.0,0.0,4.2,True,False,True,True,True,True,True,False,70.0,Silver
243386,37,86.54,1.92,0,0.0,23.62,27.03,2.7,4.88,False,True,True,True,True,True,True,True,85.0,Gold
243387,38,100.0,0.0,0,0.0,43.53,39.47,15.79,4.76,True,True,True,True,True,True,False,True,95.0,Gold
243388,66,90.0,1.25,0,0.0,29.95,46.97,13.64,4.89,True,True,True,True,True,False,True,True,90.0,Gold
243389,73,97.56,2.44,0,0.0,46.36,35.62,9.59,4.83,True,False,True,True,False,True,True,True,70.0,Silver
243390,65,77.45,0.0,0,1.27,41.89,21.54,0.0,4.19,False,True,True,False,True,True,True,False,60.0,Retraining
243391,9,100.0,0.0,0,0.0,56.05,55.56,0.0,4.0,True,True,True,True,False,False,True,False,60.0,Retraining
243392,116,91.24,0.0,0,0.0,25.01,62.07,3.45,4.91,True,True,True,True,True,False,True,True,90.0,Gold
243393,27,71.74,2.17,0,0.0,47.54,59.26,11.11,4.74,False,False,True,True,False,False,True,True,45.0,Retraining
243394,9,100.0,0.0,0,0.0,19.74,66.67,0.0,4.63,True,True,True,True,True,False,True,False,75.0,Silver
243395,18,75.0,0.0,0,0.0,39.64,50.0,5.56,4.62,False,True,True,True,True,False,True,False,60.0,Retraining
243396,4,35.71,0.0,0,0.0,43.18,0.0,0.0,,False,True,True,True,True,True,True,False,70.0,Silver
243397,42,81.36,1.69,0,0.0,43.99,33.33,11.9,4.54,False,True,True,True,True,True,True,False,70.0,Silver
243398,30,100.0,0.0,0,0.0,24.02,53.33,0.0,4.92,True,True,True,True,True,False,True,True,90.0,Gold
243399,58,95.59,1.47,0,0.0,49.84,43.1,17.24,4.71,True,True,True,True,False,False,False,True,70.0,Silver
243400,33,100.0,0.0,0,2.86,35.67,39.39,12.12,4.72,True,True,True,False,True,True,True,True,90.0,Gold
243401,54,98.46,0.0,0,0.0,32.79,55.56,5.56,4.83,True,True,True,True,True,False,True,True,90.0,Gold
243402,15,94.74,0.0,0,0.0,44.49,46.67,0.0,4.78,True,True,True,True,True,False,True,True,90.0,Gold
243403,13,66.67,16.67,0,0.0,54.94,7.69,0.0,5.0,False,False,True,True,False,True,True,True,55.0,Retraining
243404,9,84.62,0.0,0,0.0,45.94,33.33,33.33,5.0,False,True,True,True,False,True,False,True,65.0,Retraining
243405,9,100.0,0.0,0,0.0,74.84,33.33,22.22,4.4,True,True,True,True,False,True,False,False,65.0,Retraining
243406,49,98.18,0.0,0,0.0,46.7,51.02,14.29,4.67,True,True,True,True,False,False,True,False,60.0,Retraining
243407,24,57.41,5.56,0,3.23,42.4,33.33,12.5,5.0,False,False,True,False,True,True,True,True,60.0,Retraining
243408,5,54.55,9.09,1,0.0,48.62,40.0,40.0,4.0,False,False,True,True,False,True,False,False,35.0,Retraining
243409,13,100.0,0.0,0,0.0,34.67,30.77,7.69,4.0,True,True,True,True,True,True,True,False,85.0,Gold
243410,30,69.39,4.08,0,0.0,36.92,53.33,16.67,4.52,False,False,True,True,True,False,False,False,40.0,Retraining
243411,15,94.12,0.0,0,0.0,35.52,46.67,26.67,4.67,True,True,True,True,True,False,False,False,70.0,Silver
243412,132,97.97,0.0,0,0.0,21.12,36.36,6.82,4.62,True,True,True,True,True,True,True,False,85.0,Gold
243413,60,91.55,0.0,0,0.0,43.44,35.0,0.0,4.89,True,True,True,True,True,True,True,True,100.0,Gold
243414,35,88.89,2.22,0,0.0,28.51,14.29,0.0,4.43,False,False,True,True,True,True,True,False,55.0,Retraining
243415,29,100.0,0.0,0,0.0,47.48,17.24,0.0,4.93,True,True,True,True,False,True,True,True,85.0,Gold
243416,14,100.0,0.0,0,6.67,45.42,42.86,0.0,4.5,True,True,True,False,False,False,True,False,50.0,Retraining
243417,19,100.0,0.0,0,0.0,46.21,42.11,21.05,4.6,True,True,True,True,False,False,False,False,55.0,Retraining
243418,8,100.0,0.0,0,0.0,66.02,62.5,0.0,5.0,True,True,True,True,False,False,True,True,75.0,Silver
243419,4,100.0,0.0,0,0.0,22.78,0.0,0.0,5.0,True,True,True,True,True,True,True,True,100.0,Gold
243420,41,96.15,1.92,0,0.0,39.9,51.22,9.76,4.85,True,True,True,True,True,False,True,True,90.0,Gold
243421,17,79.17,0.0,0,0.0,75.12,58.82,11.76,4.67,False,True,True,True,False,False,True,False,45.0,Retraining
243422,12,84.21,0.0,0,0.0,46.62,16.67,16.67,4.75,False,True,True,True,False,True,False,True,65.0,Retraining
243423,2,100.0,0.0,0,0.0,31.45,0.0,0.0,,True,True,True,True,True,True,True,False,85.0,Gold
243424,21,85.71,0.0,0,0.0,55.29,47.62,0.0,4.17,False,True,True,True,False,False,True,False,45.0,Retraining
243425,58,96.97,0.0,0,1.56,26.36,41.38,8.62,4.47,True,True,True,False,True,False,True,False,65.0,Retraining
243426,6,53.33,0.0,1,0.0,45.44,50.0,0.0,4.0,False,True,True,True,False,False,True,False,45.0,Retraining
243427,64,90.24,2.44,0,1.35,37.37,48.44,17.19,4.73,True,False,True,False,True,False,False,True,60.0,Retraining
243428,66,91.14,0.0,0,0.0,37.54,30.3,7.58,4.71,True,True,True,True,True,True,True,True,100.0,Gold
243429,16,86.36,0.0,0,0.0,33.1,75.0,12.5,5.0,False,True,True,True,True,False,True,True,75.0,Silver
243430,54,92.65,2.94,0,0.0,44.8,31.48,16.67,4.66,True,False,True,True,True,True,False,False,65.0,Retraining
243431,14,88.89,0.0,0,0.0,26.39,28.57,7.14,4.29,False,True,True,True,True,True,True,False,70.0,Silver
243432,19,95.83,0.0,0,0.0,48.86,36.84,26.32,4.92,True,True,True,True,False,True,False,True,80.0,Silver
243433,19,100.0,0.0,0,0.0,44.4,63.16,0.0,4.5,True,True,True,True,True,False,True,False,75.0,Silver
243434,13,93.33,0.0,0,0.0,44.27,53.85,0.0,5.0,True,True,True,True,True,False,True,True,90.0,Gold
243435,46,74.63,1.49,0,0.0,34.21,23.91,2.17,4.65,False,True,True,True,True,True,True,False,70.0,Silver
243436,18,79.17,0.0,0,0.0,56.95,61.11,0.0,5.0,False,True,True,True,False,False,True,True,60.0,Retraining
243437,19,82.14,0.0,0,0.0,46.94,47.37,15.79,4.42,False,True,True,True,False,False,False,False,40.0,Retraining
243438,28,100.0,0.0,0,0.0,35.31,42.86,10.71,4.6,True,True,True,True,True,False,True,False,75.0,Silver
243439,3,75.0,0.0,0,0.0,50.29,66.67,0.0,3.0,False,True,True,True,False,False,True,False,45.0,Retraining
243440,3,100.0,0.0,0,0.0,43.28,100.0,0.0,4.5,True,True,True,True,True,False,True,False,75.0,Silver
243441,55,96.88,1.56,0,0.0,37.43,30.91,9.09,4.65,True,True,True,True,True,True,True,False,85.0,Gold
243442,27,82.05,7.69,0,0.0,52.13,29.63,3.7,4.5,False,False,True,True,False,True,True,False,40.0,Retraining
243443,18,95.0,0.0,0,0.0,25.75,38.89,0.0,4.93,True,True,True,True,True,True,True,True,100.0,Gold
243444,89,98.0,0.0,0,0.0,39.38,40.45,2.25,4.55,True,True,True,True,True,False,True,False,75.0,Silver
243445,96,95.83,0.0,0,0.0,43.77,42.71,8.33,4.49,True,True,True,True,True,False,True,False,75.0,Silver
243446,20,78.26,2.17,1,0.0,56.81,60.0,35.0,4.07,False,False,True,True,False,False,False,False,25.0,Retraining
243447,44,100.0,0.0,0,0.0,39.01,38.64,13.64,4.84,True,True,True,True,True,True,True,True,100.0,Gold
243448,64,89.74,0.0,0,0.0,43.05,25.0,6.25,4.86,False,True,True,True,True,True,True,True,85.0,Gold
243449,9,100.0,0.0,0,0.0,39.86,33.33,22.22,5.0,True,True,True,True,True,True,False,True,95.0,Gold
243450,51,100.0,0.0,0,0.0,46.59,31.37,0.0,4.85,True,True,True,True,False,True,True,True,85.0,Gold
243451,2,100.0,0.0,0,0.0,43.6,50.0,0.0,5.0,True,True,True,True,True,False,True,True,90.0,Gold
243452,11,60.0,0.0,0,0.0,47.97,45.45,0.0,5.0,False,True,True,True,False,False,True,True,60.0,Retraining
243453,123,96.48,1.41,1,0.0,23.78,44.72,0.0,4.66,True,True,True,True,True,False,True,False,75.0,Silver
243454,49,90.48,3.17,0,0.0,35.55,53.06,14.29,4.73,True,False,True,True,True,False,True,True,75.0,Silver
243455,44,79.37,0.0,0,0.0,56.78,38.64,15.91,4.57,False,True,True,True,False,True,False,False,50.0,Retraining
243456,95,99.07,0.0,0,0.0,27.02,35.79,8.42,4.77,True,True,True,True,True,True,True,True,100.0,Gold
243457,31,92.16,11.76,0,0.0,46.09,45.16,9.68,4.67,True,False,True,True,False,False,True,False,45.0,Retraining
243458,9,100.0,10.0,0,0.0,63.54,22.22,0.0,4.2,True,False,True,True,False,True,True,False,55.0,Retraining
243459,8,100.0,0.0,0,0.0,44.89,37.5,37.5,4.57,True,True,True,True,True,True,False,False,80.0,Silver
243460,69,86.46,0.0,0,0.0,41.22,33.33,20.29,4.75,False,True,True,True,True,True,False,True,80.0,Silver
243461,18,100.0,0.0,0,0.0,32.78,38.89,11.11,4.75,True,True,True,True,True,True,True,True,100.0,Gold
243462,22,96.15,0.0,0,0.0,57.16,36.36,0.0,4.62,True,True,True,True,False,True,True,False,70.0,Silver
243463,12,93.33,0.0,0,0.0,51.28,41.67,8.33,5.0,True,True,True,True,False,False,True,True,75.0,Silver
243464,4,100.0,0.0,0,0.0,89.06,25.0,0.0,5.0,True,True,True,True,False,True,True,True,85.0,Gold
243465,17,90.0,0.0,0,0.0,47.47,35.29,5.88,4.18,True,True,True,True,False,True,True,False,70.0,Silver
243466,28,100.0,0.0,0,0.0,45.41,35.71,14.29,4.21,True,True,True,True,False,True,True,False,70.0,Silver
243467,27,94.12,0.0,0,0.0,54.45,44.44,3.7,4.78,True,True,True,True,False,False,True,True,75.0,Silver
243468,38,90.91,0.0,0,0.0,41.89,63.16,13.16,4.67,True,True,True,True,True,False,True,False,75.0,Silver
243469,71,98.73,0.0,0,1.28,37.65,50.7,5.63,4.45,True,True,True,False,True,False,True,False,65.0,Retraining
243470,53,96.49,0.0,0,0.0,33.79,49.06,7.55,4.8,True,True,True,True,True,False,True,True,90.0,Gold
243471,120,97.78,0.0,0,1.52,27.52,51.67,10.83,4.63,True,True,True,False,True,False,True,False,65.0,Retraining
243472,12,92.86,0.0,0,0.0,36.14,58.33,8.33,4.5,True,True,True,True,True,False,True,False,75.0,Silver
243473,31,77.27,0.0,0,0.0,44.71,45.16,6.45,4.8,False,True,True,True,True,False,True,True,75.0,Silver
243474,3,60.0,0.0,0,0.0,26.61,33.33,0.0,5.0,False,True,True,True,True,True,True,True,85.0,Gold
243475,14,100.0,0.0,0,0.0,48.29,35.71,0.0,4.5,True,True,True,True,False,True,True,False,70.0,Silver
243476,50,100.0,0.0,0,0.0,31.0,40.0,0.0,4.33,True,True,True,True,True,True,True,False,85.0,Gold
243477,6,100.0,0.0,0,0.0,54.58,33.33,0.0,5.0,True,True,True,True,False,True,True,True,85.0,Gold
243478,13,81.25,0.0,0,0.0,48.84,38.46,15.38,3.25,False,True,True,True,False,True,False,False,50.0,Retraining
243479,21,100.0,0.0,0,0.0,37.37,42.86,0.0,4.86,True,True,True,True,True,False,True,True,90.0,Gold
243480,92,89.72,0.0,0,0.0,23.39,47.83,4.35,4.84,False,True,True,True,True,False,True,True,75.0,Silver
243481,48,100.0,0.0,0,0.0,37.59,31.25,18.75,4.76,True,True,True,True,True,True,False,True,95.0,Gold
243482,14,87.5,0.0,0,0.0,65.87,50.0,35.71,5.0,False,True,True,True,False,False,False,True,55.0,Retraining
243483,22,100.0,4.35,0,0.0,35.87,31.82,9.09,4.58,True,False,True,True,True,True,True,False,70.0,Silver
243484,16,37.78,2.22,0,0.0,51.83,62.5,18.75,4.91,False,False,True,True,False,False,False,True,40.0,Retraining
243485,39,66.67,0.0,0,0.0,33.57,51.28,5.13,4.81,False,True,True,True,True,False,True,True,75.0,Silver
243486,2,100.0,0.0,0,0.0,55.66,50.0,0.0,5.0,True,True,True,True,False,False,True,True,75.0,Silver
243487,12,100.0,5.88,0,0.0,34.28,16.67,0.0,5.0,True,False,True,True,True,True,True,True,85.0,Gold
243488,3,100.0,0.0,0,0.0,29.47,66.67,0.0,4.5,True,True,True,True,True,False,True,False,75.0,Silver
243489,17,95.0,0.0,0,0.0,48.34,52.94,17.65,4.2,True,True,True,True,False,False,False,False,55.0,Retraining
243490,9,100.0,0.0,0,0.0,35.9,44.44,0.0,5.0,True,True,True,True,True,False,True,True,90.0,Gold
243491,61,93.42,0.0,0,0.0,25.0,32.79,0.0,4.71,True,True,True,True,True,True,True,True,100.0,Gold
243492,42,92.45,0.0,0,0.0,37.58,45.24,21.43,4.59,True,True,True,True,True,False,False,False,70.0,Silver
243493,45,100.0,0.0,0,0.0,49.27,55.56,8.89,4.72,True,True,True,True,False,False,True,True,75.0,Silver
243494,51,100.0,0.0,0,0.0,51.24,49.02,15.69,4.84,True,True,True,True,False,False,False,True,70.0,Silver
243495,59,96.72,0.0,0,0.0,17.42,32.2,0.0,4.74,True,True,True,True,True,True,True,True,100.0,Gold
243496,2,100.0,0.0,0,0.0,48.55,100.0,50.0,5.0,True,True,True,True,False,False,False,True,70.0,Silver
243497,37,97.67,2.33,0,0.0,40.43,56.76,18.92,4.67,True,False,True,True,True,False,False,False,55.0,Retraining
243498,21,100.0,0.0,0,0.0,37.53,19.05,0.0,4.73,True,True,True,True,True,True,True,True,100.0,Gold
243499,19,53.06,4.08,0,3.85,50.49,36.84,15.79,4.58,False,False,True,False,False,True,False,False,25.0,Retraining
243500,4,83.33,16.67,0,0.0,55.85,50.0,25.0,5.0,False,False,True,True,False,False,False,True,40.0,Retraining
243501,8,100.0,0.0,0,0.0,27.32,37.5,0.0,4.83,True,True,True,True,True,True,True,True,100.0,Gold
243502,88,97.2,1.87,0,0.0,37.29,50.0,2.27,4.78,True,True,True,True,True,False,True,True,90.0,Gold
243503,9,83.33,0.0,0,0.0,39.86,66.67,11.11,3.0,False,True,True,True,True,False,True,False,60.0,Retraining
243504,31,94.29,2.86,0,0.0,38.84,80.65,19.35,4.96,True,False,True,True,True,False,False,True,70.0,Silver
243505,57,100.0,0.0,0,1.56,42.51,38.6,15.79,4.87,True,True,True,False,True,True,False,True,85.0,Gold
243506,27,100.0,0.0,0,0.0,41.27,55.56,3.7,4.46,True,True,True,True,True,False,True,False,75.0,Silver
243507,122,97.08,0.0,0,0.0,21.17,49.18,14.75,4.8,True,True,True,True,True,False,True,True,90.0,Gold
243508,34,97.56,0.0,0,0.0,48.36,47.06,8.82,4.85,True,True,True,True,False,False,True,True,75.0,Silver
243509,6,100.0,14.29,0,0.0,56.4,33.33,33.33,3.8,True,False,True,True,False,True,False,False,50.0,Retraining
243510,68,98.59,0.0,0,0.0,20.61,32.35,1.47,4.54,True,True,True,True,True,True,True,False,85.0,Gold
243511,2,50.0,0.0,0,0.0,49.44,50.0,0.0,,False,True,True,True,False,False,True,False,45.0,Retraining
243512,27,100.0,3.57,0,0.0,50.02,25.93,22.22,4.62,True,False,True,True,False,True,False,False,50.0,Retraining
243513,28,87.5,0.0,0,0.0,53.52,57.14,21.43,4.74,False,True,True,True,False,False,False,True,55.0,Retraining
243514,35,90.24,0.0,0,0.0,40.52,45.71,20.0,4.82,True,True,True,True,True,False,False,True,85.0,Gold
243515,30,94.12,0.0,0,0.0,39.35,50.0,16.67,4.71,True,True,True,True,True,False,False,True,85.0,Gold
243516,50,65.56,1.11,0,0.0,41.77,46.0,8.0,4.39,False,True,True,True,True,False,True,False,60.0,Retraining
243517,24,92.59,0.0,0,0.0,40.52,4.17,33.33,4.62,True,True,True,True,True,True,False,False,80.0,Silver
243518,43,92.0,2.0,0,0.0,38.4,48.84,4.65,4.55,True,True,True,True,True,False,True,False,75.0,Silver
243519,31,88.37,0.0,0,2.63,46.72,58.06,29.03,4.87,False,True,True,False,False,False,False,True,45.0,Retraining
243520,31,90.91,0.0,0,0.0,34.96,35.48,19.35,4.65,True,True,True,True,True,True,False,False,80.0,Silver
243521,9,90.91,0.0,0,0.0,19.98,11.11,0.0,4.83,True,True,True,True,True,True,True,True,100.0,Gold
243522,4,71.43,0.0,0,0.0,46.44,25.0,25.0,4.33,False,True,True,True,False,True,False,False,50.0,Retraining
243523,47,89.09,0.0,0,0.0,42.88,55.32,2.13,4.79,False,True,True,True,True,False,True,True,75.0,Silver
243524,37,91.11,0.0,0,0.0,49.6,29.73,13.51,4.56,True,True,True,True,False,True,True,False,70.0,Silver
243525,23,89.66,3.45,0,0.0,36.81,56.52,8.7,5.0,False,False,True,True,True,False,True,True,60.0,Retraining
243526,118,98.46,0.0,0,0.0,25.82,45.76,6.78,4.71,True,True,True,True,True,False,True,True,90.0,Gold
243527,9,91.67,0.0,0,0.0,55.76,44.44,0.0,5.0,True,True,True,True,False,False,True,True,75.0,Silver
243528,83,92.78,1.03,1,0.0,34.31,38.55,4.82,4.44,True,True,True,True,True,True,True,False,85.0,Gold
243529,16,100.0,0.0,0,0.0,39.63,37.5,12.5,4.64,True,True,True,True,True,True,True,False,85.0,Gold
243530,7,72.73,0.0,0,0.0,74.08,42.86,14.29,4.8,False,True,True,True,False,False,True,True,60.0,Retraining
243531,73,74.78,0.87,0,0.0,45.66,32.88,28.77,4.63,False,True,True,True,False,True,False,False,50.0,Retraining
243532,39,100.0,0.0,0,0.0,40.83,46.15,20.51,4.85,True,True,True,True,True,False,False,True,85.0,Gold
243533,51,94.83,0.0,0,0.0,34.61,41.18,3.92,4.67,True,True,True,True,True,False,True,False,75.0,Silver
243534,61,98.57,0.0,0,0.0,38.65,49.18,4.92,4.77,True,True,True,True,True,False,True,True,90.0,Gold
243535,4,83.33,0.0,0,0.0,51.88,25.0,25.0,2.0,False,True,True,True,False,True,False,False,50.0,Retraining
243536,42,80.33,0.0,0,0.0,57.62,47.62,21.43,4.66,False,True,True,True,False,False,False,False,40.0,Retraining
243537,13,100.0,0.0,0,0.0,41.35,46.15,7.69,4.83,True,True,True,True,True,False,True,True,90.0,Gold
243538,86,81.25,0.78,0,0.96,27.31,53.49,2.33,4.6,False,True,True,True,True,False,True,False,60.0,Retraining
243539,67,89.16,1.2,0,0.0,49.08,29.85,10.45,4.78,False,True,True,True,False,True,True,True,70.0,Silver
243540,38,95.56,4.44,0,0.0,39.73,44.74,7.89,4.83,True,False,True,True,True,False,True,True,75.0,Silver
243541,54,95.16,0.0,0,0.0,45.4,38.89,7.41,4.89,True,True,True,True,False,True,True,True,85.0,Gold
243542,25,96.55,0.0,0,0.0,25.26,64.0,12.0,4.33,True,True,True,True,True,False,True,False,75.0,Silver
243543,57,92.86,0.0,0,0.0,32.91,38.6,8.77,4.81,True,True,True,True,True,True,True,True,100.0,Gold
243544,18,94.74,0.0,0,0.0,34.19,22.22,5.56,4.11,True,True,True,True,True,True,True,False,85.0,Gold
243545,131,97.22,0.0,0,0.0,17.42,48.09,4.58,4.67,True,True,True,True,True,False,True,False,75.0,Silver
243546,12,51.52,0.0,0,0.0,64.2,58.33,25.0,4.8,False,True,True,True,False,False,False,True,55.0,Retraining
243547,13,87.5,0.0,0,0.0,41.79,23.08,23.08,4.67,False,True,True,True,True,True,False,False,65.0,Retraining
243548,45,87.93,0.0,0,0.0,36.57,44.44,13.33,4.69,False,True,True,True,True,False,True,False,60.0,Retraining
243549,69,97.5,0.0,0,0.0,45.54,44.93,20.29,4.86,True,True,True,True,False,False,False,True,70.0,Silver
243550,9,90.0,0.0,0,0.0,54.62,44.44,22.22,,True,True,True,True,False,False,False,False,55.0,Retraining
243551,45,97.96,0.0,0,0.0,33.58,55.56,6.67,4.71,True,True,True,True,True,False,True,True,90.0,Gold
243552,41,81.67,0.0,0,2.04,33.34,17.07,9.76,4.91,False,True,True,False,True,True,True,True,75.0,Silver
243553,25,93.1,3.45,0,0.0,30.66,56.0,12.0,4.94,True,False,True,True,True,False,True,True,75.0,Silver
243554,50,94.83,1.72,0,0.0,50.73,58.0,12.0,4.85,True,True,True,True,False,False,True,True,75.0,Silver
243555,9,100.0,0.0,0,0.0,58.07,33.33,33.33,5.0,True,True,True,True,False,True,False,True,80.0,Silver
243556,88,95.83,1.04,0,0.0,18.69,44.32,6.82,4.72,True,True,True,True,True,False,True,True,90.0,Gold
243557,10,100.0,0.0,0,0.0,41.69,70.0,10.0,5.0,True,True,True,True,True,False,True,True,90.0,Gold
243558,18,95.24,0.0,0,0.0,36.58,61.11,0.0,4.56,True,True,True,True,True,False,True,False,75.0,Silver
243559,12,93.75,0.0,0,0.0,30.39,41.67,8.33,4.71,True,True,True,True,True,False,True,True,90.0,Gold
243560,41,100.0,0.0,0,0.0,42.42,51.22,26.83,4.71,True,True,True,True,True,False,False,True,85.0,Gold
243561,45,92.59,0.0,0,0.0,45.39,48.89,20.0,4.56,True,True,True,True,False,False,False,False,55.0,Retraining
243562,14,93.75,6.25,0,0.0,44.3,50.0,14.29,4.9,True,False,True,True,True,False,True,True,75.0,Silver
243563,72,98.77,1.23,1,1.25,28.11,47.22,8.33,4.67,True,True,True,False,True,False,True,False,65.0,Retraining
243564,30,93.75,0.0,0,0.0,50.72,63.33,26.67,5.0,True,True,True,True,False,False,False,True,70.0,Silver
243565,2,100.0,0.0,0,0.0,46.61,0.0,0.0,4.5,True,True,True,True,False,True,True,False,70.0,Silver
243566,36,89.36,0.0,0,0.0,49.2,52.78,2.78,4.84,False,True,True,True,False,False,True,True,60.0,Retraining
243567,94,94.34,0.0,1,0.0,37.73,35.11,14.89,4.77,True,True,True,True,True,True,True,True,100.0,Gold
243568,8,76.92,7.69,0,0.0,43.02,50.0,50.0,4.33,False,False,True,True,True,False,False,False,40.0,Retraining
243569,16,94.44,0.0,0,0.0,43.27,12.5,6.25,4.36,True,True,True,True,True,True,True,False,85.0,Gold
243570,9,64.29,0.0,0,0.0,53.57,33.33,44.44,4.4,False,True,True,True,False,True,False,False,50.0,Retraining
243571,36,93.33,4.44,0,0.0,39.21,41.67,2.78,4.77,True,False,True,True,True,False,True,True,75.0,Silver
243572,118,97.28,0.0,0,0.7,33.22,56.78,11.02,4.59,True,True,True,True,True,False,True,False,75.0,Silver
243573,61,89.74,2.56,0,0.0,30.64,40.98,13.11,4.52,False,False,True,True,True,False,True,False,45.0,Retraining
243574,30,91.67,0.0,0,0.0,47.66,43.33,6.67,4.6,True,True,True,True,False,False,True,False,60.0,Retraining
243575,27,100.0,0.0,0,3.57,43.94,40.74,11.11,4.44,True,True,True,False,True,False,True,False,65.0,Retraining
243576,4,83.33,0.0,0,0.0,69.84,50.0,50.0,3.0,False,True,True,True,False,False,False,False,40.0,Retraining
243577,96,96.23,2.83,0,0.98,32.25,47.92,8.33,4.7,True,False,True,True,True,False,True,True,75.0,Silver
243578,83,89.11,0.0,0,0.0,3.84,0.0,0.0,5.0,False,True,True,True,True,True,True,True,85.0,Gold
243579,70,98.68,1.32,0,0.0,42.38,42.86,8.57,4.77,True,True,True,True,True,False,True,True,90.0,Gold
243580,2,100.0,0.0,0,0.0,66.0,0.0,0.0,5.0,True,True,True,True,False,True,True,True,85.0,Gold
243581,8,83.33,0.0,0,0.0,50.17,50.0,25.0,4.2,False,True,True,True,False,False,False,False,40.0,Retraining
243582,18,90.0,13.33,0,0.0,45.56,50.0,16.67,4.9,True,False,True,True,False,False,False,True,55.0,Retraining
243583,41,70.27,1.35,0,0.0,48.71,51.22,24.39,4.61,False,True,True,True,False,False,False,False,40.0,Retraining
243584,29,87.5,0.0,0,0.0,30.9,24.14,13.79,5.0,False,True,True,True,True,True,True,True,85.0,Gold
243585,48,91.94,0.0,0,0.0,41.61,47.92,14.58,4.76,True,True,True,True,True,False,True,True,90.0,Gold
243586,35,100.0,0.0,0,0.0,30.21,68.57,11.43,4.68,True,True,True,True,True,False,True,False,75.0,Silver
243587,50,90.91,4.55,0,1.67,41.06,46.0,6.0,4.83,True,False,True,False,True,False,True,True,65.0,Retraining
243588,72,98.73,0.0,0,0.0,19.73,44.44,4.17,4.88,True,True,True,True,True,False,True,True,90.0,Gold
243589,9,100.0,0.0,0,0.0,41.81,22.22,22.22,4.6,True,True,True,True,True,True,False,False,80.0,Silver
243590,17,78.26,0.0,0,0.0,45.3,76.47,23.53,5.0,False,True,True,True,False,False,False,True,55.0,Retraining
243591,26,90.63,0.0,0,0.0,36.29,61.54,3.85,4.92,True,True,True,True,True,False,True,True,90.0,Gold
243592,69,100.0,0.0,0,0.0,38.79,44.93,15.94,4.64,True,True,True,True,True,False,False,False,70.0,Silver
243593,39,100.0,2.22,0,0.0,31.13,48.72,7.69,4.65,True,False,True,True,True,False,True,False,60.0,Retraining
243594,87,91.07,0.0,0,0.98,41.55,54.02,14.94,4.75,True,True,True,True,True,False,True,True,90.0,Gold
243595,15,69.57,0.0,0,0.0,48.37,26.67,13.33,4.64,False,True,True,True,False,True,True,False,55.0,Retraining
243596,6,87.5,0.0,0,0.0,34.82,50.0,16.67,5.0,False,True,True,True,True,False,False,True,70.0,Silver
243597,3,100.0,0.0,0,0.0,53.95,33.33,33.33,4.33,True,True,True,True,False,True,False,False,65.0,Retraining
243598,9,90.91,0.0,0,0.0,30.46,33.33,0.0,5.0,True,True,True,True,True,True,True,True,100.0,Gold
243599,6,85.71,0.0,0,0.0,32.92,66.67,0.0,4.67,False,True,True,True,True,False,True,False,60.0,Retraining
243600,6,100.0,14.29,0,0.0,39.88,0.0,33.33,4.4,True,False,True,True,True,True,False,False,65.0,Retraining
243601,25,96.15,0.0,0,0.0,38.35,28.0,16.0,4.65,True,True,True,True,True,True,False,False,80.0,Silver
243602,16,86.36,0.0,0,0.0,40.32,12.5,12.5,5.0,False,True,True,True,True,True,True,True,85.0,Gold
243603,5,88.89,22.22,0,0.0,34.51,40.0,20.0,4.0,False,False,True,True,True,True,False,False,50.0,Retraining
243604,4,85.71,14.29,0,0.0,27.2,100.0,0.0,5.0,False,False,True,True,True,False,True,True,60.0,Retraining
243605,13,86.67,0.0,0,0.0,33.88,84.62,23.08,4.67,False,True,True,True,True,False,False,False,55.0,Retraining
243606,76,94.62,1.08,0,1.14,39.74,52.63,6.58,4.74,True,True,True,False,True,False,True,True,80.0,Silver
243607,16,100.0,0.0,0,0.0,49.34,43.75,18.75,4.75,True,True,True,True,False,False,False,True,70.0,Silver
243608,85,89.22,0.98,0,1.1,35.18,62.35,8.24,4.83,False,True,True,False,True,False,True,True,65.0,Retraining
243609,19,100.0,0.0,0,0.0,25.44,42.11,5.26,4.0,True,True,True,True,True,False,True,False,75.0,Silver
243610,27,96.77,0.0,0,0.0,44.29,48.15,11.11,4.89,True,True,True,True,True,False,True,True,90.0,Gold
243611,48,98.28,6.9,0,0.0,39.71,35.42,25.0,4.42,True,False,True,True,True,True,False,False,65.0,Retraining
243612,2,100.0,0.0,0,0.0,26.53,50.0,0.0,5.0,True,True,True,True,True,False,True,True,90.0,Gold
243613,11,92.86,14.29,0,0.0,45.27,45.45,0.0,5.0,True,False,True,True,False,False,True,True,60.0,Retraining
243614,9,91.67,0.0,0,0.0,37.27,55.56,22.22,5.0,True,True,True,True,True,False,False,True,85.0,Gold
243615,58,87.5,1.39,0,0.0,45.16,41.38,3.45,4.97,False,True,True,True,False,False,True,True,60.0,Retraining
243616,103,99.12,0.0,0,0.0,25.32,36.89,4.85,4.77,True,True,True,True,True,True,True,True,100.0,Gold
243617,83,94.29,1.9,0,0.0,41.86,44.58,4.82,4.89,True,True,True,True,True,False,True,True,90.0,Gold
243618,5,50.0,0.0,0,0.0,68.67,20.0,20.0,5.0,False,True,True,True,False,True,False,True,65.0,Retraining
243619,12,81.25,0.0,0,0.0,34.57,66.67,16.67,4.55,False,True,True,True,True,False,False,False,55.0,Retraining
243620,4,100.0,0.0,0,0.0,35.09,25.0,0.0,5.0,True,True,True,True,True,True,True,True,100.0,Gold
243621,46,94.12,0.0,0,0.0,37.29,36.96,13.04,4.73,True,True,True,True,True,True,True,True,100.0,Gold
243622,38,91.49,0.0,0,0.0,36.62,28.95,15.79,4.78,True,True,True,True,True,True,False,True,95.0,Gold
243623,2,100.0,0.0,0,0.0,57.95,0.0,0.0,,True,True,True,True,False,True,True,False,70.0,Silver
243624,56,93.85,0.0,0,0.0,40.49,48.21,8.93,4.91,True,True,True,True,True,False,True,True,90.0,Gold
243625,57,100.0,0.0,0,0.0,36.46,45.61,7.02,4.89,True,True,True,True,True,False,True,True,90.0,Gold
243626,46,94.44,1.85,0,0.0,49.17,32.61,10.87,4.43,True,True,True,True,False,True,True,False,70.0,Silver
243627,114,98.37,0.0,0,0.0,25.85,35.09,3.51,4.82,True,True,True,True,True,True,True,True,100.0,Gold
243628,72,86.81,0.0,0,0.0,41.67,41.67,12.5,4.73,False,True,True,True,True,False,True,True,75.0,Silver
243629,18,95.24,0.0,0,0.0,29.74,61.11,5.56,4.0,True,True,True,True,True,False,True,False,75.0,Silver
243630,84,92.63,2.11,0,0.0,30.4,59.52,5.95,4.67,True,False,True,True,True,False,True,False,60.0,Retraining
243631,56,86.96,0.0,0,0.0,41.15,32.14,5.36,4.77,False,True,True,True,True,True,True,True,85.0,Gold
243632,27,100.0,0.0,0,0.0,36.04,44.44,7.41,4.86,True,True,True,True,True,False,True,True,90.0,Gold
243633,71,97.59,3.61,0,1.23,20.03,69.01,12.68,4.55,True,False,True,False,True,False,True,False,50.0,Retraining
243634,39,87.76,0.0,0,2.33,43.45,30.77,7.69,4.88,False,True,True,False,True,True,True,True,75.0,Silver
243635,2,100.0,0.0,0,0.0,43.54,50.0,0.0,4.5,True,True,True,True,True,False,True,False,75.0,Silver
243636,51,92.98,1.75,0,0.0,36.46,41.18,9.8,4.85,True,True,True,True,True,False,True,True,90.0,Gold
243637,94,88.37,1.55,0,0.88,27.42,31.91,1.06,4.61,False,True,True,True,True,True,True,False,70.0,Silver
243638,49,94.74,0.0,0,0.0,26.1,40.82,0.0,4.83,True,True,True,True,True,False,True,True,90.0,Gold
243639,21,86.21,3.45,0,0.0,45.5,14.29,9.52,4.83,False,False,True,True,False,True,True,True,55.0,Retraining
243640,11,100.0,0.0,0,0.0,50.19,54.55,18.18,4.7,True,True,True,True,False,False,False,True,70.0,Silver
243641,54,87.5,4.17,0,0.0,38.9,40.74,14.81,4.74,False,False,True,True,True,False,True,True,60.0,Retraining
243642,49,82.43,0.0,0,1.64,55.08,40.82,8.16,4.9,False,True,True,False,False,False,True,True,50.0,Retraining
243643,5,100.0,0.0,0,0.0,69.78,20.0,60.0,4.75,True,True,True,True,False,True,False,True,80.0,Silver
243644,11,61.11,0.0,0,0.0,67.07,63.64,18.18,4.83,False,True,True,True,False,False,False,True,55.0,Retraining
243645,26,100.0,12.12,0,0.0,36.66,53.85,3.85,5.0,True,False,True,True,True,False,True,True,75.0,Silver
243646,11,58.33,0.0,0,0.0,26.68,54.55,18.18,5.0,False,True,True,True,True,False,False,True,70.0,Silver
243647,9,90.91,0.0,0,0.0,26.77,44.44,22.22,4.86,True,True,True,True,True,False,False,True,85.0,Gold
243648,19,87.5,0.0,0,0.0,44.28,57.89,10.53,4.81,False,True,True,True,True,False,True,True,75.0,Silver
243649,34,97.37,0.0,0,0.0,31.81,44.12,2.94,4.94,True,True,True,True,True,False,True,True,90.0,Gold
243650,8,78.13,64.58,0,0.0,28.79,62.5,0.0,4.88,False,False,True,True,True,False,True,True,60.0,Retraining
243651,12,100.0,0.0,0,0.0,31.86,66.67,25.0,4.8,True,True,True,True,True,False,False,True,85.0,Gold
243652,44,88.52,1.64,0,0.0,48.82,40.91,13.64,4.93,False,True,True,True,False,False,True,True,60.0,Retraining
243653,15,72.0,0.0,0,0.0,33.29,60.0,6.67,4.75,False,True,True,True,True,False,True,True,75.0,Silver
243654,7,100.0,0.0,0,0.0,42.77,28.57,14.29,4.8,True,True,True,True,True,True,True,True,100.0,Gold
243655,15,70.83,0.0,0,0.0,53.2,40.0,20.0,4.8,False,True,True,True,False,True,False,True,65.0,Retraining
243656,18,94.74,0.0,0,0.0,52.9,55.56,5.56,4.6,True,True,True,True,False,False,True,False,60.0,Retraining
243657,17,100.0,0.0,0,0.0,47.02,52.94,0.0,4.62,True,True,True,True,False,False,True,False,60.0,Retraining
243658,52,92.75,1.45,1,0.0,40.65,53.85,32.69,4.33,True,True,True,True,True,False,False,False,70.0,Silver
243659,136,98.67,0.0,1,0.0,15.8,45.59,3.68,4.78,True,True,True,True,True,False,True,True,90.0,Gold
243660,51,63.27,3.06,0,0.0,49.53,29.41,1.96,4.87,False,False,True,True,False,True,True,True,55.0,Retraining
243661,12,92.86,0.0,0,0.0,41.92,75.0,8.33,5.0,True,True,True,True,True,False,True,True,90.0,Gold
243662,34,70.91,3.64,0,0.0,56.91,44.12,2.94,4.42,False,False,True,True,False,False,True,False,30.0,Retraining
243663,8,100.0,0.0,0,0.0,40.27,50.0,0.0,4.75,True,True,True,True,True,False,True,True,90.0,Gold
243664,86,98.99,5.05,0,0.0,27.14,51.16,17.44,4.67,True,False,True,True,True,False,False,False,55.0,Retraining
243665,12,92.31,0.0,0,0.0,50.18,16.67,33.33,5.0,True,True,True,True,False,True,False,True,80.0,Silver
243666,36,100.0,0.0,0,0.0,23.3,50.0,8.33,4.89,True,True,True,True,True,False,True,True,90.0,Gold
243667,7,100.0,0.0,0,0.0,44.95,57.14,14.29,3.67,True,True,True,True,True,False,True,False,75.0,Silver
243668,18,95.83,4.17,0,0.0,42.35,33.33,5.56,4.83,True,False,True,True,True,True,True,True,85.0,Gold
243669,7,100.0,0.0,0,0.0,51.28,57.14,42.86,5.0,True,True,True,True,False,False,False,True,70.0,Silver
243670,16,94.44,0.0,0,0.0,53.6,43.75,12.5,5.0,True,True,True,True,False,False,True,True,75.0,Silver
243671,49,82.81,0.0,0,0.0,7.04,8.16,0.0,4.96,False,True,True,True,True,True,True,True,85.0,Gold
243672,9,26.83,0.0,0,0.0,54.02,33.33,22.22,5.0,False,True,True,True,False,True,False,True,65.0,Retraining
243673,73,100.0,0.0,0,1.16,47.23,43.84,12.33,4.86,True,True,True,False,False,False,True,True,65.0,Retraining
243674,44,100.0,0.0,0,0.0,19.87,38.64,2.27,4.81,True,True,True,True,True,True,True,True,100.0,Gold
243675,61,98.51,0.0,0,0.0,38.79,22.95,1.64,4.78,True,True,True,True,True,True,True,True,100.0,Gold
243676,13,73.68,0.0,0,0.0,56.99,38.46,23.08,5.0,False,True,True,True,False,True,False,True,65.0,Retraining
243677,26,90.32,3.23,0,0.0,33.88,42.31,11.54,4.9,True,False,True,True,True,False,True,True,75.0,Silver
243678,24,96.3,0.0,0,0.0,39.27,25.0,12.5,4.4,True,True,True,True,True,True,True,False,85.0,Gold
243679,19,77.78,0.0,0,0.0,35.5,36.84,5.26,4.46,False,True,True,True,True,True,True,False,70.0,Silver
243680,17,100.0,0.0,0,0.0,51.14,29.41,5.88,5.0,True,True,True,True,False,True,True,True,85.0,Gold
243681,40,97.83,0.0,0,0.0,28.95,57.5,7.5,4.82,True,True,True,True,True,False,True,True,90.0,Gold
243682,2,66.67,0.0,0,0.0,62.41,0.0,50.0,5.0,False,True,True,True,False,True,False,True,65.0,Retraining
243683,55,87.18,0.0,0,1.47,31.82,36.36,18.18,4.82,False,True,True,False,True,True,False,True,70.0,Silver
243684,67,93.9,0.0,0,2.6,26.05,59.7,11.94,4.45,True,True,True,False,True,False,True,False,65.0,Retraining
243685,32,100.0,0.0,0,0.0,41.16,43.75,6.25,4.67,True,True,True,True,True,False,True,False,75.0,Silver
243686,13,100.0,0.0,0,0.0,41.2,46.15,0.0,4.17,True,True,True,True,True,False,True,False,75.0,Silver
243687,97,100.0,0.0,0,0.0,36.18,40.21,7.22,4.84,True,True,True,True,True,False,True,True,90.0,Gold
243688,12,94.12,0.0,0,0.0,47.91,25.0,33.33,5.0,True,True,True,True,False,True,False,True,80.0,Silver
243689,8,100.0,0.0,0,0.0,53.22,37.5,50.0,5.0,True,True,True,True,False,True,False,True,80.0,Silver
243690,3,57.14,14.29,0,0.0,49.28,33.33,0.0,5.0,False,False,True,True,False,True,True,True,55.0,Retraining
243691,43,78.69,0.0,0,0.0,59.64,44.19,16.28,4.45,False,True,True,True,False,False,False,False,40.0,Retraining
243692,29,73.33,0.0,0,0.0,49.08,24.14,20.69,4.85,False,True,True,True,False,True,False,True,65.0,Retraining
243693,9,84.62,0.0,0,0.0,45.24,55.56,11.11,3.0,False,True,True,True,False,False,True,False,45.0,Retraining
243694,10,100.0,0.0,0,0.0,54.27,20.0,20.0,4.83,True,True,True,True,False,True,False,True,80.0,Silver
243695,42,83.02,1.89,0,0.0,42.48,64.29,4.76,4.93,False,True,True,True,True,False,True,True,75.0,Silver
243696,2,100.0,0.0,0,0.0,78.73,0.0,50.0,5.0,True,True,True,True,False,True,False,True,80.0,Silver
243697,91,98.97,0.0,0,1.04,25.98,48.35,7.69,4.68,True,True,True,False,True,False,True,False,65.0,Retraining
243698,21,92.31,3.85,0,0.0,49.9,23.81,0.0,5.0,True,False,True,True,False,True,True,True,70.0,Silver
243699,78,87.38,0.0,0,2.22,34.41,61.54,11.54,4.66,False,True,True,False,True,False,True,False,50.0,Retraining
243700,60,91.3,0.0,0,0.0,29.6,45.0,10.0,4.8,True,True,True,True,True,False,True,True,90.0,Gold
243701,55,89.39,3.03,0,0.0,20.97,29.09,3.64,4.76,False,False,True,True,True,True,True,True,70.0,Silver
243702,25,100.0,0.0,0,0.0,45.37,24.0,12.0,4.71,True,True,True,True,False,True,True,True,85.0,Gold
243703,6,100.0,0.0,0,0.0,37.48,66.67,0.0,4.67,True,True,True,True,True,False,True,False,75.0,Silver
243704,27,97.14,0.0,0,0.0,45.69,48.15,11.11,4.69,True,True,True,True,False,False,True,False,60.0,Retraining
243705,31,61.76,5.88,0,2.38,22.87,58.06,6.45,5.0,False,False,True,False,True,False,True,True,50.0,Retraining
243706,35,81.82,2.27,0,0.0,8.8,0.0,0.0,4.88,False,False,True,True,True,True,True,True,70.0,Silver
243707,13,100.0,0.0,0,0.0,53.23,69.23,15.38,5.0,True,True,True,True,False,False,False,True,70.0,Silver
243708,6,100.0,0.0,0,0.0,21.42,16.67,0.0,5.0,True,True,True,True,True,True,True,True,100.0,Gold
243709,51,90.63,4.69,0,0.0,33.26,39.22,9.8,4.73,True,False,True,True,True,True,True,True,85.0,Gold
243710,17,94.44,0.0,0,0.0,49.39,23.53,17.65,4.5,True,True,True,True,False,True,False,False,65.0,Retraining
243711,60,95.45,0.0,0,0.0,22.75,45.0,6.67,4.68,True,True,True,True,True,False,True,False,75.0,Silver
243712,21,88.0,0.0,0,0.0,64.63,47.62,14.29,4.29,False,True,True,True,False,False,True,False,45.0,Retraining
243713,18,88.0,0.0,0,0.0,37.38,44.44,0.0,4.45,False,True,True,True,True,False,True,False,60.0,Retraining
243714,4,83.33,0.0,0,20.0,64.35,50.0,50.0,4.25,False,True,True,False,False,False,False,False,30.0,Retraining
243715,18,100.0,0.0,0,0.0,36.75,33.33,5.56,3.71,True,True,True,True,True,True,True,False,85.0,Gold
243716,15,100.0,0.0,0,0.0,47.14,13.33,13.33,5.0,True,True,True,True,False,True,True,True,85.0,Gold
243717,62,90.91,1.3,0,0.0,38.56,61.29,11.29,4.75,True,True,True,True,True,False,True,True,90.0,Gold
243718,14,88.24,0.0,0,0.0,43.51,50.0,0.0,5.0,False,True,True,True,True,False,True,True,75.0,Silver
243719,3,80.0,20.0,0,0.0,25.33,33.33,33.33,5.0,False,False,True,True,True,True,False,True,65.0,Retraining
243720,12,100.0,0.0,0,0.0,34.39,25.0,0.0,5.0,True,True,True,True,True,True,True,True,100.0,Gold
243721,29,100.0,0.0,0,0.0,34.29,62.07,17.24,4.91,True,True,True,True,True,False,False,True,85.0,Gold
243722,57,98.68,0.0,0,0.0,29.19,63.16,17.54,4.73,True,True,True,True,True,False,False,True,85.0,Gold
243723,6,100.0,50.0,0,0.0,64.0,50.0,0.0,4.8,True,False,True,True,False,False,True,True,60.0,Retraining
243724,37,97.78,0.0,0,0.0,28.41,43.24,2.7,4.22,True,True,True,True,True,False,True,False,75.0,Silver
243725,12,100.0,0.0,0,0.0,37.98,25.0,0.0,5.0,True,True,True,True,True,True,True,True,100.0,Gold
243726,27,96.55,0.0,0,0.0,43.2,25.93,11.11,4.78,True,True,True,True,True,True,True,True,100.0,Gold
243727,5,100.0,0.0,0,0.0,33.44,60.0,0.0,3.0,True,True,True,True,True,False,True,False,75.0,Silver
243728,18,95.24,0.0,0,0.0,51.65,50.0,22.22,4.71,True,True,True,True,False,False,False,True,70.0,Silver
243729,29,93.62,2.13,0,0.0,40.04,48.28,0.0,4.86,True,False,True,True,True,False,True,True,75.0,Silver
243730,2,100.0,0.0,0,0.0,55.99,0.0,50.0,,True,True,True,True,False,True,False,False,65.0,Retraining
243731,12,100.0,0.0,0,0.0,37.53,58.33,8.33,4.0,True,True,True,True,True,False,True,False,75.0,Silver
243732,6,75.0,0.0,0,0.0,62.25,33.33,50.0,4.75,False,True,True,True,False,True,False,True,65.0,Retraining
243733,13,94.12,0.0,0,6.25,63.13,61.54,23.08,4.38,True,True,True,False,False,False,False,False,45.0,Retraining
243734,15,91.3,0.0,0,0.0,51.93,60.0,13.33,4.25,True,True,True,True,False,False,True,False,60.0,Retraining
243735,53,100.0,0.0,0,0.0,42.53,39.62,15.09,4.93,True,True,True,True,True,True,False,True,95.0,Gold
243736,3,100.0,0.0,0,0.0,33.43,0.0,0.0,,True,True,True,True,True,True,True,False,85.0,Gold
243737,55,100.0,0.0,0,0.0,49.56,49.09,10.91,4.86,True,True,True,True,False,False,True,True,75.0,Silver
243738,20,26.37,0.0,0,0.0,29.56,50.0,5.0,4.54,False,True,True,True,True,False,True,False,60.0,Retraining
243739,91,91.51,1.89,0,0.0,11.68,13.19,2.2,4.94,True,True,True,True,True,True,True,True,100.0,Gold
243740,6,100.0,0.0,0,0.0,22.77,33.33,0.0,4.8,True,True,True,True,True,True,True,True,100.0,Gold
243741,58,95.31,0.0,0,0.0,43.9,51.72,0.0,4.81,True,True,True,True,True,False,True,True,90.0,Gold
243742,27,100.0,0.0,0,0.0,50.94,44.44,11.11,4.53,True,True,True,True,False,False,True,False,60.0,Retraining
243743,34,97.3,0.0,0,0.0,42.34,38.24,17.65,4.94,True,True,True,True,True,True,False,True,95.0,Gold
243744,69,98.73,0.0,0,0.0,36.39,53.62,5.8,4.69,True,True,True,True,True,False,True,False,75.0,Silver
243745,16,100.0,0.0,0,0.0,39.2,43.75,12.5,4.67,True,True,True,True,True,False,True,False,75.0,Silver
243746,4,35.29,0.0,0,0.0,45.36,50.0,0.0,5.0,False,True,True,True,False,False,True,True,60.0,Retraining
243747,74,96.39,0.0,0,1.25,52.92,64.86,8.11,4.65,True,True,True,False,False,False,True,False,50.0,Retraining
243748,4,100.0,16.67,0,0.0,41.42,75.0,0.0,5.0,True,False,True,True,True,False,True,True,75.0,Silver
243749,19,100.0,0.0,0,0.0,27.66,57.89,15.79,4.22,True,True,True,True,True,False,False,False,70.0,Silver
243750,12,93.33,0.0,0,0.0,52.81,75.0,0.0,4.78,True,True,True,True,False,False,True,True,75.0,Silver
243751,103,83.97,0.0,0,0.0,33.12,43.69,7.77,4.84,False,True,True,True,True,False,True,True,75.0,Silver
243752,2,100.0,0.0,0,0.0,68.85,100.0,0.0,5.0,True,True,True,True,False,False,True,True,75.0,Silver
243753,19,92.59,7.41,0,0.0,49.37,57.89,21.05,4.77,True,False,True,True,False,False,False,True,55.0,Retraining
243754,13,92.86,0.0,0,0.0,47.91,46.15,23.08,4.83,True,True,True,True,False,False,False,True,70.0,Silver
243755,36,95.24,7.14,0,0.0,46.65,30.56,8.33,4.67,True,False,True,True,False,True,True,False,55.0,Retraining
243756,15,93.75,0.0,0,0.0,40.0,33.33,6.67,5.0,True,True,True,True,True,True,True,True,100.0,Gold
243757,74,94.12,0.0,0,0.0,51.33,64.86,13.51,4.83,True,True,True,True,False,False,True,True,75.0,Silver
243758,49,98.18,0.0,0,0.0,46.27,48.98,12.24,4.54,True,True,True,True,False,False,True,False,60.0,Retraining
243759,144,97.55,0.61,0,0.0,28.72,47.22,11.11,4.65,True,True,True,True,True,False,True,False,75.0,Silver
243760,7,77.78,0.0,0,0.0,46.04,42.86,0.0,4.86,False,True,True,True,False,False,True,True,60.0,Retraining
243761,27,97.22,0.0,0,0.0,48.44,40.74,40.74,4.6,True,True,True,True,False,False,False,False,55.0,Retraining
243762,41,100.0,0.0,0,0.0,21.84,48.78,2.44,4.8,True,True,True,True,True,False,True,True,90.0,Gold
243763,26,79.41,0.0,0,0.0,34.35,19.23,3.85,4.94,False,True,True,True,True,True,True,True,85.0,Gold
243764,14,93.75,0.0,0,0.0,28.26,42.86,0.0,4.71,True,True,True,True,True,False,True,True,90.0,Gold
243765,66,98.63,0.0,0,0.0,32.53,53.03,4.55,4.73,True,True,True,True,True,False,True,True,90.0,Gold
243766,55,77.92,0.0,0,1.67,38.21,21.82,16.36,4.88,False,True,True,False,True,True,False,True,70.0,Silver
243767,63,98.67,0.0,0,1.35,47.81,49.21,3.17,4.62,True,True,True,False,False,False,True,False,50.0,Retraining
243768,5,100.0,0.0,0,0.0,51.65,0.0,0.0,5.0,True,True,True,True,False,True,True,True,85.0,Gold
243769,66,100.0,1.35,0,0.0,38.3,46.97,13.64,4.76,True,True,True,True,True,False,True,True,90.0,Gold
243770,57,97.01,1.49,0,0.0,34.31,35.09,8.77,4.51,True,True,True,True,True,True,True,False,85.0,Gold
243771,51,75.61,3.66,0,0.0,50.67,50.98,11.76,4.57,False,False,True,True,False,False,True,False,30.0,Retraining
243772,4,100.0,0.0,0,0.0,43.63,50.0,0.0,5.0,True,True,True,True,True,False,True,True,90.0,Gold
243773,57,100.0,0.0,0,0.0,37.36,33.33,10.53,4.64,True,True,True,True,True,True,True,False,85.0,Gold
243774,21,34.67,0.0,0,0.0,42.87,52.38,23.81,4.58,False,True,True,True,True,False,False,False,55.0,Retraining
243775,38,100.0,0.0,0,0.0,17.1,47.37,10.53,4.82,True,True,True,True,True,False,True,True,90.0,Gold
243776,13,100.0,0.0,0,0.0,21.48,38.46,0.0,5.0,True,True,True,True,True,True,True,True,100.0,Gold
243777,26,93.33,0.0,0,0.0,43.31,38.46,7.69,5.0,True,True,True,True,True,True,True,True,100.0,Gold
243778,45,98.04,0.0,0,0.0,32.11,60.0,11.11,4.68,True,True,True,True,True,False,True,False,75.0,Silver
243779,18,100.0,0.0,0,0.0,29.41,50.0,27.78,4.0,True,True,True,True,True,False,False,False,70.0,Silver
243780,41,93.62,0.0,0,0.0,44.65,48.78,12.2,4.72,True,True,True,True,True,False,True,True,90.0,Gold
243781,47,96.23,0.0,0,0.0,45.41,42.55,8.51,4.81,True,True,True,True,False,False,True,True,75.0,Silver
243782,4,71.43,0.0,0,0.0,45.89,50.0,0.0,5.0,False,True,True,True,False,False,True,True,60.0,Retraining
243783,67,91.86,0.0,0,1.27,47.79,37.31,22.39,4.74,True,True,True,False,False,True,False,True,70.0,Silver
243784,19,95.83,0.0,0,0.0,51.71,36.84,15.79,4.08,True,True,True,True,False,True,False,False,65.0,Retraining
243785,4,100.0,0.0,0,0.0,29.69,0.0,0.0,5.0,True,True,True,True,True,True,True,True,100.0,Gold
243786,60,94.29,2.86,0,0.0,51.72,33.33,15.0,4.74,True,False,True,True,False,True,True,True,70.0,Silver
243787,94,95.73,0.85,4,0.0,32.77,50.0,10.64,4.41,True,True,False,True,True,False,True,False,60.0,Retraining
243788,94,92.74,1.61,0,0.87,29.99,46.81,3.19,4.57,True,True,True,True,True,False,True,False,75.0,Silver
243789,9,47.62,0.0,0,0.0,38.19,44.44,0.0,4.88,False,True,True,True,True,False,True,True,75.0,Silver
243790,12,73.68,0.0,0,0.0,27.46,75.0,16.67,4.2,False,True,True,True,True,False,False,False,55.0,Retraining
243791,24,100.0,0.0,0,0.0,41.57,33.33,12.5,4.6,True,True,True,True,True,True,True,False,85.0,Gold
243792,48,94.64,0.0,0,0.0,33.16,62.5,4.17,4.93,True,True,True,True,True,False,True,True,90.0,Gold
243793,65,94.67,1.33,0,0.0,27.06,35.38,15.38,4.5,True,True,True,True,True,True,False,False,80.0,Silver
243794,13,87.5,0.0,0,0.0,38.03,69.23,7.69,4.33,False,True,True,True,True,False,True,False,60.0,Retraining
243795,65,86.08,0.0,0,0.0,37.94,50.77,13.85,4.8,False,True,True,True,True,False,True,True,75.0,Silver
243796,38,88.46,0.0,0,0.0,54.97,44.74,10.53,4.61,False,True,True,True,False,False,True,False,45.0,Retraining
243797,16,94.12,0.0,0,0.0,39.68,31.25,12.5,5.0,True,True,True,True,True,True,True,True,100.0,Gold
243798,9,100.0,0.0,0,0.0,52.0,33.33,11.11,4.2,True,True,True,True,False,True,True,False,70.0,Silver
243799,36,95.0,0.0,0,0.0,33.59,72.22,13.89,4.94,True,True,True,True,True,False,True,True,90.0,Gold
243800,9,100.0,0.0,0,0.0,44.82,33.33,11.11,5.0,True,True,True,True,True,True,True,True,100.0,Gold
243801,38,97.78,0.0,0,0.0,46.21,57.89,7.89,4.89,True,True,True,True,False,False,True,True,75.0,Silver
243802,41,94.0,0.0,0,0.0,49.54,34.15,14.63,4.85,True,True,True,True,False,True,True,True,85.0,Gold
243803,6,100.0,0.0,0,0.0,33.58,66.67,0.0,5.0,True,True,True,True,True,False,True,True,90.0,Gold
243804,122,97.9,0.0,0,0.71,22.14,47.54,8.2,4.76,True,True,True,True,True,False,True,True,90.0,Gold
243805,19,84.0,0.0,0,0.0,29.49,47.37,10.53,4.86,False,True,True,True,True,False,True,True,75.0,Silver
243806,3,75.0,0.0,0,0.0,53.86,0.0,0.0,5.0,False,True,True,True,False,True,True,True,70.0,Silver
243807,49,95.31,3.13,0,3.28,38.29,22.45,2.04,4.71,True,False,True,False,True,True,True,True,75.0,Silver
243808,81,96.77,2.15,0,1.11,31.76,43.21,3.7,4.88,True,False,True,False,True,False,True,True,65.0,Retraining
243809,48,83.61,0.0,0,0.0,37.95,33.33,8.33,4.79,False,True,True,True,True,True,True,True,85.0,Gold
243810,27,90.24,0.0,0,0.0,42.45,29.63,7.41,4.73,True,True,True,True,True,True,True,True,100.0,Gold
243811,33,100.0,0.0,1,0.0,29.97,48.48,0.0,4.5,True,True,True,True,True,False,True,False,75.0,Silver
243812,37,88.89,2.22,0,0.0,48.22,56.76,16.22,4.7,False,False,True,True,False,False,False,True,40.0,Retraining
243813,7,100.0,20.0,0,0.0,46.08,28.57,0.0,4.5,True,False,True,True,False,True,True,False,55.0,Retraining
243814,10,100.0,0.0,0,0.0,43.83,70.0,10.0,4.75,True,True,True,True,True,False,True,True,90.0,Gold
243815,16,64.1,2.56,0,0.0,59.41,31.25,18.75,4.92,False,False,True,True,False,True,False,True,50.0,Retraining
243816,21,95.65,0.0,0,0.0,48.16,42.86,23.81,4.62,True,True,True,True,False,False,False,False,55.0,Retraining
243817,49,100.0,0.0,0,0.0,13.72,32.65,2.04,4.79,True,True,True,True,True,True,True,True,100.0,Gold
243818,2,100.0,0.0,0,0.0,31.48,50.0,0.0,,True,True,True,True,True,False,True,False,75.0,Silver
243819,18,100.0,0.0,0,0.0,41.75,33.33,5.56,4.92,True,True,True,True,True,True,True,True,100.0,Gold
243820,28,88.89,0.0,0,0.0,25.44,53.57,0.0,5.0,False,True,True,True,True,False,True,True,75.0,Silver
243821,7,88.89,11.11,0,0.0,39.36,0.0,0.0,4.25,False,False,True,True,True,True,True,False,55.0,Retraining
243822,27,100.0,0.0,0,0.0,48.85,37.04,14.81,4.64,True,True,True,True,False,True,True,False,70.0,Silver
243823,63,95.83,2.78,0,0.0,35.33,42.86,22.22,4.69,True,False,True,True,True,False,False,False,55.0,Retraining
243824,3,100.0,0.0,0,0.0,36.33,33.33,0.0,4.0,True,True,True,True,True,True,True,False,85.0,Gold
243825,11,59.09,4.55,0,0.0,55.55,54.55,27.27,4.5,False,False,True,True,False,False,False,False,25.0,Retraining
243826,95,96.49,0.0,0,0.91,22.76,43.16,8.42,4.75,True,True,True,True,True,False,True,True,90.0,Gold
243827,85,100.0,0.0,0,0.0,18.93,40.0,2.35,4.86,True,True,True,True,True,True,True,True,100.0,Gold
243828,21,92.31,0.0,0,0.0,37.07,42.86,9.52,5.0,True,True,True,True,True,False,True,True,90.0,Gold
243829,21,96.55,0.0,0,0.0,42.07,33.33,0.0,4.3,True,True,True,True,True,True,True,False,85.0,Gold
243830,51,69.74,1.32,0,0.0,39.9,43.14,9.8,4.68,False,True,True,True,True,False,True,False,60.0,Retraining
243831,2,100.0,0.0,0,0.0,45.1,0.0,0.0,5.0,True,True,True,True,False,True,True,True,85.0,Gold
243832,18,100.0,0.0,0,0.0,42.03,44.44,11.11,4.9,True,True,True,True,True,False,True,True,90.0,Gold
243833,6,85.71,0.0,0,0.0,64.66,50.0,16.67,5.0,False,True,True,True,False,False,False,True,55.0,Retraining
243834,116,94.74,0.0,0,0.0,28.24,37.93,2.59,4.86,True,True,True,True,True,True,True,True,100.0,Gold
243835,23,92.31,0.0,0,0.0,27.6,26.09,4.35,4.92,True,True,True,True,True,True,True,True,100.0,Gold
243836,5,100.0,16.67,0,0.0,37.32,40.0,20.0,4.0,True,False,True,True,True,True,False,False,65.0,Retraining
243837,62,97.01,0.0,0,0.0,45.45,38.71,12.9,4.9,True,True,True,True,False,True,True,True,85.0,Gold
243838,9,76.47,0.0,0,7.69,41.8,55.56,11.11,5.0,False,True,True,False,True,False,True,True,65.0,Retraining
243839,26,96.43,0.0,0,0.0,47.72,34.62,11.54,4.94,True,True,True,True,False,True,True,True,85.0,Gold
243840,131,90.0,0.63,0,0.0,32.46,41.98,3.82,4.68,True,True,True,True,True,False,True,False,75.0,Silver
243841,10,100.0,0.0,0,6.67,31.12,50.0,0.0,4.43,True,True,True,False,True,False,True,False,65.0,Retraining
243842,53,96.61,0.0,0,0.0,45.3,16.98,5.66,4.76,True,True,True,True,False,True,True,True,85.0,Gold
243843,73,96.3,0.0,0,0.0,22.1,39.73,1.37,4.93,True,True,True,True,True,True,True,True,100.0,Gold
243844,21,96.15,0.0,0,0.0,34.68,33.33,4.76,4.57,True,True,True,True,True,True,True,False,85.0,Gold
243845,9,100.0,10.0,0,0.0,64.43,88.89,44.44,4.75,True,False,True,True,False,False,False,True,55.0,Retraining
243846,73,89.29,1.19,0,0.0,21.94,54.79,5.48,4.84,False,True,True,True,True,False,True,True,75.0,Silver
243847,15,100.0,6.25,0,0.0,42.83,73.33,0.0,4.92,True,False,True,True,True,False,True,True,75.0,Silver
243848,60,94.52,2.74,0,0.0,44.93,46.67,18.33,4.88,True,False,True,True,True,False,False,True,70.0,Silver
243849,59,79.52,6.02,0,0.0,41.12,35.59,8.47,4.6,False,False,True,True,True,True,True,False,55.0,Retraining
243850,12,92.86,7.14,0,0.0,35.99,58.33,16.67,5.0,True,False,True,True,True,False,False,True,70.0,Silver
243851,18,100.0,0.0,0,0.0,26.18,55.56,11.11,4.88,True,True,True,True,True,False,True,True,90.0,Gold
243852,22,14.84,0.0,0,0.0,51.76,54.55,22.73,4.82,False,True,True,True,False,False,False,True,55.0,Retraining
243853,9,100.0,0.0,0,0.0,27.67,66.67,0.0,3.5,True,True,True,True,True,False,True,False,75.0,Silver
243854,26,96.88,0.0,0,0.0,45.68,26.92,19.23,4.85,True,True,True,True,False,True,False,True,80.0,Silver
243855,36,97.56,2.44,0,0.0,45.48,22.22,13.89,4.78,True,False,True,True,False,True,True,True,70.0,Silver
243856,112,96.21,0.0,0,1.57,30.22,55.36,3.57,4.79,True,True,True,False,True,False,True,True,80.0,Silver
243857,21,93.33,0.0,0,0.0,53.25,42.86,23.81,5.0,True,True,True,True,False,False,False,True,70.0,Silver
243858,35,95.45,0.0,0,0.0,28.95,31.43,8.57,4.79,True,True,True,True,True,True,True,True,100.0,Gold
243859,3,100.0,0.0,0,0.0,48.02,100.0,33.33,,True,True,True,True,False,False,False,False,55.0,Retraining
243860,137,92.12,0.0,0,0.0,23.45,37.23,5.84,4.87,True,True,True,True,True,True,True,True,100.0,Gold
243861,11,92.31,0.0,0,0.0,61.88,36.36,18.18,4.83,True,True,True,True,False,True,False,True,80.0,Silver
243862,38,74.07,1.85,0,0.0,43.32,63.16,5.26,4.79,False,True,True,True,True,False,True,True,75.0,Silver
243863,30,92.31,0.0,0,5.56,39.45,56.67,20.0,4.75,True,True,True,False,True,False,False,True,75.0,Silver
243864,84,96.0,0.0,0,0.0,34.4,27.38,21.43,4.9,True,True,True,True,True,True,False,True,95.0,Gold
243865,22,72.22,0.0,0,0.0,22.87,50.0,4.55,4.83,False,True,True,True,True,False,True,True,75.0,Silver
243866,27,91.18,0.0,0,0.0,39.04,40.74,3.7,4.89,True,True,True,True,True,False,True,True,90.0,Gold
243867,35,97.44,0.0,0,0.0,50.35,54.29,14.29,4.25,True,True,True,True,False,False,True,False,60.0,Retraining
243868,70,86.36,2.27,0,0.0,40.55,57.14,10.0,4.71,False,False,True,True,True,False,True,True,60.0,Retraining
243869,86,96.08,1.96,0,1.02,36.69,52.33,5.81,4.83,True,True,True,False,True,False,True,True,80.0,Silver
243870,84,98.9,0.0,0,0.0,22.54,41.67,11.9,4.66,True,True,True,True,True,False,True,False,75.0,Silver
243871,94,100.0,0.0,0,0.0,34.77,68.09,8.51,4.85,True,True,True,True,True,False,True,True,90.0,Gold
243872,41,91.67,0.0,1,0.0,24.31,39.02,4.88,4.5,True,True,True,True,True,True,True,False,85.0,Gold
243873,21,100.0,0.0,0,0.0,50.47,42.86,9.52,5.0,True,True,True,True,False,False,True,True,75.0,Silver
243874,8,100.0,0.0,0,0.0,52.25,12.5,12.5,4.67,True,True,True,True,False,True,True,False,70.0,Silver
243875,66,98.68,0.0,0,0.0,41.21,43.94,13.64,4.71,True,True,True,True,True,False,True,True,90.0,Gold
243876,100,97.37,0.0,0,0.0,26.22,39.0,9.0,4.89,True,True,True,True,True,True,True,True,100.0,Gold
243877,13,94.12,5.88,0,0.0,45.11,30.77,7.69,5.0,True,False,True,True,False,True,True,True,70.0,Silver
243878,44,97.96,2.04,0,4.17,44.73,40.91,11.36,4.86,True,False,True,False,True,False,True,True,65.0,Retraining
243879,142,100.0,0.0,0,0.0,15.84,47.18,6.34,4.82,True,True,True,True,True,False,True,True,90.0,Gold
243880,18,100.0,0.0,0,0.0,40.94,44.44,11.11,4.88,True,True,True,True,True,False,True,True,90.0,Gold
243881,12,85.71,0.0,0,0.0,23.26,16.67,8.33,4.75,False,True,True,True,True,True,True,True,85.0,Gold
243882,19,92.86,7.14,0,0.0,48.09,31.58,21.05,4.0,True,False,True,True,False,True,False,False,50.0,Retraining
243883,45,98.15,0.0,0,0.0,48.07,40.0,8.89,4.95,True,True,True,True,False,True,True,True,85.0,Gold
243884,61,89.71,0.0,0,0.0,26.05,63.93,3.28,4.79,False,True,True,True,True,False,True,True,75.0,Silver
243885,14,100.0,0.0,0,0.0,44.75,28.57,14.29,4.56,True,True,True,True,True,True,True,False,85.0,Gold
243886,54,86.49,1.35,0,1.56,41.31,68.52,11.11,4.73,False,True,True,False,True,False,True,True,65.0,Retraining
243887,7,88.89,0.0,0,0.0,57.48,71.43,14.29,5.0,False,True,True,True,False,False,True,True,60.0,Retraining
243888,36,90.48,0.0,0,0.0,25.9,55.56,5.56,4.95,True,True,True,True,True,False,True,True,90.0,Gold
243889,32,79.55,2.27,0,0.0,48.22,50.0,21.88,4.75,False,False,True,True,False,False,False,True,40.0,Retraining
243890,44,87.5,0.0,0,0.0,40.13,47.73,9.09,4.65,False,True,True,True,True,False,True,False,60.0,Retraining
243891,2,100.0,0.0,0,0.0,34.82,50.0,0.0,4.0,True,True,True,True,True,False,True,False,75.0,Silver
243892,98,97.2,0.0,0,0.0,37.78,40.82,17.35,4.78,True,True,True,True,True,False,False,True,85.0,Gold
243893,21,100.0,0.0,0,0.0,41.37,14.29,4.76,4.45,True,True,True,True,True,True,True,False,85.0,Gold
243894,9,69.23,0.0,0,0.0,48.7,44.44,22.22,4.17,False,True,True,True,False,False,False,False,40.0,Retraining
243895,12,100.0,0.0,0,0.0,46.43,33.33,16.67,5.0,True,True,True,True,False,True,False,True,80.0,Silver
243896,3,100.0,0.0,0,0.0,79.5,0.0,0.0,5.0,True,True,True,True,False,True,True,True,85.0,Gold
243897,61,95.45,0.0,0,0.0,33.45,45.9,18.03,4.48,True,True,True,True,True,False,False,False,70.0,Silver
243898,70,97.37,0.0,0,0.0,69.59,47.14,7.14,4.82,True,True,True,True,False,False,True,True,75.0,Silver
243899,79,100.0,0.0,0,0.0,30.64,39.24,12.66,4.8,True,True,True,True,True,True,True,True,100.0,Gold
243900,6,85.71,0.0,0,0.0,51.07,16.67,16.67,5.0,False,True,True,True,False,True,False,True,65.0,Retraining
243901,77,100.0,0.0,0,0.0,22.95,29.87,14.29,4.69,True,True,True,True,True,True,True,False,85.0,Gold
243902,9,100.0,0.0,0,0.0,37.99,77.78,11.11,4.8,True,True,True,True,True,False,True,True,90.0,Gold
243903,63,90.54,0.0,0,0.0,39.99,31.75,22.22,4.59,True,True,True,True,True,True,False,False,80.0,Silver
243904,62,90.41,0.0,0,1.52,47.19,25.81,8.06,4.65,True,True,True,False,False,True,True,False,60.0,Retraining
243905,76,96.63,3.37,0,0.0,42.66,40.79,18.42,4.56,True,False,True,True,True,False,False,False,55.0,Retraining
243906,6,100.0,0.0,0,0.0,67.5,33.33,33.33,5.0,True,True,True,True,False,True,False,True,80.0,Silver
243907,11,91.67,0.0,0,0.0,50.03,63.64,9.09,4.13,True,True,True,True,False,False,True,False,60.0,Retraining
243908,10,25.0,0.0,0,0.0,62.15,60.0,0.0,5.0,False,True,True,True,False,False,True,True,60.0,Retraining
243909,51,90.63,1.56,0,1.72,44.17,54.9,35.29,4.77,True,True,True,False,True,False,False,True,75.0,Silver
243910,39,97.78,0.0,0,0.0,57.79,38.46,7.69,4.5,True,True,True,True,False,True,True,False,70.0,Silver
243911,26,100.0,0.0,0,0.0,36.86,42.31,3.85,4.74,True,True,True,True,True,False,True,True,90.0,Gold
243912,9,100.0,0.0,0,0.0,51.26,44.44,11.11,5.0,True,True,True,True,False,False,True,True,75.0,Silver
243913,2,100.0,0.0,0,0.0,69.37,50.0,0.0,5.0,True,True,True,True,False,False,True,True,75.0,Silver
243914,108,96.69,0.0,0,0.85,32.68,74.07,2.78,4.87,True,True,True,True,True,False,True,True,90.0,Gold
243915,26,96.43,0.0,0,0.0,35.16,11.54,23.08,4.64,True,True,True,True,True,True,False,False,80.0,Silver
243916,75,96.63,0.0,0,4.65,48.31,57.33,14.67,4.51,True,True,True,False,False,False,True,False,50.0,Retraining
243917,53,74.12,1.18,0,0.0,50.69,45.28,22.64,4.69,False,True,True,True,False,False,False,False,40.0,Retraining
243918,30,92.5,7.5,0,0.0,46.03,23.33,3.33,4.95,True,False,True,True,False,True,True,True,70.0,Silver
243919,3,62.5,0.0,0,0.0,75.63,0.0,0.0,5.0,False,True,True,True,False,True,True,True,70.0,Silver
243920,5,100.0,0.0,0,0.0,58.08,20.0,20.0,5.0,True,True,True,True,False,True,False,True,80.0,Silver
243921,78,91.75,1.03,0,0.0,39.56,51.28,11.54,4.78,True,True,True,True,True,False,True,True,90.0,Gold
243922,46,98.0,0.0,0,0.0,43.79,43.48,19.57,4.6,True,True,True,True,True,False,False,False,70.0,Silver
243923,95,98.04,0.98,0,0.0,29.9,40.0,6.32,4.83,True,True,True,True,True,True,True,True,100.0,Gold
243924,18,100.0,0.0,0,0.0,37.12,33.33,16.67,4.88,True,True,True,True,True,True,False,True,95.0,Gold
243925,88,92.52,0.0,0,0.0,26.36,43.18,14.77,4.65,True,True,True,True,True,False,True,False,75.0,Silver
243926,45,100.0,0.0,0,2.0,49.92,46.67,15.56,4.55,True,True,True,False,False,False,False,False,45.0,Retraining
243927,7,100.0,0.0,0,0.0,37.57,42.86,28.57,4.67,True,True,True,True,True,False,False,False,70.0,Silver
243928,27,91.89,2.7,0,0.0,65.49,40.74,18.52,4.69,True,False,True,True,False,False,False,False,40.0,Retraining
243929,19,100.0,0.0,0,0.0,27.06,36.84,15.79,4.44,True,True,True,True,True,True,False,False,80.0,Silver
243930,2,100.0,0.0,0,0.0,31.95,100.0,0.0,4.5,True,True,True,True,True,False,True,False,75.0,Silver
243931,60,94.44,1.39,0,0.0,39.97,51.67,10.0,4.76,True,True,True,True,True,False,True,True,90.0,Gold
243932,18,95.0,0.0,0,0.0,39.83,50.0,22.22,5.0,True,True,True,True,True,False,False,True,85.0,Gold
243933,2,100.0,0.0,0,0.0,50.3,50.0,50.0,5.0,True,True,True,True,False,False,False,True,70.0,Silver
243934,97,96.46,0.0,0,0.0,22.75,47.42,6.19,4.72,True,True,True,True,True,False,True,True,90.0,Gold
243935,30,92.5,0.0,0,2.7,41.9,40.0,16.67,4.72,True,True,True,False,True,True,False,True,85.0,Gold
243936,10,100.0,0.0,0,7.69,19.46,60.0,30.0,5.0,True,True,True,False,True,False,False,True,75.0,Silver
243937,15,21.98,2.2,0,0.0,45.66,53.33,26.67,4.55,False,False,True,True,False,False,False,False,25.0,Retraining
243938,59,98.44,0.0,0,0.0,53.16,40.68,30.51,4.73,True,True,True,True,False,False,False,True,70.0,Silver
243939,10,100.0,0.0,0,0.0,79.66,20.0,10.0,4.86,True,True,True,True,False,True,True,True,85.0,Gold
243940,94,91.38,0.0,0,0.94,45.9,41.49,18.09,4.73,True,True,True,True,False,False,False,True,70.0,Silver
243941,5,100.0,0.0,0,14.29,72.89,60.0,20.0,5.0,True,True,True,False,False,False,False,True,60.0,Retraining
243942,41,100.0,0.0,0,0.0,40.82,41.46,9.76,4.94,True,True,True,True,True,False,True,True,90.0,Gold
243943,23,83.33,2.78,0,13.33,40.26,39.13,13.04,4.27,False,False,True,False,True,True,True,False,45.0,Retraining
243944,33,80.43,0.0,0,0.0,38.9,27.27,6.06,4.95,False,True,True,True,True,True,True,True,85.0,Gold
243945,13,100.0,0.0,0,0.0,30.87,53.85,7.69,4.6,True,True,True,True,True,False,True,False,75.0,Silver
243946,3,100.0,0.0,0,0.0,69.4,33.33,0.0,5.0,True,True,True,True,False,True,True,True,85.0,Gold
243947,55,84.72,0.0,0,0.0,70.52,63.64,12.73,4.64,False,True,True,True,False,False,True,False,45.0,Retraining
243948,4,100.0,0.0,0,0.0,34.28,50.0,25.0,5.0,True,True,True,True,True,False,False,True,85.0,Gold
243949,56,77.11,0.0,0,0.0,45.83,44.64,16.07,4.58,False,True,True,True,False,False,False,False,40.0,Retraining
243950,27,87.5,3.13,0,0.0,45.06,51.85,14.81,5.0,False,False,True,True,False,False,True,True,45.0,Retraining
243951,55,93.85,0.0,0,0.0,55.53,60.0,34.55,4.7,True,True,True,True,False,False,False,True,70.0,Silver
243952,11,100.0,7.14,0,0.0,40.33,63.64,9.09,4.38,True,False,True,True,True,False,True,False,60.0,Retraining
243953,13,73.68,0.0,0,0.0,32.27,38.46,0.0,5.0,False,True,True,True,True,True,True,True,85.0,Gold
243954,9,82.35,17.65,0,0.0,59.22,22.22,22.22,4.75,False,False,True,True,False,True,False,True,50.0,Retraining
243955,74,93.75,0.0,0,0.0,25.86,43.24,17.57,4.67,True,True,True,True,True,False,False,False,70.0,Silver
243956,35,88.64,2.27,0,0.0,22.23,51.43,11.43,4.67,False,False,True,True,True,False,True,False,45.0,Retraining
243957,5,83.33,0.0,0,0.0,54.29,40.0,0.0,4.5,False,True,True,True,False,True,True,False,55.0,Retraining
243958,21,96.43,3.57,0,0.0,24.42,80.95,4.76,4.71,True,False,True,True,True,False,True,True,75.0,Silver
243959,42,82.14,0.0,0,0.0,42.32,26.19,19.05,4.77,False,True,True,True,True,True,False,True,80.0,Silver
243960,23,84.85,0.0,0,0.0,52.07,34.78,30.43,5.0,False,True,True,True,False,True,False,True,65.0,Retraining
243961,31,85.71,2.38,0,2.78,38.87,54.84,3.23,4.52,False,False,True,False,True,False,True,False,35.0,Retraining
243962,2,8.7,0.0,0,0.0,44.01,50.0,0.0,4.5,False,True,True,True,True,False,True,False,60.0,Retraining
243963,25,100.0,0.0,0,0.0,43.39,32.0,12.0,4.36,True,True,True,True,True,True,True,False,85.0,Gold
243964,37,97.67,0.0,0,0.0,60.29,37.84,8.11,4.14,True,True,True,True,False,True,True,False,70.0,Silver
243965,54,77.65,2.35,0,0.0,54.01,29.63,16.67,4.71,False,False,True,True,False,True,False,True,50.0,Retraining
243966,50,98.25,0.0,0,3.57,22.59,50.0,4.0,4.88,True,True,True,False,True,False,True,True,80.0,Silver
243967,11,100.0,0.0,0,0.0,44.21,54.55,27.27,4.8,True,True,True,True,True,False,False,True,85.0,Gold
243968,12,70.0,0.0,0,0.0,58.54,50.0,0.0,4.5,False,True,True,True,False,False,True,False,45.0,Retraining
243969,12,100.0,0.0,0,0.0,46.24,50.0,8.33,4.88,True,True,True,True,False,False,True,True,75.0,Silver
243970,44,78.69,0.0,0,0.0,46.24,27.27,11.36,4.85,False,True,True,True,False,True,True,True,70.0,Silver
243971,27,100.0,0.0,0,0.0,43.74,48.15,14.81,4.0,True,True,True,True,True,False,True,False,75.0,Silver
243972,27,88.89,0.0,0,0.0,41.41,51.85,25.93,4.59,False,True,True,True,True,False,False,False,55.0,Retraining
243973,56,95.31,0.0,0,0.0,27.36,62.5,5.36,4.74,True,True,True,True,True,False,True,True,90.0,Gold
243974,9,100.0,0.0,0,0.0,28.14,66.67,11.11,4.8,True,True,True,True,True,False,True,True,90.0,Gold
243975,12,92.31,0.0,0,0.0,45.84,25.0,0.0,5.0,True,True,True,True,False,True,True,True,85.0,Gold
243976,2,100.0,0.0,0,0.0,27.22,100.0,50.0,5.0,True,True,True,True,True,False,False,True,85.0,Gold
243977,80,95.56,0.0,0,0.0,49.06,41.25,11.25,4.69,True,True,True,True,False,False,True,False,60.0,Retraining
243978,29,97.22,0.0,0,0.0,38.73,41.38,10.34,4.67,True,True,True,True,True,False,True,False,75.0,Silver
243979,72,91.3,0.0,0,0.0,45.57,43.06,25.0,4.83,True,True,True,True,False,False,False,True,70.0,Silver
243980,30,65.38,0.0,0,0.0,50.42,16.67,6.67,4.84,False,True,True,True,False,True,True,True,70.0,Silver
243981,10,92.86,7.14,0,0.0,58.4,80.0,0.0,4.22,True,False,True,True,False,False,True,False,45.0,Retraining
243982,16,100.0,0.0,0,0.0,19.32,31.25,0.0,5.0,True,True,True,True,True,True,True,True,100.0,Gold
243983,17,88.89,18.52,0,0.0,50.11,41.18,29.41,4.38,False,False,True,True,False,False,False,False,25.0,Retraining
243984,12,93.33,0.0,0,0.0,36.76,50.0,16.67,5.0,True,True,True,True,True,False,False,True,85.0,Gold
243985,24,77.78,5.56,0,0.0,48.57,41.67,8.33,4.81,False,False,True,True,False,False,True,True,45.0,Retraining
243986,28,97.3,0.0,0,0.0,31.79,21.43,14.29,4.67,True,True,True,True,True,True,True,False,85.0,Gold
243987,12,100.0,0.0,0,0.0,49.73,25.0,33.33,4.89,True,True,True,True,False,True,False,True,80.0,Silver
243988,29,80.0,0.0,0,0.0,43.88,31.03,13.79,4.53,False,True,True,True,True,True,True,False,70.0,Silver
243989,63,92.31,0.0,1,1.39,45.45,52.38,4.76,4.8,True,True,True,False,False,False,True,True,65.0,Retraining
243990,2,66.67,0.0,0,0.0,64.89,50.0,50.0,3.5,False,True,True,True,False,False,False,False,40.0,Retraining
243991,11,92.86,0.0,0,0.0,27.74,36.36,18.18,5.0,True,True,True,True,True,True,False,True,95.0,Gold
243992,3,100.0,0.0,0,0.0,75.83,66.67,66.67,3.5,True,True,True,True,False,False,False,False,55.0,Retraining
243993,31,80.49,0.0,0,0.0,51.93,38.71,3.23,4.43,False,True,True,True,False,True,True,False,55.0,Retraining
243994,51,88.41,0.0,0,0.0,56.53,45.1,9.8,4.39,False,True,True,True,False,False,True,False,45.0,Retraining
243995,67,94.59,0.0,0,0.0,39.4,44.78,11.94,4.83,True,True,True,True,True,False,True,True,90.0,Gold
243996,2,100.0,0.0,0,0.0,15.19,50.0,0.0,5.0,True,True,True,True,True,False,True,True,90.0,Gold
243997,76,94.25,0.0,0,0.0,38.49,50.0,7.89,4.89,True,True,True,True,True,False,True,True,90.0,Gold
243998,25,90.91,0.0,0,0.0,56.6,36.0,8.0,4.14,True,True,True,True,False,True,True,False,70.0,Silver
243999,108,92.06,0.0,0,0.86,29.11,38.89,5.56,4.8,True,True,True,True,True,True,True,True,100.0,Gold
244000,17,79.17,0.0,0,0.0,60.16,47.06,29.41,5.0,False,True,True,True,False,False,False,True,55.0,Retraining
244001,37,100.0,2.38,0,0.0,18.77,32.43,2.7,4.94,True,False,True,True,True,True,True,True,85.0,Gold
244002,10,100.0,9.09,0,0.0,33.45,50.0,0.0,5.0,True,False,True,True,True,False,True,True,75.0,Silver
244003,5,75.0,0.0,0,0.0,65.1,20.0,20.0,3.67,False,True,True,True,False,True,False,False,50.0,Retraining
244004,70,91.3,0.0,0,0.0,34.95,54.29,31.43,4.6,True,True,True,True,True,False,False,False,70.0,Silver
244005,15,86.36,0.0,0,0.0,42.8,53.33,0.0,4.82,False,True,True,True,True,False,True,True,75.0,Silver
244006,10,84.21,0.0,0,12.5,31.27,20.0,30.0,4.6,False,True,True,False,True,True,False,False,55.0,Retraining
244007,7,100.0,0.0,0,0.0,35.15,0.0,0.0,4.67,True,True,True,True,True,True,True,False,85.0,Gold
244008,37,95.24,0.0,0,0.0,38.05,48.65,8.11,4.83,True,True,True,True,True,False,True,True,90.0,Gold
244009,5,83.33,0.0,0,0.0,54.06,60.0,0.0,5.0,False,True,True,True,False,False,True,True,60.0,Retraining
244010,27,100.0,0.0,0,0.0,22.48,51.85,3.7,4.94,True,True,True,True,True,False,True,True,90.0,Gold
244011,61,74.74,0.0,0,0.0,40.25,34.43,9.84,4.87,False,True,True,True,True,True,True,True,85.0,Gold
244012,76,76.79,0.0,0,0.0,51.17,35.53,5.26,4.66,False,True,True,True,False,True,True,False,55.0,Retraining
244013,15,100.0,0.0,1,0.0,47.94,40.0,0.0,4.1,True,True,True,True,False,True,True,False,70.0,Silver
244014,24,88.89,0.0,0,0.0,45.21,50.0,16.67,4.8,False,True,True,True,False,False,False,True,55.0,Retraining
244015,54,94.92,0.0,0,0.0,54.22,38.89,5.56,4.82,True,True,True,True,False,True,True,True,85.0,Gold
244016,69,98.73,0.0,0,1.28,41.89,33.33,2.9,4.84,True,True,True,False,True,True,True,True,90.0,Gold
244017,18,100.0,0.0,0,0.0,52.16,38.89,27.78,4.73,True,True,True,True,False,True,False,True,80.0,Silver
244018,29,94.59,2.7,0,0.0,46.84,41.38,24.14,4.69,True,False,True,True,False,False,False,False,40.0,Retraining
244019,30,91.67,0.0,0,0.0,82.03,26.67,13.33,4.83,True,True,True,True,False,True,True,True,85.0,Gold
244020,78,96.67,0.0,0,0.0,36.87,43.59,7.69,4.81,True,True,True,True,True,False,True,True,90.0,Gold
244021,2,66.67,0.0,0,0.0,49.93,0.0,50.0,5.0,False,True,True,True,False,True,False,True,65.0,Retraining
244022,16,100.0,0.0,0,0.0,43.76,43.75,12.5,4.56,True,True,True,True,True,False,True,False,75.0,Silver
244023,4,53.85,0.0,0,14.29,48.93,25.0,25.0,5.0,False,True,True,False,False,True,False,True,55.0,Retraining
244024,24,96.0,0.0,0,0.0,33.52,45.83,4.17,3.91,True,True,True,True,True,False,True,False,75.0,Silver
244025,30,100.0,0.0,0,0.0,30.46,36.67,0.0,4.9,True,True,True,True,True,True,True,True,100.0,Gold
244026,54,100.0,3.23,0,0.0,38.72,48.15,14.81,4.78,True,False,True,True,True,False,True,True,75.0,Silver
244027,21,89.66,13.79,0,0.0,40.66,38.1,28.57,4.92,False,False,True,True,True,True,False,True,65.0,Retraining
244028,55,86.49,0.0,0,1.56,48.44,40.0,21.82,4.58,False,True,True,False,False,True,False,False,40.0,Retraining
244029,3,100.0,0.0,0,0.0,51.9,66.67,0.0,5.0,True,True,True,True,False,False,True,True,75.0,Silver
244030,46,87.3,3.17,0,0.0,53.66,45.65,8.7,4.8,False,False,True,True,False,False,True,True,45.0,Retraining
244031,30,100.0,0.0,0,0.0,31.73,53.33,3.33,4.52,True,True,True,True,True,False,True,False,75.0,Silver
244032,38,92.16,0.0,0,0.0,88.06,42.11,10.53,4.47,True,True,True,True,False,False,True,False,60.0,Retraining
244033,8,100.0,0.0,0,0.0,53.21,75.0,0.0,4.4,True,True,True,True,False,False,True,False,60.0,Retraining
244034,47,89.09,0.0,0,0.0,53.75,34.04,12.77,4.88,False,True,True,True,False,True,True,True,70.0,Silver
244035,18,95.45,0.0,0,0.0,41.32,77.78,22.22,4.67,True,True,True,True,True,False,False,False,70.0,Silver
244036,10,93.33,0.0,0,0.0,50.65,20.0,10.0,4.67,True,True,True,True,False,True,True,False,70.0,Silver
244037,39,90.2,0.0,0,2.17,54.39,38.46,20.51,4.56,True,True,True,False,False,True,False,False,55.0,Retraining
244038,38,78.13,0.0,0,0.0,53.13,31.58,21.05,4.87,False,True,True,True,False,True,False,True,65.0,Retraining
244039,12,93.33,6.67,0,0.0,38.39,25.0,16.67,5.0,True,False,True,True,True,True,False,True,80.0,Silver
244040,87,84.82,0.0,0,1.05,44.01,41.38,5.75,4.79,False,True,True,False,True,False,True,True,65.0,Retraining
244041,3,100.0,0.0,0,0.0,44.87,33.33,0.0,5.0,True,True,True,True,True,True,True,True,100.0,Gold
244042,6,88.89,22.22,0,0.0,33.81,83.33,16.67,5.0,False,False,True,True,True,False,False,True,55.0,Retraining
244043,25,96.43,3.57,0,0.0,25.63,28.0,16.0,4.47,True,False,True,True,True,True,False,False,65.0,Retraining
244044,14,93.75,0.0,0,0.0,91.03,14.29,42.86,4.78,True,True,True,True,False,True,False,True,80.0,Silver
244045,5,100.0,0.0,0,0.0,75.99,60.0,40.0,4.8,True,True,True,True,False,False,False,True,70.0,Silver
244046,70,93.1,1.15,0,0.0,12.95,8.57,2.86,4.82,True,True,True,True,True,True,True,True,100.0,Gold
244047,19,90.91,0.0,0,0.0,34.83,52.63,10.53,4.94,True,True,True,True,True,False,True,True,90.0,Gold
244048,39,90.2,0.0,0,0.0,52.31,25.64,15.38,4.76,True,True,True,True,False,True,False,True,80.0,Silver
244049,5,81.82,36.36,0,0.0,72.33,60.0,60.0,3.67,False,False,True,True,False,False,False,False,25.0,Retraining
244050,29,97.37,10.53,0,0.0,56.69,51.72,44.83,4.93,True,False,True,True,False,False,False,True,55.0,Retraining
244051,9,100.0,0.0,0,0.0,39.53,22.22,11.11,5.0,True,True,True,True,True,True,True,True,100.0,Gold
244052,6,100.0,0.0,0,12.5,35.12,33.33,0.0,5.0,True,True,True,False,True,True,True,True,90.0,Gold
244053,13,82.35,0.0,0,0.0,48.28,61.54,7.69,4.5,False,True,True,True,False,False,True,False,45.0,Retraining
244054,75,89.36,2.13,1,0.0,45.06,44.0,1.33,4.6,False,False,True,True,False,False,True,False,30.0,Retraining
244055,3,100.0,0.0,0,0.0,46.4,66.67,33.33,5.0,True,True,True,True,False,False,False,True,70.0,Silver
244056,13,100.0,0.0,0,0.0,66.33,38.46,7.69,5.0,True,True,True,True,False,True,True,True,85.0,Gold
244057,60,95.38,0.0,0,0.0,44.89,50.0,8.33,4.54,True,True,True,True,True,False,True,False,75.0,Silver
244058,4,40.0,0.0,0,0.0,52.92,25.0,25.0,3.67,False,True,True,True,False,True,False,False,50.0,Retraining
244059,52,82.35,0.0,0,0.0,50.2,48.08,7.69,4.47,False,True,True,True,False,False,True,False,45.0,Retraining
244060,4,100.0,0.0,0,0.0,50.45,0.0,25.0,5.0,True,True,True,True,False,True,False,True,80.0,Silver
244061,18,100.0,0.0,0,0.0,50.31,33.33,11.11,4.75,True,True,True,True,False,True,True,True,85.0,Gold
244062,6,100.0,0.0,0,0.0,49.52,16.67,16.67,5.0,True,True,True,True,False,True,False,True,80.0,Silver
244063,2,100.0,0.0,0,0.0,28.15,0.0,0.0,5.0,True,True,True,True,True,True,True,True,100.0,Gold
244064,2,100.0,33.33,0,0.0,51.01,50.0,0.0,5.0,True,False,True,True,False,False,True,True,60.0,Retraining
244065,3,66.67,0.0,0,0.0,69.34,66.67,0.0,5.0,False,True,True,True,False,False,True,True,60.0,Retraining
244066,34,91.89,0.0,0,0.0,20.69,32.35,8.82,4.9,True,True,True,True,True,True,True,True,100.0,Gold
244067,14,88.89,5.56,0,0.0,36.61,42.86,0.0,5.0,False,False,True,True,True,False,True,True,60.0,Retraining
244068,12,93.75,0.0,0,0.0,42.4,58.33,0.0,5.0,True,True,True,True,True,False,True,True,90.0,Gold
244069,97,96.26,0.0,0,0.0,40.19,52.58,22.68,4.81,True,True,True,True,True,False,False,True,85.0,Gold
244070,3,100.0,0.0,0,0.0,65.31,33.33,33.33,5.0,True,True,True,True,False,True,False,True,80.0,Silver
244071,11,84.62,0.0,0,0.0,53.53,36.36,36.36,4.7,False,True,True,True,False,True,False,True,65.0,Retraining
244072,5,87.5,12.5,0,0.0,39.81,0.0,0.0,5.0,False,False,True,True,True,True,True,True,70.0,Silver
244073,22,96.0,0.0,0,0.0,42.27,9.09,0.0,4.83,True,True,True,True,True,True,True,True,100.0,Gold
244074,3,37.5,0.0,0,0.0,49.16,33.33,0.0,5.0,False,True,True,True,False,True,True,True,70.0,Silver
244075,46,87.72,0.0,0,0.0,38.51,32.61,4.35,4.72,False,True,True,True,True,True,True,True,85.0,Gold
244076,14,100.0,0.0,0,0.0,54.57,35.71,14.29,4.57,True,True,True,True,False,True,True,False,70.0,Silver
244077,54,89.23,0.0,0,0.0,39.84,27.78,7.41,4.62,False,True,True,True,True,True,True,False,70.0,Silver
244078,12,73.68,0.0,0,0.0,38.92,58.33,8.33,5.0,False,True,True,True,True,False,True,True,75.0,Silver
244079,28,96.88,0.0,0,0.0,44.58,53.57,10.71,4.65,True,True,True,True,True,False,True,False,75.0,Silver
244080,45,89.47,0.0,0,0.0,36.64,60.0,20.0,4.52,False,True,True,True,True,False,False,False,55.0,Retraining
244081,20,100.0,0.0,0,0.0,49.06,50.0,5.0,5.0,True,True,True,True,False,False,True,True,75.0,Silver
244082,80,96.7,0.0,0,0.0,33.89,28.75,8.75,4.9,True,True,True,True,True,True,True,True,100.0,Gold
244083,32,94.87,0.0,0,0.0,35.17,56.25,25.0,4.11,True,True,True,True,True,False,False,False,70.0,Silver
244084,3,42.86,0.0,0,0.0,51.53,66.67,0.0,5.0,False,True,True,True,False,False,True,True,60.0,Retraining
244085,16,90.0,0.0,0,0.0,35.08,18.75,0.0,4.8,True,True,True,True,True,True,True,True,100.0,Gold
244086,59,100.0,0.0,0,0.0,32.13,49.15,23.73,4.77,True,True,True,True,True,False,False,True,85.0,Gold
244087,42,95.92,2.04,0,0.0,50.77,33.33,21.43,4.78,True,False,True,True,False,True,False,True,65.0,Retraining
244088,15,60.71,0.0,0,0.0,60.11,20.0,33.33,3.8,False,True,True,True,False,True,False,False,50.0,Retraining
244089,99,97.25,0.0,0,0.94,19.73,39.39,4.04,4.81,True,True,True,True,True,True,True,True,100.0,Gold
244090,50,89.23,0.0,0,0.0,43.47,44.0,6.0,4.82,False,True,True,True,True,False,True,True,75.0,Silver
244091,21,91.67,0.0,0,0.0,41.6,23.81,9.52,4.0,True,True,True,True,True,True,True,False,85.0,Gold
244092,16,69.57,0.0,0,0.0,57.09,50.0,0.0,4.27,False,True,True,True,False,False,True,False,45.0,Retraining
244093,17,100.0,0.0,0,0.0,32.67,64.71,35.29,3.86,True,True,True,True,True,False,False,False,70.0,Silver
244094,30,91.43,2.86,0,0.0,42.67,43.33,6.67,4.86,True,False,True,True,True,False,True,True,75.0,Silver
244095,64,98.57,1.43,0,0.0,37.84,37.5,9.38,4.71,True,True,True,True,True,True,True,True,100.0,Gold
244096,2,100.0,0.0,0,0.0,32.6,0.0,0.0,5.0,True,True,True,True,True,True,True,True,100.0,Gold
244097,61,97.1,0.0,0,0.0,40.12,45.9,22.95,4.8,True,True,True,True,True,False,False,True,85.0,Gold
244098,80,100.0,0.0,0,0.0,18.98,41.25,5.0,4.93,True,True,True,True,True,False,True,True,90.0,Gold
244099,37,58.75,2.5,0,0.0,49.72,29.73,24.32,4.94,False,False,True,True,False,True,False,True,50.0,Retraining
244100,83,90.1,0.0,0,0.0,41.12,50.6,13.25,4.6,True,True,True,True,True,False,True,False,75.0,Silver
244101,54,98.41,0.0,0,0.0,44.33,59.26,7.41,4.8,True,True,True,True,True,False,True,True,90.0,Gold
244102,16,75.76,6.06,0,0.0,55.06,37.5,6.25,4.71,False,False,True,True,False,True,True,True,55.0,Retraining
244103,112,91.3,0.72,0,1.59,36.96,36.61,10.71,4.69,True,True,True,False,True,True,True,False,75.0,Silver
244104,13,100.0,0.0,0,0.0,34.12,46.15,0.0,4.83,True,True,True,True,True,False,True,True,90.0,Gold
244105,27,92.11,0.0,0,2.86,58.62,29.63,11.11,4.82,True,True,True,False,False,True,True,True,75.0,Silver
244106,29,100.0,0.0,0,0.0,16.43,10.34,3.45,4.96,True,True,True,True,True,True,True,True,100.0,Gold
244107,36,100.0,0.0,0,0.0,37.05,52.78,30.56,4.82,True,True,True,True,True,False,False,True,85.0,Gold
244108,3,75.0,0.0,0,0.0,71.54,33.33,0.0,5.0,False,True,True,True,False,True,True,True,70.0,Silver
244109,12,88.89,0.0,0,0.0,27.96,25.0,16.67,4.33,False,True,True,True,True,True,False,False,65.0,Retraining
244110,9,64.29,0.0,0,0.0,67.88,33.33,44.44,4.75,False,True,True,True,False,True,False,True,65.0,Retraining
244111,65,97.1,0.0,0,0.0,27.29,33.85,9.23,4.89,True,True,True,True,True,True,True,True,100.0,Gold
244112,46,84.75,3.39,0,2.0,53.82,30.43,26.09,4.79,False,False,True,False,False,True,False,True,40.0,Retraining
244113,14,100.0,0.0,0,0.0,41.97,42.86,14.29,4.63,True,True,True,True,True,False,True,False,75.0,Silver
244114,34,72.0,0.0,0,2.78,47.6,26.47,5.88,4.73,False,True,True,False,False,True,True,True,60.0,Retraining
244115,27,90.32,0.0,0,0.0,22.4,40.74,3.7,4.71,True,True,True,True,True,False,True,True,90.0,Gold
244116,4,50.0,0.0,0,12.5,71.41,25.0,0.0,5.0,False,True,True,False,False,True,True,True,60.0,Retraining
244117,20,95.83,0.0,0,0.0,55.54,30.0,15.0,5.0,True,True,True,True,False,True,True,True,85.0,Gold
244118,9,100.0,0.0,0,0.0,58.39,66.67,11.11,5.0,True,True,True,True,False,False,True,True,75.0,Silver
244119,14,78.95,0.0,0,0.0,32.53,64.29,7.14,5.0,False,True,True,True,True,False,True,True,75.0,Silver
244120,60,78.05,0.0,0,0.0,48.94,26.67,10.0,4.76,False,True,True,True,False,True,True,True,70.0,Silver
244121,35,100.0,0.0,0,0.0,57.92,51.43,2.86,4.84,True,True,True,True,False,False,True,True,75.0,Silver
244122,27,96.77,0.0,0,0.0,41.57,48.15,18.52,4.83,True,True,True,True,True,False,False,True,85.0,Gold
244123,11,100.0,0.0,0,0.0,53.97,18.18,27.27,4.44,True,True,True,True,False,True,False,False,65.0,Retraining
244124,38,84.78,0.0,0,0.0,44.05,47.37,7.89,4.57,False,True,True,True,True,False,True,False,60.0,Retraining
244125,22,96.15,3.85,0,0.0,38.41,59.09,4.55,4.73,True,False,True,True,True,False,True,True,75.0,Silver
244126,33,100.0,0.0,0,0.0,31.55,42.42,3.03,4.25,True,True,True,True,True,False,True,False,75.0,Silver
244127,31,97.37,0.0,0,0.0,40.12,64.52,6.45,4.95,True,True,True,True,True,False,True,True,90.0,Gold
244128,82,97.67,0.0,0,0.0,35.41,31.71,7.32,4.53,True,True,True,True,True,True,True,False,85.0,Gold
244129,39,86.67,0.0,0,0.0,43.48,46.15,15.38,4.62,False,True,True,True,True,False,False,False,55.0,Retraining
244130,3,75.0,0.0,0,0.0,49.91,0.0,0.0,5.0,False,True,True,True,False,True,True,True,70.0,Silver
244131,9,100.0,0.0,0,0.0,42.1,77.78,22.22,4.67,True,True,True,True,True,False,False,False,70.0,Silver
244132,72,90.12,0.0,0,0.0,52.44,44.44,18.06,4.7,True,True,True,True,False,False,False,True,70.0,Silver
244133,25,88.89,8.33,0,0.0,42.28,44.0,0.0,4.92,False,False,True,True,True,False,True,True,60.0,Retraining
244134,51,88.24,0.0,0,0.0,44.42,50.98,5.88,4.6,False,True,True,True,True,False,True,False,60.0,Retraining
244135,9,57.14,0.0,0,0.0,51.36,77.78,22.22,4.86,False,True,True,True,False,False,False,True,55.0,Retraining
244136,17,90.91,0.0,0,0.0,34.26,88.24,0.0,4.5,True,True,True,True,True,False,True,False,75.0,Silver
244137,74,95.24,0.0,0,1.25,52.04,52.7,16.22,4.68,True,True,True,False,False,False,False,False,45.0,Retraining
244138,22,92.86,0.0,0,0.0,56.75,22.73,4.55,4.93,True,True,True,True,False,True,True,True,85.0,Gold
244139,39,94.12,0.0,0,0.0,48.69,61.54,10.26,4.67,True,True,True,True,False,False,True,False,60.0,Retraining
244140,65,95.79,3.16,0,1.1,46.46,50.77,24.62,4.87,True,False,True,False,False,False,False,True,45.0,Retraining
244141,55,98.46,0.0,0,0.0,40.76,38.18,10.91,4.77,True,True,True,True,True,True,True,True,100.0,Gold
244142,11,57.14,0.0,0,6.25,50.87,45.45,36.36,4.71,False,True,True,False,False,False,False,True,45.0,Retraining
244143,42,96.08,1.96,0,0.0,37.52,35.71,14.29,4.96,True,True,True,True,True,True,True,True,100.0,Gold
244144,64,94.32,0.0,0,0.0,43.99,51.56,25.0,4.83,True,True,True,True,True,False,False,True,85.0,Gold
244145,27,94.12,0.0,0,0.0,47.81,40.74,14.81,4.94,True,True,True,True,False,False,True,True,75.0,Silver
244146,57,96.97,0.0,0,1.56,55.78,52.63,22.81,4.3,True,True,True,False,False,False,False,False,45.0,Retraining
244147,78,92.78,1.03,0,0.0,37.1,43.59,7.69,4.9,True,True,True,True,True,False,True,True,90.0,Gold
244148,62,94.37,1.41,0,0.0,48.53,58.06,17.74,4.75,True,True,True,True,False,False,False,True,70.0,Silver
244149,5,100.0,0.0,0,0.0,55.77,20.0,0.0,5.0,True,True,True,True,False,True,True,True,85.0,Gold
244150,48,91.07,0.0,0,0.0,44.54,43.75,20.83,4.52,True,True,True,True,True,False,False,False,70.0,Silver
244151,47,85.0,0.0,0,0.0,48.22,53.19,12.77,4.76,False,True,True,True,False,False,True,True,60.0,Retraining
244152,8,90.91,0.0,0,0.0,66.92,25.0,50.0,5.0,True,True,True,True,False,True,False,True,80.0,Silver
244153,70,92.78,2.06,0,2.22,34.54,30.0,5.71,4.89,True,False,True,False,True,True,True,True,75.0,Silver
244154,81,88.78,0.0,0,1.15,28.93,37.04,6.17,4.81,False,True,True,False,True,True,True,True,75.0,Silver
244155,63,97.22,0.0,0,0.0,41.86,47.62,6.35,4.74,True,True,True,True,True,False,True,True,90.0,Gold
244156,10,80.0,0.0,0,0.0,42.61,50.0,30.0,5.0,False,True,True,True,True,False,False,True,70.0,Silver
244157,38,100.0,2.33,0,0.0,39.09,57.89,21.05,4.78,True,False,True,True,True,False,False,True,70.0,Silver
244158,37,97.5,0.0,0,2.56,50.63,35.14,13.51,4.74,True,True,True,False,False,True,True,True,75.0,Silver
244159,33,97.44,0.0,0,0.0,43.46,39.39,9.09,4.94,True,True,True,True,True,True,True,True,100.0,Gold
244160,9,100.0,0.0,0,0.0,52.3,66.67,11.11,4.67,True,True,True,True,False,False,True,False,60.0,Retraining
244161,59,98.48,0.0,0,0.0,46.05,61.02,6.78,4.78,True,True,True,True,False,False,True,True,75.0,Silver
244162,19,91.3,0.0,0,0.0,50.62,52.63,5.26,4.78,True,True,True,True,False,False,True,True,75.0,Silver
244163,31,97.06,0.0,0,0.0,42.44,32.26,6.45,4.56,True,True,True,True,True,True,True,False,85.0,Gold
244164,6,100.0,0.0,0,0.0,41.48,16.67,50.0,5.0,True,True,True,True,True,True,False,True,95.0,Gold
244165,45,100.0,0.0,0,0.0,46.69,40.0,8.89,4.92,True,True,True,True,False,True,True,True,85.0,Gold
244166,55,85.71,0.0,0,0.0,45.02,32.73,16.36,4.77,False,True,True,True,False,True,False,True,65.0,Retraining
244167,66,90.0,0.0,0,2.78,46.49,46.97,21.21,4.73,True,True,True,False,False,False,False,True,60.0,Retraining
244168,68,100.0,0.0,0,0.0,46.5,57.35,1.47,4.74,True,True,True,True,False,False,True,True,75.0,Silver
244169,61,94.74,0.0,0,0.0,43.64,26.23,1.64,4.61,True,True,True,True,True,True,True,False,85.0,Gold
244170,10,92.31,0.0,0,0.0,51.97,50.0,10.0,4.0,True,True,True,True,False,False,True,False,60.0,Retraining
244171,17,100.0,5.26,0,0.0,47.36,58.82,41.18,4.7,True,False,True,True,False,False,False,True,55.0,Retraining
244172,3,100.0,16.67,0,0.0,52.66,100.0,33.33,5.0,True,False,True,True,False,False,False,True,55.0,Retraining
244173,10,90.91,0.0,0,0.0,44.28,80.0,20.0,5.0,True,True,True,True,True,False,False,True,85.0,Gold
244174,3,100.0,25.0,0,0.0,47.0,33.33,0.0,4.5,True,False,True,True,False,True,True,False,55.0,Retraining
244175,20,85.71,0.0,0,0.0,36.94,20.0,10.0,4.86,False,True,True,True,True,True,True,True,85.0,Gold
244176,35,97.96,0.0,0,4.17,56.67,25.71,14.29,4.65,True,True,True,False,False,True,True,False,60.0,Retraining
244177,11,100.0,0.0,0,0.0,37.42,27.27,27.27,4.5,True,True,True,True,True,True,False,False,80.0,Silver
244178,29,50.68,0.0,0,2.7,71.91,51.72,17.24,4.58,False,True,True,False,False,False,False,False,30.0,Retraining
244179,18,100.0,0.0,0,0.0,48.51,72.22,33.33,4.69,True,True,True,True,False,False,False,False,55.0,Retraining
244180,13,100.0,0.0,0,0.0,49.28,53.85,15.38,4.0,True,True,True,True,False,False,False,False,55.0,Retraining
244181,22,96.3,0.0,0,0.0,37.08,45.45,0.0,4.85,True,True,True,True,True,False,True,True,90.0,Gold
244182,58,97.18,0.0,1,0.0,52.17,55.17,6.9,4.17,True,True,True,True,False,False,True,False,60.0,Retraining
244183,4,100.0,0.0,0,0.0,30.82,100.0,0.0,5.0,True,True,True,True,True,False,True,True,90.0,Gold
244184,53,96.43,0.0,0,1.85,54.9,37.74,20.75,4.29,True,True,True,False,False,True,False,False,55.0,Retraining
244185,41,87.76,0.0,0,0.0,47.22,51.22,9.76,4.48,False,True,True,True,False,False,True,False,45.0,Retraining
244186,2,66.67,0.0,0,0.0,61.57,50.0,50.0,4.5,False,True,True,True,False,False,False,False,40.0,Retraining
244187,4,66.67,16.67,0,0.0,35.4,75.0,0.0,5.0,False,False,True,True,True,False,True,True,60.0,Retraining
244188,14,88.89,0.0,0,0.0,39.1,85.71,42.86,4.69,False,True,True,True,True,False,False,False,55.0,Retraining
244189,6,53.33,0.0,0,0.0,101.38,33.33,83.33,4.67,False,True,True,True,False,True,False,False,50.0,Retraining
244190,3,100.0,0.0,0,0.0,50.66,0.0,0.0,4.5,True,True,True,True,False,True,True,False,70.0,Silver
244191,22,86.21,0.0,0,0.0,40.49,36.36,22.73,4.38,False,True,True,True,True,True,False,False,65.0,Retraining
244192,3,37.5,0.0,0,0.0,34.87,0.0,33.33,,False,True,True,True,True,True,False,False,65.0,Retraining
244193,129,94.37,0.7,0,0.75,4.19,0.0,0.0,4.91,True,True,True,True,True,True,True,True,100.0,Gold
244194,92,95.1,0.98,0,0.0,11.83,0.0,0.0,4.94,True,True,True,True,True,True,True,True,100.0,Gold
244195,24,96.43,3.57,0,3.7,48.85,70.83,16.67,4.94,True,False,True,False,False,False,False,True,45.0,Retraining
244196,22,73.53,0.0,0,0.0,45.63,36.36,13.64,4.56,False,True,True,True,False,True,True,False,55.0,Retraining
244197,76,100.0,1.22,0,0.0,50.52,44.74,10.53,4.51,True,True,True,True,False,False,True,False,60.0,Retraining
244198,62,77.38,0.0,0,0.0,38.71,64.52,8.06,4.76,False,True,True,True,True,False,True,True,75.0,Silver
244199,12,100.0,0.0,0,0.0,37.32,58.33,8.33,5.0,True,True,True,True,True,False,True,True,90.0,Gold
244200,38,95.83,4.17,0,0.0,33.32,34.21,7.89,4.83,True,False,True,True,True,True,True,True,85.0,Gold
244201,25,45.61,0.0,0,0.0,48.59,52.0,8.0,4.63,False,True,True,True,False,False,True,False,45.0,Retraining
244202,20,68.42,0.0,1,0.0,51.77,40.0,25.0,3.91,False,True,True,True,False,True,False,False,50.0,Retraining
244203,5,83.33,0.0,0,0.0,39.28,40.0,0.0,4.8,False,True,True,True,True,True,True,True,85.0,Gold
244204,74,91.4,3.23,0,0.0,53.69,36.49,8.11,4.59,True,False,True,True,False,True,True,False,55.0,Retraining
244205,47,96.49,0.0,0,1.82,39.77,40.43,21.28,4.81,True,True,True,False,True,False,False,True,75.0,Silver
244206,22,86.67,0.0,0,0.0,39.39,63.64,9.09,5.0,False,True,True,True,True,False,True,True,75.0,Silver
244207,10,100.0,0.0,0,0.0,35.37,70.0,30.0,4.17,True,True,True,True,True,False,False,False,70.0,Silver
244208,26,96.88,0.0,0,0.0,37.15,34.62,0.0,4.76,True,True,True,True,True,True,True,True,100.0,Gold
244209,61,97.14,0.0,0,0.0,44.41,49.18,8.2,4.86,True,True,True,True,True,False,True,True,90.0,Gold
244210,61,91.89,1.35,0,0.0,43.56,60.66,11.48,4.45,True,True,True,True,True,False,True,False,75.0,Silver
244211,35,77.55,2.04,0,0.0,36.9,51.43,11.43,4.5,False,False,True,True,True,False,True,False,45.0,Retraining
244212,2,100.0,0.0,0,0.0,25.8,50.0,0.0,,True,True,True,True,True,False,True,False,75.0,Silver
244213,30,94.44,0.0,0,0.0,59.94,33.33,23.33,4.47,True,True,True,True,False,True,False,False,65.0,Retraining
244214,15,88.89,0.0,0,0.0,37.47,26.67,6.67,4.77,False,True,True,True,True,True,True,True,85.0,Gold
244215,4,100.0,0.0,0,0.0,52.39,75.0,25.0,5.0,True,True,True,True,False,False,False,True,70.0,Silver
244216,6,100.0,0.0,0,0.0,44.54,0.0,16.67,5.0,True,True,True,True,True,True,False,True,95.0,Gold
244217,49,83.33,0.0,0,0.0,47.47,38.78,12.24,4.77,False,True,True,True,False,True,True,True,70.0,Silver
244218,17,100.0,4.76,0,0.0,65.53,52.94,23.53,4.5,True,False,True,True,False,False,False,False,40.0,Retraining
244219,45,94.44,0.0,0,0.0,48.55,37.78,8.89,4.83,True,True,True,True,False,True,True,True,85.0,Gold
244220,49,100.0,0.0,0,0.0,42.16,42.86,6.12,4.74,True,True,True,True,True,False,True,True,90.0,Gold
244221,56,91.43,1.43,0,0.0,49.97,28.57,10.71,4.76,True,True,True,True,False,True,True,True,85.0,Gold
244222,45,96.43,0.0,0,3.7,67.48,40.0,33.33,4.31,True,True,True,False,False,True,False,False,55.0,Retraining
244223,2,14.29,0.0,0,0.0,75.08,50.0,50.0,5.0,False,True,True,True,False,False,False,True,55.0,Retraining
244224,10,100.0,0.0,0,0.0,56.8,50.0,10.0,5.0,True,True,True,True,False,False,True,True,75.0,Silver
244225,41,97.78,0.0,0,0.0,47.31,60.98,29.27,5.0,True,True,True,True,False,False,False,True,70.0,Silver
244226,5,100.0,0.0,0,0.0,27.84,60.0,20.0,5.0,True,True,True,True,True,False,False,True,85.0,Gold
244227,17,96.0,8.0,0,0.0,37.84,17.65,5.88,5.0,True,False,True,True,True,True,True,True,85.0,Gold
244228,6,85.71,0.0,0,0.0,38.17,16.67,16.67,5.0,False,True,True,True,True,True,False,True,80.0,Silver
244229,20,85.19,0.0,0,0.0,50.5,40.0,0.0,4.11,False,True,True,True,False,True,True,False,55.0,Retraining
244230,4,100.0,0.0,0,0.0,39.7,75.0,0.0,5.0,True,True,True,True,True,False,True,True,90.0,Gold
244231,38,97.73,0.0,1,0.0,31.99,57.89,10.53,4.59,True,True,True,True,True,False,True,False,75.0,Silver
244232,9,90.91,0.0,0,0.0,48.19,55.56,11.11,4.67,True,True,True,True,False,False,True,False,60.0,Retraining
244233,54,93.65,1.59,0,0.0,50.59,38.89,24.07,4.84,True,True,True,True,False,True,False,True,80.0,Silver
244234,7,69.23,0.0,0,0.0,43.9,0.0,14.29,4.0,False,True,True,True,True,True,True,False,70.0,Silver
244235,9,100.0,0.0,0,0.0,60.84,11.11,11.11,5.0,True,True,True,True,False,True,True,True,85.0,Gold
244236,4,36.36,0.0,0,0.0,96.09,100.0,25.0,5.0,False,True,True,True,False,False,False,True,55.0,Retraining
244237,43,97.96,6.12,0,0.0,42.52,34.88,11.63,4.68,True,False,True,True,True,True,True,False,70.0,Silver
244238,29,96.77,0.0,0,0.0,52.0,68.97,10.34,4.83,True,True,True,True,False,False,True,True,75.0,Silver
244239,12,76.47,0.0,0,0.0,34.74,41.67,16.67,5.0,False,True,True,True,True,False,False,True,70.0,Silver
244240,22,93.33,3.33,0,0.0,75.73,68.18,9.09,4.69,True,False,True,True,False,False,True,False,45.0,Retraining
244241,31,96.97,0.0,0,0.0,41.7,35.48,25.81,4.16,True,True,True,True,True,True,False,False,80.0,Silver
244242,83,95.74,0.0,0,1.11,39.22,53.01,15.66,4.67,True,True,True,False,True,False,False,False,60.0,Retraining
244243,33,88.64,2.27,0,0.0,51.33,45.45,0.0,4.78,False,False,True,True,False,False,True,True,45.0,Retraining
244244,62,87.18,0.0,0,0.0,42.88,41.94,14.52,4.83,False,True,True,True,True,False,True,True,75.0,Silver
244245,8,83.33,8.33,0,0.0,54.62,37.5,12.5,4.83,False,False,True,True,False,True,True,True,55.0,Retraining
244246,13,95.83,37.5,0,0.0,16.96,0.0,0.0,5.0,True,False,True,True,True,True,True,True,85.0,Gold
244247,3,100.0,0.0,0,0.0,52.5,100.0,33.33,3.5,True,True,True,True,False,False,False,False,55.0,Retraining
244248,38,81.67,3.33,0,2.04,31.98,57.89,13.16,4.73,False,False,True,False,True,False,True,True,50.0,Retraining
244249,22,89.29,0.0,0,0.0,54.52,22.73,22.73,4.45,False,True,True,True,False,True,False,False,50.0,Retraining
244250,31,80.49,2.44,0,0.0,42.26,67.74,0.0,4.79,False,False,True,True,True,False,True,True,60.0,Retraining
244251,6,100.0,0.0,0,0.0,47.5,33.33,0.0,5.0,True,True,True,True,False,True,True,True,85.0,Gold
244252,8,80.0,0.0,0,0.0,113.01,62.5,50.0,4.75,False,True,True,True,False,False,False,True,55.0,Retraining
244253,9,62.5,6.25,0,0.0,45.94,44.44,22.22,4.8,False,False,True,True,False,False,False,True,40.0,Retraining
244254,39,65.75,0.0,0,2.08,59.69,38.46,17.95,4.63,False,True,True,False,False,True,False,False,40.0,Retraining
244255,23,93.1,0.0,0,0.0,51.26,39.13,21.74,4.75,True,True,True,True,False,True,False,True,80.0,Silver
244256,9,85.71,0.0,0,0.0,40.69,44.44,11.11,5.0,False,True,True,True,True,False,True,True,75.0,Silver
244257,43,90.57,0.0,0,2.08,45.87,32.56,6.98,4.93,True,True,True,False,False,True,True,True,75.0,Silver
244258,7,63.64,0.0,0,0.0,52.44,14.29,0.0,5.0,False,True,True,True,False,True,True,True,70.0,Silver
244259,28,76.92,0.0,0,3.33,48.44,42.86,0.0,4.58,False,True,True,False,False,False,True,False,35.0,Retraining
244260,15,100.0,0.0,0,0.0,38.07,73.33,26.67,5.0,True,True,True,True,True,False,False,True,85.0,Gold
244261,70,91.01,3.37,0,0.0,28.03,40.0,5.71,4.79,True,False,True,True,True,True,True,True,85.0,Gold
244262,56,63.27,0.0,0,0.0,45.87,41.07,5.36,4.69,False,True,True,True,False,False,True,False,45.0,Retraining
244263,53,98.31,0.0,0,0.0,51.79,43.4,15.09,4.93,True,True,True,True,False,False,False,True,70.0,Silver
244264,7,100.0,0.0,0,0.0,59.66,28.57,28.57,5.0,True,True,True,True,False,True,False,True,80.0,Silver
244265,31,90.7,0.0,0,0.0,52.31,45.16,22.58,4.67,True,True,True,True,False,False,False,False,55.0,Retraining
244266,41,100.0,0.0,0,2.17,46.67,36.59,21.95,4.71,True,True,True,False,False,True,False,True,70.0,Silver
244267,15,100.0,5.56,0,0.0,46.58,46.67,13.33,4.5,True,False,True,True,False,False,True,False,45.0,Retraining
244268,6,50.0,0.0,0,0.0,39.39,66.67,0.0,3.5,False,True,True,True,True,False,True,False,60.0,Retraining
244269,57,92.31,1.54,0,0.0,46.46,52.63,8.77,4.65,True,True,True,True,False,False,True,False,60.0,Retraining
244270,32,66.04,0.0,0,0.0,56.05,34.38,50.0,5.0,False,True,True,True,False,True,False,True,65.0,Retraining
244271,9,75.0,0.0,0,0.0,55.19,33.33,22.22,4.33,False,True,True,True,False,True,False,False,50.0,Retraining
244272,9,100.0,0.0,0,0.0,64.55,33.33,22.22,4.8,True,True,True,True,False,True,False,True,80.0,Silver
244273,32,67.86,1.79,0,0.0,38.92,21.88,9.38,4.86,False,True,True,True,True,True,True,True,85.0,Gold
244274,31,93.18,2.27,0,0.0,41.36,41.94,12.9,4.88,True,False,True,True,True,False,True,True,75.0,Silver
244275,16,100.0,0.0,0,0.0,49.21,62.5,6.25,4.64,True,True,True,True,False,False,True,False,60.0,Retraining
244276,93,95.28,0.0,0,0.99,37.73,54.84,12.9,4.69,True,True,True,True,True,False,True,False,75.0,Silver
244277,37,100.0,2.22,0,0.0,44.4,37.84,21.62,4.81,True,False,True,True,True,True,False,True,80.0,Silver
244278,17,75.0,0.0,0,0.0,47.48,58.82,11.76,5.0,False,True,True,True,False,False,True,True,60.0,Retraining
244279,15,100.0,0.0,0,0.0,55.83,66.67,26.67,4.57,True,True,True,True,False,False,False,False,55.0,Retraining
244280,37,88.89,0.0,0,0.0,43.59,67.57,18.92,4.77,False,True,True,True,True,False,False,True,70.0,Silver
244281,48,89.23,1.54,0,0.0,50.87,56.25,14.58,4.54,False,True,True,True,False,False,True,False,45.0,Retraining
244282,12,100.0,0.0,0,0.0,40.55,50.0,0.0,5.0,True,True,True,True,True,False,True,True,90.0,Gold
244283,50,100.0,0.0,0,0.0,46.35,26.0,10.0,4.68,True,True,True,True,False,True,True,False,70.0,Silver
244284,20,100.0,0.0,0,0.0,44.12,55.0,25.0,4.78,True,True,True,True,True,False,False,True,85.0,Gold
244285,9,90.0,0.0,0,0.0,52.55,33.33,0.0,5.0,True,True,True,True,False,True,True,True,85.0,Gold
244286,12,93.75,0.0,0,0.0,42.89,25.0,8.33,4.75,True,True,True,True,True,True,True,True,100.0,Gold
244287,18,100.0,0.0,0,0.0,50.23,27.78,0.0,4.88,True,True,True,True,False,True,True,True,85.0,Gold
244288,14,93.75,0.0,0,0.0,49.09,28.57,28.57,4.29,True,True,True,True,False,True,False,False,65.0,Retraining
244289,19,64.29,7.14,0,3.7,55.93,42.11,21.05,4.38,False,False,True,False,False,False,False,False,15.0,Retraining
244290,43,98.08,0.0,0,0.0,58.43,25.58,9.3,4.61,True,True,True,True,False,True,True,False,70.0,Silver
244291,23,92.59,0.0,0,0.0,48.93,30.43,8.7,4.82,True,True,True,True,False,True,True,True,85.0,Gold
244292,14,100.0,5.56,0,0.0,41.32,64.29,14.29,4.64,True,False,True,True,True,False,True,False,60.0,Retraining
244293,9,77.78,5.56,0,0.0,44.95,22.22,0.0,4.88,False,False,True,True,True,True,True,True,70.0,Silver
244294,17,76.92,3.85,0,0.0,58.35,23.53,5.88,4.43,False,False,True,True,False,True,True,False,40.0,Retraining
244295,9,100.0,0.0,0,0.0,71.86,0.0,55.56,4.75,True,True,True,True,False,True,False,True,80.0,Silver
244296,2,50.0,0.0,0,0.0,68.45,50.0,100.0,,False,True,True,True,False,False,False,False,40.0,Retraining
244297,38,100.0,6.0,0,0.0,31.46,23.68,7.89,4.65,True,False,True,True,True,True,True,False,70.0,Silver
244298,42,78.38,0.0,0,0.0,61.44,33.33,14.29,4.13,False,True,True,True,False,True,True,False,55.0,Retraining
244299,3,100.0,0.0,0,0.0,73.57,0.0,0.0,,True,True,True,True,False,True,True,False,70.0,Silver
244300,52,98.41,3.17,0,0.0,46.15,46.15,26.92,4.74,True,False,True,True,False,False,False,True,55.0,Retraining
244301,99,94.87,3.42,0,1.8,4.45,1.01,1.01,4.83,True,False,True,False,True,True,True,True,75.0,Silver
244302,11,80.0,0.0,0,0.0,47.13,45.45,9.09,3.5,False,True,True,True,False,False,True,False,45.0,Retraining
244303,46,92.73,0.0,0,0.0,43.26,47.83,8.7,4.74,True,True,True,True,True,False,True,True,90.0,Gold
244304,2,100.0,0.0,0,0.0,41.14,100.0,0.0,4.5,True,True,True,True,True,False,True,False,75.0,Silver
244305,56,91.55,0.0,0,0.0,41.95,35.71,7.14,4.68,True,True,True,True,True,True,True,False,85.0,Gold
244306,12,100.0,0.0,0,0.0,32.22,8.33,8.33,5.0,True,True,True,True,True,True,True,True,100.0,Gold
244307,2,30.0,0.0,0,0.0,25.52,50.0,0.0,5.0,False,True,True,True,True,False,True,True,75.0,Silver
244308,7,100.0,0.0,0,0.0,43.27,28.57,14.29,5.0,True,True,True,True,True,True,True,True,100.0,Gold
244309,23,82.35,0.0,0,3.57,43.39,47.83,8.7,4.75,False,True,True,False,True,False,True,True,65.0,Retraining
244310,89,96.08,0.0,0,1.02,22.27,51.69,4.49,4.66,True,True,True,False,True,False,True,False,65.0,Retraining
244311,29,94.12,2.94,0,0.0,48.48,55.17,10.34,4.48,True,False,True,True,False,False,True,False,45.0,Retraining
244312,35,90.7,0.0,0,0.0,45.86,17.14,14.29,4.81,True,True,True,True,False,True,True,True,85.0,Gold
244313,52,96.77,0.0,0,0.0,49.0,21.15,3.85,4.68,True,True,True,True,False,True,True,False,70.0,Silver
244314,6,100.0,0.0,0,0.0,74.18,50.0,0.0,4.5,True,True,True,True,False,False,True,False,60.0,Retraining
244315,45,98.31,10.17,0,1.72,47.92,48.89,17.78,4.43,True,False,True,False,False,False,False,False,30.0,Retraining
244316,44,94.23,0.0,0,0.0,60.74,50.0,15.91,4.54,True,True,True,True,False,False,False,False,55.0,Retraining
244317,2,100.0,0.0,0,0.0,39.66,0.0,0.0,3.0,True,True,True,True,True,True,True,False,85.0,Gold
244318,16,90.48,0.0,0,0.0,41.76,43.75,25.0,4.29,True,True,True,True,True,False,False,False,70.0,Silver
244319,12,72.22,0.0,0,0.0,54.89,41.67,8.33,4.86,False,True,True,True,False,False,True,True,60.0,Retraining
244320,4,100.0,0.0,0,0.0,52.13,25.0,25.0,4.5,True,True,True,True,False,True,False,False,65.0,Retraining
244321,56,95.59,1.47,0,0.0,46.28,46.43,12.5,4.76,True,True,True,True,False,False,True,True,75.0,Silver
244322,4,50.0,0.0,0,0.0,46.51,50.0,0.0,4.75,False,True,True,True,False,False,True,True,60.0,Retraining
244323,45,90.38,0.0,0,0.0,40.14,48.89,4.44,4.58,True,True,True,True,True,False,True,False,75.0,Silver
244324,64,94.81,0.0,0,0.0,47.74,35.94,21.88,4.51,True,True,True,True,False,True,False,False,65.0,Retraining
244325,22,100.0,0.0,0,0.0,41.37,50.0,13.64,4.93,True,True,True,True,True,False,True,True,90.0,Gold
244326,70,87.91,0.0,0,1.25,62.11,31.43,7.14,4.73,False,True,True,False,False,True,True,True,60.0,Retraining
244327,51,96.72,0.0,0,3.39,42.74,45.1,17.65,4.97,True,True,True,False,True,False,False,True,75.0,Silver
244328,53,86.15,0.0,0,0.0,51.45,43.4,13.21,4.72,False,True,True,True,False,False,True,True,60.0,Retraining
244329,19,65.0,10.0,0,0.0,49.77,84.21,21.05,4.38,False,False,True,True,False,False,False,False,25.0,Retraining
244330,21,95.83,4.17,0,0.0,49.64,57.14,14.29,4.92,True,False,True,True,False,False,True,True,60.0,Retraining
244331,53,98.28,0.0,0,0.0,47.52,43.4,9.43,4.88,True,True,True,True,False,False,True,True,75.0,Silver
244332,40,100.0,0.0,0,0.0,65.92,57.5,17.5,4.72,True,True,True,True,False,False,False,True,70.0,Silver
244333,4,22.22,0.0,0,0.0,89.32,50.0,25.0,5.0,False,True,True,True,False,False,False,True,55.0,Retraining
244334,25,75.0,0.0,0,0.0,52.37,40.0,12.0,4.44,False,True,True,True,False,True,True,False,55.0,Retraining
244335,115,98.45,0.0,0,0.0,19.62,40.87,12.17,4.76,True,True,True,True,True,False,True,True,90.0,Gold
244336,47,82.81,0.0,0,0.0,49.63,61.7,19.15,4.58,False,True,True,True,False,False,False,False,40.0,Retraining
244337,13,90.0,10.0,0,0.0,38.12,69.23,15.38,4.7,True,False,True,True,True,False,False,True,70.0,Silver
244338,16,94.44,0.0,0,0.0,62.05,37.5,0.0,4.58,True,True,True,True,False,True,True,False,70.0,Silver
244339,23,88.89,0.0,0,0.0,38.99,39.13,4.35,4.93,False,True,True,True,True,True,True,True,85.0,Gold
244340,42,93.33,0.0,0,0.0,41.37,52.38,21.43,4.57,True,True,True,True,True,False,False,False,70.0,Silver
244341,57,67.65,0.0,0,2.9,42.23,45.61,3.51,4.65,False,True,True,False,True,False,True,False,50.0,Retraining
244342,8,83.33,8.33,0,0.0,51.63,62.5,62.5,5.0,False,False,True,True,False,False,False,True,40.0,Retraining
244343,60,91.55,0.0,0,0.0,39.55,26.67,6.67,4.81,True,True,True,True,True,True,True,True,100.0,Gold
244344,72,91.46,0.0,0,0.0,35.35,33.33,9.72,4.47,True,True,True,True,True,True,True,False,85.0,Gold
244345,30,97.44,0.0,0,0.0,66.42,43.33,3.33,4.45,True,True,True,True,False,False,True,False,60.0,Retraining
244346,35,92.68,2.44,1,0.0,23.31,80.0,8.57,4.7,True,False,True,True,True,False,True,True,75.0,Silver
244347,16,40.68,0.0,1,0.0,89.43,25.0,12.5,4.3,False,True,True,True,False,True,True,False,55.0,Retraining
244348,25,97.3,2.7,0,2.78,47.88,56.0,16.0,4.58,True,False,True,False,False,False,False,False,30.0,Retraining
244349,13,100.0,0.0,0,0.0,45.08,23.08,30.77,5.0,True,True,True,True,False,True,False,True,80.0,Silver
244350,4,80.0,0.0,0,0.0,27.19,75.0,0.0,4.0,False,True,True,True,True,False,True,False,60.0,Retraining
244351,50,88.06,2.99,0,0.0,53.51,54.0,12.0,4.88,False,False,True,True,False,False,True,True,45.0,Retraining
244352,17,94.44,0.0,0,0.0,32.87,17.65,5.88,4.92,True,True,True,True,True,True,True,True,100.0,Gold
244353,14,26.56,0.0,0,0.0,67.88,42.86,28.57,4.5,False,True,True,True,False,False,False,False,40.0,Retraining
244354,71,95.12,0.0,0,1.28,40.05,40.85,11.27,4.95,True,True,True,False,True,False,True,True,80.0,Silver
244355,7,50.0,0.0,0,0.0,60.77,85.71,28.57,4.8,False,True,True,True,False,False,False,True,55.0,Retraining
244356,7,100.0,0.0,0,0.0,48.42,42.86,0.0,4.83,True,True,True,True,False,False,True,True,75.0,Silver
244357,18,94.74,0.0,0,0.0,57.18,61.11,5.56,4.73,True,True,True,True,False,False,True,True,75.0,Silver
244358,11,82.35,0.0,0,0.0,60.11,45.45,27.27,5.0,False,True,True,True,False,False,False,True,55.0,Retraining
244359,18,78.26,0.0,0,0.0,43.39,77.78,5.56,4.77,False,True,True,True,True,False,True,True,75.0,Silver
244360,10,100.0,0.0,0,0.0,38.45,40.0,0.0,5.0,True,True,True,True,True,True,True,True,100.0,Gold
244361,17,67.86,0.0,0,0.0,45.43,35.29,23.53,5.0,False,True,True,True,False,True,False,True,65.0,Retraining
244362,3,80.0,0.0,0,0.0,43.25,0.0,0.0,5.0,False,True,True,True,True,True,True,True,85.0,Gold
244363,28,96.88,0.0,0,0.0,42.2,50.0,10.71,4.42,True,True,True,True,True,False,True,False,75.0,Silver
244364,136,93.04,0.63,0,0.0,23.93,69.85,5.15,4.63,True,True,True,True,True,False,True,False,75.0,Silver
244365,25,93.55,0.0,0,0.0,38.97,28.0,12.0,4.79,True,True,True,True,True,True,True,True,100.0,Gold
244366,5,100.0,0.0,0,0.0,37.17,60.0,0.0,5.0,True,True,True,True,True,False,True,True,90.0,Gold
244367,14,85.0,0.0,0,0.0,48.26,14.29,7.14,4.58,False,True,True,True,False,True,True,False,55.0,Retraining
244368,19,57.89,0.0,0,0.0,39.33,15.79,26.32,5.0,False,True,True,True,True,True,False,True,80.0,Silver
244369,22,100.0,0.0,0,0.0,57.15,40.91,13.64,4.94,True,True,True,True,False,False,True,True,75.0,Silver
244370,52,87.88,0.0,0,0.0,49.9,46.15,15.38,4.95,False,True,True,True,False,False,False,True,55.0,Retraining
244371,46,24.79,1.68,0,1.69,42.08,63.04,6.52,4.06,False,True,True,False,True,False,True,False,50.0,Retraining
244372,12,100.0,20.0,0,0.0,58.29,41.67,25.0,5.0,True,False,True,True,False,False,False,True,55.0,Retraining
244373,7,84.62,0.0,0,0.0,52.89,71.43,42.86,4.75,False,True,True,True,False,False,False,True,55.0,Retraining
244374,8,81.82,0.0,0,0.0,61.55,0.0,37.5,4.67,False,True,True,True,False,True,False,False,50.0,Retraining
244375,10,85.71,0.0,0,0.0,43.1,30.0,10.0,5.0,False,True,True,True,True,True,True,True,85.0,Gold
244376,2,100.0,0.0,0,0.0,20.7,0.0,0.0,5.0,True,True,True,True,True,True,True,True,100.0,Gold
244377,5,100.0,0.0,0,0.0,52.35,20.0,40.0,5.0,True,True,True,True,False,True,False,True,80.0,Silver
244378,47,96.72,1.64,0,1.69,24.99,65.96,8.51,4.94,True,True,True,False,True,False,True,True,80.0,Silver
244379,10,84.62,0.0,0,0.0,31.53,30.0,0.0,5.0,False,True,True,True,True,True,True,True,85.0,Gold
244380,29,97.3,0.0,0,0.0,44.24,51.72,17.24,4.91,True,True,True,True,True,False,False,True,85.0,Gold
244381,8,90.91,0.0,0,0.0,57.26,37.5,12.5,4.75,True,True,True,True,False,True,True,True,85.0,Gold
244382,8,100.0,0.0,0,0.0,57.09,25.0,12.5,5.0,True,True,True,True,False,True,True,True,85.0,Gold
244383,6,85.71,0.0,0,0.0,52.9,16.67,16.67,4.0,False,True,True,True,False,True,False,False,50.0,Retraining
244384,17,100.0,0.0,0,0.0,36.91,41.18,17.65,4.93,True,True,True,True,True,False,False,True,85.0,Gold
244385,5,66.67,8.33,0,0.0,51.41,80.0,60.0,4.67,False,False,True,True,False,False,False,False,25.0,Retraining
244386,10,87.5,0.0,0,0.0,43.12,70.0,0.0,5.0,False,True,True,True,True,False,True,True,75.0,Silver
244387,3,100.0,0.0,0,0.0,55.43,66.67,0.0,5.0,True,True,True,True,False,False,True,True,75.0,Silver
244388,2,100.0,0.0,0,0.0,19.36,100.0,0.0,5.0,True,True,True,True,True,False,True,True,90.0,Gold
244389,19,95.24,0.0,0,0.0,68.32,31.58,10.53,4.36,True,True,True,True,False,True,True,False,70.0,Silver
244390,41,90.74,0.0,0,0.0,36.45,26.83,7.32,4.74,True,True,True,True,True,True,True,True,100.0,Gold
244391,40,84.21,0.0,0,0.0,43.5,52.5,20.0,4.4,False,True,True,True,True,False,False,False,55.0,Retraining
244392,26,77.78,0.0,0,0.0,53.61,61.54,34.62,4.45,False,True,True,True,False,False,False,False,40.0,Retraining
244393,32,97.22,2.78,0,0.0,44.86,43.75,12.5,4.81,True,False,True,True,True,False,True,True,75.0,Silver
244394,46,96.08,0.0,0,0.0,53.77,39.13,21.74,4.65,True,True,True,True,False,True,False,False,65.0,Retraining
244395,44,96.23,3.77,0,0.0,41.74,38.64,27.27,4.8,True,False,True,True,True,True,False,True,80.0,Silver
244396,7,43.48,13.04,0,0.0,39.31,28.57,28.57,4.33,False,False,True,True,True,True,False,False,50.0,Retraining
244397,17,66.67,8.33,0,0.0,49.53,76.47,11.76,4.75,False,False,True,True,False,False,True,True,45.0,Retraining
244398,49,64.21,5.26,0,1.64,44.97,28.57,14.29,4.72,False,False,True,False,True,True,True,True,60.0,Retraining
244399,58,89.33,0.0,0,1.49,64.33,34.48,15.52,4.79,False,True,True,False,False,True,False,True,55.0,Retraining
244400,2,40.0,0.0,0,0.0,28.15,0.0,0.0,5.0,False,True,True,True,True,True,True,True,85.0,Gold
244401,39,95.56,4.44,0,0.0,51.18,41.03,28.21,4.3,True,False,True,True,False,False,False,False,40.0,Retraining
244402,77,83.18,0.93,1,1.12,45.21,40.26,14.29,4.45,False,True,True,False,False,False,True,False,35.0,Retraining
244403,8,34.62,0.0,0,0.0,87.09,62.5,12.5,4.83,False,True,True,True,False,False,True,True,60.0,Retraining
244404,49,82.61,1.45,0,1.75,50.19,40.82,12.24,4.74,False,True,True,False,False,False,True,True,50.0,Retraining
244405,27,93.94,0.0,0,0.0,54.76,51.85,11.11,4.44,True,True,True,True,False,False,True,False,60.0,Retraining
244406,31,85.37,7.32,0,0.0,23.24,48.39,3.23,4.65,False,False,True,True,True,False,True,False,45.0,Retraining
244407,9,90.0,0.0,0,0.0,43.72,44.44,44.44,4.6,True,True,True,True,True,False,False,False,70.0,Silver
244408,2,100.0,0.0,0,0.0,80.24,0.0,50.0,5.0,True,True,True,True,False,True,False,True,80.0,Silver
244409,39,92.59,0.0,0,0.0,35.31,56.41,20.51,4.63,True,True,True,True,True,False,False,False,70.0,Silver
244410,18,91.67,0.0,0,0.0,39.49,33.33,22.22,4.8,True,True,True,True,True,True,False,True,95.0,Gold
244411,21,95.83,0.0,0,0.0,52.72,28.57,9.52,4.85,True,True,True,True,False,True,True,True,85.0,Gold
244412,5,19.23,0.0,0,0.0,90.95,20.0,20.0,4.5,False,True,True,True,False,True,False,False,50.0,Retraining
244413,69,96.43,1.19,0,1.23,47.97,50.72,17.39,4.75,True,True,True,False,False,False,False,True,60.0,Retraining
244414,2,26.67,0.0,0,0.0,80.76,50.0,100.0,5.0,False,True,True,True,False,False,False,True,55.0,Retraining
244415,12,100.0,0.0,0,0.0,46.0,33.33,16.67,5.0,True,True,True,True,False,True,False,True,80.0,Silver
244416,9,91.67,0.0,0,0.0,40.77,11.11,55.56,3.5,True,True,True,True,True,True,False,False,80.0,Silver
244417,43,92.59,0.0,0,0.0,55.08,39.53,9.3,4.47,True,True,True,True,False,True,True,False,70.0,Silver
244418,18,100.0,0.0,0,0.0,43.66,50.0,11.11,4.75,True,True,True,True,True,False,True,True,90.0,Gold
244419,10,100.0,0.0,0,0.0,41.51,20.0,20.0,5.0,True,True,True,True,True,True,False,True,95.0,Gold
244420,3,60.0,0.0,0,0.0,61.8,33.33,0.0,5.0,False,True,True,True,False,True,True,True,70.0,Silver
244421,8,100.0,0.0,0,0.0,28.69,50.0,12.5,4.83,True,True,True,True,True,False,True,True,90.0,Gold
244422,4,100.0,0.0,0,0.0,72.08,25.0,25.0,4.67,True,True,True,True,False,True,False,False,65.0,Retraining
244423,46,89.66,0.0,0,1.92,60.42,21.74,19.57,5.0,False,True,True,False,False,True,False,True,55.0,Retraining
244424,46,89.83,0.0,0,0.0,48.26,52.17,17.39,4.58,False,True,True,True,False,False,False,False,40.0,Retraining
244425,28,53.57,1.79,0,0.0,54.08,57.14,28.57,4.2,False,True,True,True,False,False,False,False,40.0,Retraining
244426,31,61.02,1.69,0,0.0,43.77,48.39,16.13,4.81,False,True,True,True,True,False,False,True,70.0,Silver
244427,132,94.05,3.57,0,0.63,31.04,23.48,25.0,4.76,True,False,True,True,True,True,False,True,80.0,Silver
244428,4,50.0,0.0,0,0.0,60.25,25.0,25.0,5.0,False,True,True,True,False,True,False,True,65.0,Retraining
244429,6,88.89,0.0,0,12.5,48.7,66.67,33.33,4.5,False,True,True,False,False,False,False,False,30.0,Retraining
244430,7,100.0,0.0,0,10.0,48.11,42.86,14.29,4.33,True,True,True,False,False,False,True,False,50.0,Retraining
244431,3,100.0,0.0,0,0.0,35.78,33.33,0.0,5.0,True,True,True,True,True,True,True,True,100.0,Gold
244432,30,91.67,2.78,0,0.0,45.77,26.67,40.0,4.39,True,False,True,True,False,True,False,False,50.0,Retraining
244433,12,100.0,0.0,0,0.0,44.7,58.33,16.67,4.83,True,True,True,True,True,False,False,True,85.0,Gold
244434,5,100.0,0.0,0,0.0,59.79,40.0,0.0,4.67,True,True,True,True,False,True,True,False,70.0,Silver
244435,31,55.56,0.0,0,0.0,47.73,45.16,29.03,4.4,False,True,True,True,False,False,False,False,40.0,Retraining
244436,2,100.0,0.0,0,0.0,15.91,50.0,0.0,5.0,True,True,True,True,True,False,True,True,90.0,Gold
244437,9,68.75,0.0,0,0.0,63.03,55.56,22.22,5.0,False,True,True,True,False,False,False,True,55.0,Retraining
244438,44,60.71,1.19,0,0.0,58.91,47.73,20.45,4.61,False,True,True,True,False,False,False,False,40.0,Retraining
244439,52,98.31,0.0,0,0.0,43.2,25.0,9.62,5.0,True,True,True,True,True,True,True,True,100.0,Gold
244440,4,100.0,0.0,0,0.0,75.97,75.0,25.0,4.75,True,True,True,True,False,False,False,True,70.0,Silver
244441,7,36.0,0.0,0,0.0,42.93,85.71,42.86,5.0,False,True,True,True,True,False,False,True,70.0,Silver
244442,87,90.57,0.94,0,0.0,44.74,42.53,9.2,4.75,True,True,True,True,True,False,True,True,90.0,Gold
244443,21,79.41,0.0,0,0.0,50.0,38.1,9.52,4.88,False,True,True,True,False,True,True,True,70.0,Silver
244444,18,86.36,0.0,0,0.0,49.74,22.22,22.22,3.75,False,True,True,True,False,True,False,False,50.0,Retraining
244445,3,100.0,0.0,0,0.0,58.17,100.0,0.0,5.0,True,True,True,True,False,False,True,True,75.0,Silver
244446,42,92.73,0.0,0,0.0,48.72,54.76,11.9,4.56,True,True,True,True,False,False,True,False,60.0,Retraining
244447,55,95.59,0.0,0,0.0,48.89,34.55,9.09,4.97,True,True,True,True,False,True,True,True,85.0,Gold
244448,13,100.0,0.0,0,0.0,47.87,46.15,23.08,4.9,True,True,True,True,False,False,False,True,70.0,Silver
244449,29,81.58,0.0,0,0.0,70.84,41.38,27.59,4.76,False,True,True,True,False,False,False,True,55.0,Retraining
244450,61,100.0,1.56,0,0.0,40.05,40.98,11.48,4.79,True,True,True,True,True,False,True,True,90.0,Gold
244451,19,100.0,0.0,0,4.0,51.86,31.58,21.05,5.0,True,True,True,False,False,True,False,True,70.0,Silver
244452,8,88.89,0.0,0,0.0,50.77,12.5,0.0,,False,True,True,True,False,True,True,False,55.0,Retraining
244453,82,97.94,0.0,0,0.0,46.57,25.61,20.73,4.66,True,True,True,True,False,True,False,False,65.0,Retraining
244454,45,72.84,0.0,0,1.69,56.78,48.89,22.22,4.96,False,True,True,False,False,False,False,True,45.0,Retraining
244455,2,33.33,0.0,0,0.0,63.13,0.0,0.0,,False,True,True,True,False,True,True,False,55.0,Retraining
244456,58,96.97,1.52,0,0.0,50.61,48.28,13.79,4.47,True,True,True,True,False,False,True,False,60.0,Retraining
244457,16,75.86,3.45,0,0.0,39.85,50.0,18.75,4.44,False,False,True,True,True,False,False,False,40.0,Retraining
244458,21,67.5,5.0,0,0.0,41.5,23.81,9.52,4.81,False,False,True,True,True,True,True,True,70.0,Silver
244459,16,94.44,0.0,0,0.0,40.2,31.25,0.0,4.67,True,True,True,True,True,True,True,False,85.0,Gold
244460,22,92.59,0.0,0,0.0,53.57,36.36,40.91,4.54,True,True,True,True,False,True,False,False,65.0,Retraining
244461,79,92.71,0.0,0,0.0,48.08,39.24,10.13,4.84,True,True,True,True,False,True,True,True,85.0,Gold
244462,24,81.25,3.13,0,0.0,56.63,45.83,8.33,4.44,False,False,True,True,False,False,True,False,30.0,Retraining
244463,10,100.0,0.0,0,8.33,52.35,70.0,20.0,4.86,True,True,True,False,False,False,False,True,60.0,Retraining
244464,21,81.25,0.0,0,0.0,32.01,61.9,4.76,4.86,False,True,True,True,True,False,True,True,75.0,Silver
244465,21,95.83,0.0,0,0.0,31.58,57.14,0.0,4.78,True,True,True,True,True,False,True,True,90.0,Gold
244466,23,100.0,0.0,0,0.0,50.59,47.83,0.0,4.5,True,True,True,True,False,False,True,False,60.0,Retraining
244467,23,100.0,0.0,0,0.0,52.08,34.78,0.0,4.93,True,True,True,True,False,True,True,True,85.0,Gold
244468,24,61.9,0.0,0,0.0,65.33,20.83,4.17,4.56,False,True,True,True,False,True,True,False,55.0,Retraining
244469,30,84.78,0.0,0,7.69,41.2,46.67,20.0,4.84,False,True,True,False,True,False,False,True,60.0,Retraining
244470,4,100.0,0.0,0,0.0,44.43,25.0,0.0,3.67,True,True,True,True,True,True,True,False,85.0,Gold
244471,5,100.0,0.0,0,14.29,35.04,80.0,0.0,5.0,True,True,True,False,True,False,True,True,80.0,Silver
244472,32,92.31,0.0,0,0.0,44.17,50.0,3.13,4.62,True,True,True,True,True,False,True,False,75.0,Silver
244473,13,100.0,0.0,0,0.0,60.27,38.46,15.38,4.67,True,True,True,True,False,True,False,False,65.0,Retraining
244474,9,100.0,0.0,0,9.09,44.64,33.33,22.22,4.88,True,True,True,False,True,True,False,True,85.0,Gold
244475,6,85.71,0.0,0,0.0,56.85,16.67,16.67,5.0,False,True,True,True,False,True,False,True,65.0,Retraining
244476,6,100.0,0.0,0,0.0,66.52,33.33,50.0,3.4,True,True,True,True,False,True,False,False,65.0,Retraining
244477,2,100.0,0.0,0,0.0,82.89,50.0,100.0,5.0,True,True,True,True,False,False,False,True,70.0,Silver
244478,25,87.5,0.0,0,8.57,44.12,40.0,4.0,4.75,False,True,True,False,True,True,True,True,75.0,Silver
244479,3,100.0,0.0,0,0.0,67.31,33.33,33.33,5.0,True,True,True,True,False,True,False,True,80.0,Silver
244480,37,95.56,6.67,1,0.0,59.62,45.95,13.51,4.63,True,False,True,True,False,False,True,False,45.0,Retraining
244481,16,100.0,0.0,0,0.0,52.14,18.75,18.75,4.75,True,True,True,True,False,True,False,True,80.0,Silver
244482,46,95.0,0.0,0,1.75,44.31,50.0,15.22,5.0,True,True,True,False,True,False,False,True,75.0,Silver
244483,27,86.49,2.7,0,3.13,36.98,48.15,3.7,4.86,False,False,True,False,True,False,True,True,50.0,Retraining
244484,8,88.89,0.0,0,0.0,36.81,25.0,37.5,4.86,False,True,True,True,True,True,False,True,80.0,Silver
244485,57,84.16,1.98,1,5.88,44.1,24.56,5.26,3.95,False,True,True,False,True,True,True,False,60.0,Retraining
244486,13,100.0,0.0,0,0.0,36.01,53.85,30.77,5.0,True,True,True,True,True,False,False,True,85.0,Gold
244487,33,79.07,0.0,0,0.0,47.41,21.21,9.09,4.25,False,True,True,True,False,True,True,False,55.0,Retraining
244488,9,100.0,0.0,0,0.0,35.83,55.56,0.0,4.67,True,True,True,True,True,False,True,False,75.0,Silver
244489,33,94.74,0.0,0,0.0,50.39,54.55,3.03,5.0,True,True,True,True,False,False,True,True,75.0,Silver
244490,8,100.0,0.0,0,0.0,65.16,0.0,37.5,5.0,True,True,True,True,False,True,False,True,80.0,Silver
244491,27,100.0,0.0,0,0.0,65.61,51.85,7.41,4.95,True,True,True,True,False,False,True,True,75.0,Silver
244492,57,84.93,1.37,1,0.0,25.31,36.84,3.51,4.81,False,True,True,True,True,True,True,True,85.0,Gold
244493,4,66.67,0.0,0,0.0,73.52,0.0,50.0,3.0,False,True,True,True,False,True,False,False,50.0,Retraining
244494,40,97.67,0.0,0,0.0,50.23,32.5,15.0,4.93,True,True,True,True,False,True,True,True,85.0,Gold
244495,57,89.61,1.3,0,0.0,52.31,59.65,21.05,4.76,False,True,True,True,False,False,False,True,55.0,Retraining
244496,9,90.0,0.0,0,0.0,35.49,33.33,11.11,4.8,True,True,True,True,True,True,True,True,100.0,Gold
244497,26,96.67,0.0,0,0.0,37.98,19.23,7.69,4.17,True,True,True,True,True,True,True,False,85.0,Gold
244498,53,70.19,0.0,0,0.0,53.12,50.94,16.98,4.46,False,True,True,True,False,False,False,False,40.0,Retraining
244499,35,85.71,0.0,0,0.0,65.42,45.71,34.29,3.95,False,True,True,True,False,False,False,False,40.0,Retraining
244500,13,94.12,5.88,0,0.0,35.61,30.77,7.69,4.83,True,False,True,True,True,True,True,True,85.0,Gold
244501,5,100.0,0.0,0,0.0,3.41,0.0,0.0,,True,True,True,True,True,True,True,False,85.0,Gold
244502,21,92.59,3.7,0,0.0,39.76,47.62,38.1,4.64,True,False,True,True,True,False,False,False,55.0,Retraining
244503,10,84.62,0.0,0,0.0,71.44,70.0,20.0,4.5,False,True,True,True,False,False,False,False,40.0,Retraining
244504,19,91.67,0.0,0,0.0,42.04,52.63,21.05,4.33,True,True,True,True,True,False,False,False,70.0,Silver
244505,47,82.35,4.41,0,0.0,46.75,25.53,12.77,4.93,False,False,True,True,False,True,True,True,55.0,Retraining
244506,9,82.35,0.0,0,7.14,66.5,44.44,11.11,4.2,False,True,True,False,False,False,True,False,35.0,Retraining
244507,12,81.25,6.25,0,0.0,51.09,41.67,8.33,4.89,False,False,True,True,False,False,True,True,45.0,Retraining
244508,6,14.63,0.0,0,0.0,62.4,83.33,0.0,5.0,False,True,True,True,False,False,True,True,60.0,Retraining
244509,21,76.67,0.0,0,0.0,48.65,28.57,19.05,4.92,False,True,True,True,False,True,False,True,65.0,Retraining
244510,10,100.0,7.14,0,0.0,55.13,50.0,20.0,4.0,True,False,True,True,False,False,False,False,40.0,Retraining
244511,26,100.0,0.0,0,0.0,52.13,42.31,30.77,4.88,True,True,True,True,False,False,False,True,70.0,Silver
244512,80,98.92,0.0,0,1.09,34.24,42.5,2.5,4.86,True,True,True,False,True,False,True,True,80.0,Silver
244513,10,100.0,7.69,0,0.0,54.96,30.0,10.0,4.8,True,False,True,True,False,True,True,True,70.0,Silver
244514,29,88.1,4.76,0,2.7,47.54,37.93,20.69,4.81,False,False,True,False,False,True,False,True,40.0,Retraining
244515,8,100.0,0.0,0,0.0,18.57,25.0,0.0,4.83,True,True,True,True,True,True,True,True,100.0,Gold
244516,23,90.0,0.0,0,0.0,42.86,30.43,17.39,4.71,True,True,True,True,True,True,False,True,95.0,Gold
244517,14,94.12,0.0,0,0.0,22.75,64.29,14.29,5.0,True,True,True,True,True,False,True,True,90.0,Gold
244518,46,88.33,0.0,0,0.0,58.82,54.35,13.04,4.57,False,True,True,True,False,False,True,False,45.0,Retraining
244519,37,97.67,0.0,0,0.0,65.55,62.16,10.81,4.76,True,True,True,True,False,False,True,True,75.0,Silver
244520,20,92.59,0.0,0,0.0,53.29,50.0,15.0,4.75,True,True,True,True,False,False,True,True,75.0,Silver
244521,3,60.0,0.0,0,0.0,78.61,33.33,33.33,4.5,False,True,True,True,False,True,False,False,50.0,Retraining
244522,2,100.0,0.0,0,33.33,36.27,50.0,50.0,3.0,True,True,True,False,True,False,False,False,60.0,Retraining
244523,58,94.29,0.0,0,1.52,41.8,32.76,6.9,4.82,True,True,True,False,True,True,True,True,90.0,Gold
244524,10,85.71,0.0,0,0.0,112.95,0.0,60.0,4.0,False,True,True,True,False,True,False,False,50.0,Retraining
244525,60,85.71,0.0,0,0.0,52.66,41.67,18.33,4.57,False,True,True,True,False,False,False,False,40.0,Retraining
244526,36,86.36,2.27,0,0.0,48.41,44.44,38.89,4.83,False,False,True,True,False,False,False,True,40.0,Retraining
244527,5,100.0,0.0,0,0.0,64.42,60.0,20.0,5.0,True,True,True,True,False,False,False,True,70.0,Silver
244528,9,100.0,0.0,0,0.0,70.7,55.56,11.11,5.0,True,True,True,True,False,False,True,True,75.0,Silver
244529,32,97.3,2.7,0,0.0,48.84,34.38,15.63,4.76,True,False,True,True,False,True,False,True,65.0,Retraining
244530,17,38.78,0.0,0,0.0,27.87,35.29,0.0,4.81,False,True,True,True,True,True,True,True,85.0,Gold
244531,25,84.21,0.0,0,6.25,56.02,48.0,20.0,4.8,False,True,True,False,False,False,False,True,45.0,Retraining
244532,50,57.45,1.06,1,0.0,45.29,74.0,18.0,4.5,False,True,True,True,False,False,False,False,40.0,Retraining
244533,27,77.55,2.04,0,0.0,52.46,40.74,11.11,4.43,False,False,True,True,False,False,True,False,30.0,Retraining
244534,5,69.23,7.69,0,0.0,82.42,40.0,0.0,4.25,False,False,True,True,False,True,True,False,40.0,Retraining
244535,17,22.35,0.0,0,0.0,37.57,35.29,0.0,4.88,False,True,True,True,True,True,True,True,85.0,Gold
244536,36,100.0,0.0,0,0.0,51.09,25.0,8.33,4.88,True,True,True,True,False,True,True,True,85.0,Gold
244537,17,85.71,0.0,0,5.56,56.59,41.18,0.0,4.83,False,True,True,False,False,False,True,True,50.0,Retraining
244538,3,100.0,0.0,0,0.0,63.14,33.33,0.0,4.5,True,True,True,True,False,True,True,False,70.0,Silver
244539,5,15.0,0.0,0,0.0,49.32,0.0,20.0,5.0,False,True,True,True,False,True,False,True,65.0,Retraining
244540,24,96.77,0.0,0,0.0,74.41,58.33,29.17,4.71,True,True,True,True,False,False,False,True,70.0,Silver
244541,6,50.0,0.0,0,0.0,55.25,33.33,16.67,5.0,False,True,True,True,False,True,False,True,65.0,Retraining
244542,28,82.05,2.56,0,0.0,43.33,46.43,3.57,4.79,False,False,True,True,True,False,True,True,60.0,Retraining
244543,49,94.44,0.0,0,0.0,20.17,24.49,4.08,4.81,True,True,True,True,True,True,True,True,100.0,Gold
244544,2,15.38,0.0,0,0.0,86.14,50.0,0.0,5.0,False,True,True,True,False,False,True,True,60.0,Retraining
244545,24,96.43,0.0,0,0.0,47.62,70.83,12.5,4.64,True,True,True,True,False,False,True,False,60.0,Retraining
244546,6,72.73,0.0,0,0.0,54.3,66.67,16.67,3.33,False,True,True,True,False,False,False,False,40.0,Retraining
244547,6,85.71,0.0,0,0.0,67.3,66.67,16.67,5.0,False,True,True,True,False,False,False,True,55.0,Retraining
244548,33,92.11,0.0,0,0.0,29.98,63.64,9.09,4.8,True,True,True,True,True,False,True,True,90.0,Gold
244549,76,85.19,0.0,0,0.0,51.43,39.47,18.42,4.82,False,True,True,True,False,True,False,True,65.0,Retraining
244550,33,100.0,0.0,0,0.0,56.73,15.15,12.12,4.76,True,True,True,True,False,True,True,True,85.0,Gold
244551,17,95.83,0.0,0,0.0,53.65,35.29,5.88,4.77,True,True,True,True,False,True,True,True,85.0,Gold
244552,8,90.0,0.0,0,0.0,56.25,25.0,62.5,4.57,True,True,True,True,False,True,False,False,65.0,Retraining
244553,30,86.84,0.0,0,0.0,48.54,50.0,6.67,5.0,False,True,True,True,False,False,True,True,60.0,Retraining
244554,6,77.78,0.0,0,0.0,75.8,50.0,0.0,5.0,False,True,True,True,False,False,True,True,60.0,Retraining
244555,14,100.0,0.0,0,0.0,52.04,28.57,35.71,4.91,True,True,True,True,False,True,False,True,80.0,Silver
244556,25,75.56,2.22,0,0.0,53.31,44.0,24.0,4.65,False,False,True,True,False,False,False,False,25.0,Retraining
244557,16,85.71,0.0,0,5.56,47.5,37.5,12.5,4.83,False,True,True,False,False,True,True,True,60.0,Retraining
244558,8,75.0,0.0,0,11.11,62.03,25.0,25.0,4.0,False,True,True,False,False,True,False,False,40.0,Retraining
244559,12,100.0,0.0,0,0.0,50.61,41.67,41.67,4.7,True,True,True,True,False,False,False,True,70.0,Silver
244560,8,80.0,0.0,0,0.0,44.19,25.0,0.0,4.0,False,True,True,True,True,True,True,False,70.0,Silver
244561,9,38.71,3.23,0,0.0,96.73,44.44,11.11,4.43,False,False,True,True,False,False,True,False,30.0,Retraining
244562,11,100.0,0.0,0,0.0,93.76,18.18,0.0,4.8,True,True,True,True,False,True,True,True,85.0,Gold
244563,35,68.97,1.72,0,0.0,53.9,54.29,2.86,4.77,False,True,True,True,False,False,True,True,60.0,Retraining
244564,6,100.0,0.0,0,9.09,33.09,0.0,16.67,4.6,True,True,True,False,True,True,False,False,70.0,Silver
244565,11,87.5,6.25,0,0.0,38.01,36.36,9.09,4.2,False,False,True,True,True,True,True,False,55.0,Retraining
244566,17,88.0,4.0,0,4.55,41.11,41.18,17.65,5.0,False,False,True,False,True,False,False,True,45.0,Retraining
244567,17,58.82,0.0,0,5.0,66.88,29.41,11.76,4.43,False,True,True,False,False,True,True,False,45.0,Retraining
244568,18,100.0,9.09,1,0.0,94.01,33.33,5.56,4.57,True,False,True,True,False,True,True,False,55.0,Retraining
244569,9,100.0,0.0,0,0.0,51.59,88.89,22.22,4.67,True,True,True,True,False,False,False,False,55.0,Retraining
244570,27,86.84,5.26,0,0.0,46.53,14.81,0.0,4.82,False,False,True,True,False,True,True,True,55.0,Retraining
244571,16,100.0,0.0,0,0.0,36.86,37.5,12.5,4.67,True,True,True,True,True,True,True,False,85.0,Gold
244572,28,91.67,2.78,0,3.03,45.87,32.14,3.57,4.83,True,False,True,False,False,True,True,True,60.0,Retraining
244573,61,98.55,1.45,0,0.0,51.24,31.15,11.48,4.7,True,True,True,True,False,True,True,True,85.0,Gold
244574,37,97.62,0.0,0,0.0,52.16,45.95,8.11,4.82,True,True,True,True,False,False,True,True,75.0,Silver
244575,24,88.89,0.0,0,0.0,42.65,0.0,0.0,4.75,False,True,True,True,True,True,True,True,85.0,Gold
244576,46,77.42,0.0,0,0.0,53.38,43.48,10.87,4.83,False,True,True,True,False,False,True,True,60.0,Retraining
244577,40,95.24,0.0,0,0.0,40.54,40.0,12.5,4.86,True,True,True,True,True,True,True,True,100.0,Gold
244578,51,82.19,0.0,0,0.0,59.17,27.45,9.8,4.21,False,True,True,True,False,True,True,False,55.0,Retraining
244579,62,94.52,0.0,0,0.0,37.38,58.06,6.45,4.4,True,True,True,True,True,False,True,False,75.0,Silver
244580,33,92.31,2.56,0,2.78,64.01,36.36,24.24,4.71,True,False,True,False,False,True,False,True,55.0,Retraining
244581,26,81.58,0.0,0,0.0,71.84,42.31,19.23,4.79,False,True,True,True,False,False,False,True,55.0,Retraining
244582,35,100.0,2.5,0,0.0,25.24,40.0,0.0,4.82,True,False,True,True,True,True,True,True,85.0,Gold
244583,25,97.37,0.0,0,5.41,50.97,44.0,0.0,4.48,True,True,True,False,False,False,True,False,50.0,Retraining
244584,78,94.85,0.0,0,1.09,44.62,32.05,8.97,4.75,True,True,True,False,True,True,True,True,90.0,Gold
244585,6,12.28,0.0,0,0.0,73.61,0.0,16.67,4.75,False,True,True,True,False,True,False,True,65.0,Retraining
244586,24,72.73,0.0,0,3.13,63.6,37.5,8.33,4.47,False,True,True,False,False,True,True,False,45.0,Retraining
244587,53,79.22,2.6,0,0.0,46.18,24.53,15.09,4.67,False,False,True,True,False,True,False,False,35.0,Retraining
244588,21,71.88,0.0,0,0.0,57.59,57.14,38.1,5.0,False,True,True,True,False,False,False,True,55.0,Retraining
244589,39,95.35,0.0,0,0.0,47.99,46.15,2.56,4.65,True,True,True,True,False,False,True,False,60.0,Retraining
244590,22,69.77,6.98,0,0.0,45.72,13.64,18.18,4.57,False,False,True,True,False,True,False,False,35.0,Retraining
244591,11,40.48,0.0,0,5.88,83.65,45.45,36.36,4.0,False,True,True,False,False,False,False,False,30.0,Retraining
244592,33,97.14,0.0,0,0.0,46.37,27.27,6.06,4.73,True,True,True,True,False,True,True,True,85.0,Gold
244593,103,95.87,1.65,0,1.72,28.54,30.1,3.88,4.9,True,True,True,False,True,True,True,True,90.0,Gold
244594,34,95.56,0.0,0,0.0,42.41,64.71,5.88,4.92,True,True,True,True,True,False,True,True,90.0,Gold
244595,47,96.55,0.0,0,0.0,49.73,29.79,17.02,4.76,True,True,True,True,False,True,False,True,80.0,Silver
244596,13,100.0,0.0,0,0.0,41.84,23.08,7.69,4.25,True,True,True,True,True,True,True,False,85.0,Gold
244597,11,83.33,5.56,0,0.0,42.33,9.09,9.09,4.67,False,False,True,True,True,True,True,False,55.0,Retraining
244598,26,91.18,11.76,0,3.23,40.72,19.23,0.0,4.87,True,False,True,False,True,True,True,True,75.0,Silver
244599,38,85.45,3.64,0,0.0,46.71,65.79,15.79,4.56,False,False,True,True,False,False,False,False,25.0,Retraining
244600,57,90.0,0.0,0,0.0,38.34,33.33,8.77,4.73,True,True,True,True,True,True,True,True,100.0,Gold
244601,37,79.25,1.89,0,0.0,57.24,37.84,8.11,4.61,False,True,True,True,False,True,True,False,55.0,Retraining
244602,34,83.64,5.45,0,2.17,47.14,41.18,8.82,4.59,False,False,True,False,False,False,True,False,20.0,Retraining
244603,49,63.75,0.0,0,0.0,52.82,22.45,14.29,4.77,False,True,True,True,False,True,True,True,70.0,Silver
244604,41,76.27,0.0,0,0.0,55.75,31.71,0.0,4.67,False,True,True,True,False,True,True,False,55.0,Retraining
244605,56,82.72,2.47,0,1.49,52.51,41.07,5.36,4.59,False,False,True,False,False,False,True,False,20.0,Retraining
244606,16,77.78,0.0,0,0.0,42.76,12.5,12.5,5.0,False,True,True,True,True,True,True,True,85.0,Gold
244607,13,92.86,0.0,0,0.0,55.12,23.08,23.08,4.83,True,True,True,True,False,True,False,True,80.0,Silver
244608,53,85.33,0.0,0,0.0,65.02,30.19,32.08,4.45,False,True,True,True,False,True,False,False,50.0,Retraining
244609,9,100.0,0.0,0,0.0,29.63,22.22,22.22,5.0,True,True,True,True,True,True,False,True,95.0,Gold
244610,39,97.87,0.0,0,0.0,49.63,56.41,10.26,4.78,True,True,True,True,False,False,True,True,75.0,Silver
244611,34,95.0,0.0,0,0.0,43.73,58.82,14.71,4.78,True,True,True,True,True,False,True,True,90.0,Gold
244612,15,100.0,5.56,0,0.0,69.46,33.33,40.0,5.0,True,False,True,True,False,True,False,True,65.0,Retraining
244613,18,100.0,0.0,0,0.0,44.07,44.44,22.22,4.93,True,True,True,True,True,False,False,True,85.0,Gold
244614,38,85.96,10.53,0,0.0,48.18,52.63,5.26,4.57,False,False,True,True,False,False,True,False,30.0,Retraining
244615,13,34.0,0.0,0,0.0,79.39,23.08,23.08,5.0,False,True,True,True,False,True,False,True,65.0,Retraining
244616,45,79.22,0.0,0,4.92,57.36,24.44,17.78,4.66,False,True,True,False,False,True,False,False,40.0,Retraining
244617,7,100.0,0.0,0,11.11,67.5,28.57,14.29,5.0,True,True,True,False,False,True,True,True,75.0,Silver
244618,12,92.31,0.0,0,0.0,52.79,41.67,8.33,4.83,True,True,True,True,False,False,True,True,75.0,Silver
244619,4,100.0,20.0,0,0.0,84.16,50.0,0.0,5.0,True,False,True,True,False,False,True,True,60.0,Retraining
244620,37,50.63,0.0,0,0.0,52.81,2.7,18.92,4.83,False,True,True,True,False,True,False,True,65.0,Retraining
244621,58,96.47,2.35,1,0.0,55.13,13.79,6.9,4.18,True,False,True,True,False,True,True,False,55.0,Retraining
244622,51,55.66,0.94,0,0.0,53.91,45.1,13.73,4.75,False,True,True,True,False,False,True,True,60.0,Retraining
244623,45,70.42,1.41,0,0.0,58.51,26.67,8.89,4.87,False,True,True,True,False,True,True,True,70.0,Silver
244624,8,80.0,0.0,0,0.0,70.62,37.5,50.0,5.0,False,True,True,True,False,True,False,True,65.0,Retraining
244625,13,85.71,0.0,0,11.11,51.23,30.77,30.77,5.0,False,True,True,False,False,True,False,True,55.0,Retraining
244626,15,89.47,0.0,0,0.0,68.14,80.0,0.0,4.73,False,True,True,True,False,False,True,True,60.0,Retraining
244627,21,58.49,0.0,0,0.0,42.98,28.57,9.52,4.91,False,True,True,True,True,True,True,True,85.0,Gold
244628,50,85.92,0.0,0,3.28,53.25,44.0,6.0,4.72,False,True,True,False,False,False,True,True,50.0,Retraining
244629,28,97.3,0.0,0,0.0,48.61,67.86,10.71,4.67,True,True,True,True,False,False,True,False,60.0,Retraining
244630,40,80.7,3.51,0,0.0,46.01,42.5,35.0,4.85,False,False,True,True,False,False,False,True,40.0,Retraining
244631,53,91.03,0.0,0,0.0,56.74,47.17,22.64,4.44,True,True,True,True,False,False,False,False,55.0,Retraining
244632,12,78.95,0.0,0,6.67,77.62,33.33,25.0,4.9,False,True,True,False,False,True,False,True,55.0,Retraining
244633,28,90.7,2.33,0,0.0,50.14,32.14,7.14,4.75,True,False,True,True,False,True,True,True,70.0,Silver
244634,11,23.64,0.0,0,7.69,87.85,45.45,9.09,4.38,False,True,True,False,False,False,True,False,35.0,Retraining
244635,3,100.0,0.0,0,0.0,73.33,33.33,33.33,5.0,True,True,True,True,False,True,False,True,80.0,Silver
244636,53,79.73,4.05,0,0.0,67.86,33.96,9.43,4.5,False,False,True,True,False,True,True,False,40.0,Retraining
244637,35,91.11,2.22,0,2.44,85.35,62.86,5.71,4.76,True,False,True,False,False,False,True,True,50.0,Retraining
244638,25,65.12,0.0,0,0.0,79.13,56.0,24.0,4.2,False,True,True,True,False,False,False,False,40.0,Retraining
244639,7,88.89,0.0,0,0.0,75.43,57.14,14.29,4.8,False,True,True,True,False,False,True,True,60.0,Retraining
244640,38,95.74,2.13,0,0.0,46.61,55.26,7.89,4.9,True,False,True,True,False,False,True,True,60.0,Retraining
244641,15,77.27,0.0,0,0.0,69.0,26.67,0.0,4.86,False,True,True,True,False,True,True,True,70.0,Silver
244642,38,97.96,2.04,0,4.17,53.53,34.21,26.32,4.71,True,False,True,False,False,True,False,True,55.0,Retraining
244643,31,89.74,5.13,0,0.0,52.29,61.29,25.81,4.56,False,False,True,True,False,False,False,False,25.0,Retraining
244644,22,100.0,0.0,0,0.0,48.31,50.0,22.73,4.78,True,True,True,True,False,False,False,True,70.0,Silver
244645,25,100.0,0.0,0,0.0,49.19,32.0,32.0,4.74,True,True,True,True,False,True,False,True,80.0,Silver
244646,5,100.0,0.0,0,0.0,34.69,20.0,20.0,5.0,True,True,True,True,True,True,False,True,95.0,Gold
244647,35,61.97,2.82,1,0.0,64.23,57.14,2.86,4.48,False,False,True,True,False,False,True,False,30.0,Retraining
244648,5,25.0,10.42,0,0.0,77.61,40.0,20.0,4.5,False,False,True,True,False,True,False,False,35.0,Retraining
244649,79,88.89,0.0,0,2.27,30.78,51.9,3.8,4.83,False,True,True,False,True,False,True,True,65.0,Retraining
244650,18,95.83,0.0,0,0.0,57.96,44.44,27.78,4.62,True,True,True,True,False,False,False,False,55.0,Retraining
244651,8,88.89,0.0,0,0.0,55.3,62.5,12.5,4.5,False,True,True,True,False,False,True,False,45.0,Retraining
244652,11,65.0,0.0,0,0.0,52.95,45.45,9.09,5.0,False,True,True,True,False,False,True,True,60.0,Retraining
244653,33,70.37,5.56,0,0.0,57.46,27.27,12.12,4.44,False,False,True,True,False,True,True,False,40.0,Retraining
244654,2,100.0,33.33,0,0.0,68.93,0.0,0.0,5.0,True,False,True,True,False,True,True,True,70.0,Silver
244655,8,75.0,0.0,0,0.0,61.13,50.0,25.0,5.0,False,True,True,True,False,False,False,True,55.0,Retraining
244656,46,87.04,0.0,0,0.0,47.44,41.3,10.87,4.57,False,True,True,True,False,False,True,False,45.0,Retraining
244657,3,100.0,0.0,0,0.0,41.16,66.67,0.0,5.0,True,True,True,True,True,False,True,True,90.0,Gold
244658,6,70.0,10.0,0,0.0,59.4,0.0,0.0,4.8,False,False,True,True,False,True,True,True,55.0,Retraining
244659,13,76.47,0.0,0,0.0,55.16,30.77,15.38,4.86,False,True,True,True,False,True,False,True,65.0,Retraining
244660,6,66.67,0.0,0,0.0,59.87,16.67,0.0,4.33,False,True,True,True,False,True,True,False,55.0,Retraining
244661,58,92.31,0.0,0,0.0,63.53,34.48,12.07,4.81,True,True,True,True,False,True,True,True,85.0,Gold
244662,28,91.67,2.78,0,0.0,62.2,35.71,17.86,4.71,True,False,True,True,False,True,False,True,65.0,Retraining
244663,20,100.0,0.0,0,0.0,43.37,70.0,10.0,5.0,True,True,True,True,True,False,True,True,90.0,Gold
244664,19,89.74,12.82,0,2.86,41.42,52.63,10.53,4.43,False,False,True,False,True,False,True,False,35.0,Retraining
244665,37,64.62,1.54,0,0.0,79.27,43.24,16.22,4.1,False,True,True,True,False,False,False,False,40.0,Retraining
244666,39,93.62,0.0,0,2.27,44.97,23.08,12.82,4.67,True,True,True,False,True,True,True,False,75.0,Silver
244667,40,82.0,0.0,0,0.0,46.35,32.5,10.0,4.74,False,True,True,True,False,True,True,True,70.0,Silver
244668,47,87.32,0.0,0,0.0,60.07,34.04,19.15,4.49,False,True,True,True,False,True,False,False,50.0,Retraining
244669,3,83.33,0.0,0,0.0,39.9,33.33,0.0,4.67,False,True,True,True,True,True,True,False,70.0,Silver
244670,40,84.91,0.0,0,0.0,48.95,60.0,7.5,4.83,False,True,True,True,False,False,True,True,60.0,Retraining
244671,2,18.18,0.0,0,0.0,51.88,0.0,0.0,5.0,False,True,True,True,False,True,True,True,70.0,Silver
244672,17,85.71,7.14,0,0.0,56.01,23.53,17.65,4.5,False,False,True,True,False,True,False,False,35.0,Retraining
244673,58,94.52,0.0,0,0.0,51.02,48.28,20.69,4.71,True,True,True,True,False,False,False,True,70.0,Silver
244674,43,87.72,0.0,0,2.0,59.41,44.19,20.93,4.73,False,True,True,False,False,False,False,True,45.0,Retraining
244675,8,88.89,0.0,0,0.0,21.12,12.5,0.0,5.0,False,True,True,True,True,True,True,True,85.0,Gold
244676,57,93.06,0.0,0,1.49,51.16,52.63,14.04,4.83,True,True,True,False,False,False,True,True,65.0,Retraining
244677,2,100.0,33.33,0,0.0,47.26,0.0,0.0,5.0,True,False,True,True,False,True,True,True,70.0,Silver
244678,2,100.0,0.0,0,0.0,129.24,50.0,0.0,,True,True,True,True,False,False,True,False,60.0,Retraining
244679,3,100.0,0.0,0,0.0,72.04,33.33,66.67,4.33,True,True,True,True,False,True,False,False,65.0,Retraining
244680,2,100.0,0.0,0,0.0,130.85,0.0,0.0,5.0,True,True,True,True,False,True,True,True,85.0,Gold
244681,34,80.77,0.0,0,0.0,76.17,29.41,20.59,4.42,False,True,True,True,False,True,False,False,50.0,Retraining
244682,43,98.04,0.0,0,0.0,60.9,62.79,13.95,4.5,True,True,True,True,False,False,True,False,60.0,Retraining
244683,2,100.0,0.0,0,0.0,118.28,100.0,100.0,3.0,True,True,True,True,False,False,False,False,55.0,Retraining
244684,46,87.5,3.13,0,0.0,63.03,67.39,17.39,4.66,False,False,True,True,False,False,False,False,25.0,Retraining
244685,36,95.24,0.0,0,0.0,65.49,41.67,19.44,4.84,True,True,True,True,False,False,False,True,70.0,Silver
244686,47,94.64,1.79,0,0.0,46.28,23.4,2.13,4.5,True,True,True,True,False,True,True,False,70.0,Silver
244687,93,93.81,0.0,0,0.94,43.83,46.24,9.68,4.66,True,True,True,True,True,False,True,False,75.0,Silver
244688,48,98.18,1.82,0,0.0,46.11,37.5,14.58,4.82,True,True,True,True,False,True,True,True,85.0,Gold
244689,39,97.67,2.33,0,0.0,41.88,58.97,10.26,4.78,True,False,True,True,True,False,True,True,75.0,Silver
244690,8,83.33,0.0,0,0.0,40.05,37.5,12.5,5.0,False,True,True,True,True,True,True,True,85.0,Gold
244691,34,100.0,0.0,0,0.0,46.13,52.94,8.82,4.67,True,True,True,True,False,False,True,False,60.0,Retraining
244692,72,96.59,0.0,0,0.0,50.15,33.33,9.72,4.67,True,True,True,True,False,True,True,False,70.0,Silver
244693,56,100.0,0.0,0,0.0,53.55,62.5,25.0,4.46,True,True,True,True,False,False,False,False,55.0,Retraining
244694,4,77.78,11.11,0,0.0,36.42,25.0,25.0,5.0,False,False,True,True,True,True,False,True,65.0,Retraining
244695,5,100.0,0.0,0,0.0,56.45,80.0,0.0,4.0,True,True,True,True,False,False,True,False,60.0,Retraining
244696,2,71.43,0.0,0,0.0,48.09,100.0,50.0,3.0,False,True,True,True,False,False,False,False,40.0,Retraining
244697,4,100.0,0.0,0,0.0,43.5,25.0,0.0,5.0,True,True,True,True,True,True,True,True,100.0,Gold
244698,18,83.33,0.0,0,0.0,40.3,16.67,38.89,4.67,False,True,True,True,True,True,False,False,65.0,Retraining
244699,40,77.97,3.39,0,0.0,48.92,42.5,25.0,4.64,False,False,True,True,False,False,False,False,25.0,Retraining
244700,41,74.29,0.0,0,1.92,59.09,31.71,19.51,4.19,False,True,True,False,False,True,False,False,40.0,Retraining
244701,53,84.62,0.0,0,0.0,56.31,28.3,5.66,4.68,False,True,True,True,False,True,True,False,55.0,Retraining
244702,50,100.0,0.0,0,0.0,44.61,32.0,4.0,4.77,True,True,True,True,True,True,True,True,100.0,Gold
244703,32,69.64,0.0,0,2.56,52.8,43.75,9.38,4.74,False,True,True,False,False,False,True,True,50.0,Retraining
244704,3,25.81,6.45,0,0.0,48.84,33.33,33.33,5.0,False,False,True,True,False,True,False,True,50.0,Retraining
244705,17,80.77,0.0,0,4.76,50.03,41.18,17.65,4.3,False,True,True,False,False,False,False,False,30.0,Retraining
244706,6,100.0,0.0,0,0.0,62.24,50.0,33.33,4.2,True,True,True,True,False,False,False,False,55.0,Retraining
244707,40,87.5,0.0,0,0.0,63.8,60.0,30.0,4.63,False,True,True,True,False,False,False,False,40.0,Retraining
244708,61,79.52,0.0,0,0.0,47.68,59.02,14.75,4.73,False,True,True,True,False,False,True,True,60.0,Retraining
244709,16,82.61,4.35,0,0.0,53.12,50.0,12.5,4.45,False,False,True,True,False,False,True,False,30.0,Retraining
244710,28,86.11,0.0,0,0.0,42.78,57.14,25.0,4.83,False,True,True,True,True,False,False,True,70.0,Silver
244711,5,100.0,0.0,0,0.0,62.14,20.0,40.0,4.67,True,True,True,True,False,True,False,False,65.0,Retraining
244712,42,75.81,0.0,0,2.13,62.32,26.19,14.29,4.95,False,True,True,False,False,True,True,True,60.0,Retraining
244713,3,36.36,9.09,0,0.0,26.41,0.0,0.0,5.0,False,False,True,True,True,True,True,True,70.0,Silver
244714,47,86.96,4.35,0,0.0,51.61,44.68,12.77,4.9,False,False,True,True,False,False,True,True,45.0,Retraining
244715,6,88.89,0.0,0,0.0,31.87,66.67,33.33,5.0,False,True,True,True,True,False,False,True,70.0,Silver
244716,7,100.0,0.0,0,0.0,54.35,42.86,0.0,5.0,True,True,True,True,False,False,True,True,75.0,Silver
244717,17,100.0,0.0,0,0.0,28.14,41.18,5.88,4.86,True,True,True,True,True,False,True,True,90.0,Gold
244718,3,72.73,9.09,0,0.0,85.33,0.0,33.33,5.0,False,False,True,True,False,True,False,True,50.0,Retraining
244719,58,95.52,0.0,0,0.0,55.74,44.83,6.9,4.92,True,True,True,True,False,False,True,True,75.0,Silver
244720,14,58.62,0.0,0,0.0,88.63,7.14,7.14,4.56,False,True,True,True,False,True,True,False,55.0,Retraining
244721,3,26.09,4.35,0,0.0,75.95,0.0,0.0,5.0,False,False,True,True,False,True,True,True,55.0,Retraining
244722,7,100.0,0.0,0,0.0,69.75,71.43,57.14,5.0,True,True,True,True,False,False,False,True,70.0,Silver
244723,40,95.56,0.0,0,0.0,50.97,37.5,0.0,4.5,True,True,True,True,False,True,True,False,70.0,Silver
244724,50,98.25,0.0,0,0.0,48.46,24.0,18.0,4.88,True,True,True,True,False,True,False,True,80.0,Silver
244725,16,94.44,0.0,0,0.0,63.33,25.0,0.0,4.43,True,True,True,True,False,True,True,False,70.0,Silver
244726,25,45.76,0.0,0,0.0,19.71,32.0,8.0,4.67,False,True,True,True,True,True,True,False,70.0,Silver
244727,27,100.0,0.0,0,0.0,62.75,40.74,3.7,4.87,True,True,True,True,False,False,True,True,75.0,Silver
244728,2,25.0,0.0,0,0.0,77.22,50.0,0.0,5.0,False,True,True,True,False,False,True,True,60.0,Retraining
244729,38,85.19,3.7,0,4.35,64.19,55.26,28.95,4.89,False,False,True,False,False,False,False,True,30.0,Retraining
244730,35,95.12,4.88,0,0.0,41.42,34.29,17.14,4.5,True,False,True,True,True,True,False,False,65.0,Retraining
244731,54,78.95,0.0,0,0.0,64.43,33.33,11.11,4.63,False,True,True,True,False,True,True,False,55.0,Retraining
244732,11,88.24,11.76,0,0.0,42.68,63.64,0.0,4.8,False,False,True,True,True,False,True,True,60.0,Retraining
244733,9,71.43,0.0,0,0.0,67.91,11.11,0.0,4.5,False,True,True,True,False,True,True,False,55.0,Retraining
244734,4,100.0,0.0,0,0.0,67.47,75.0,25.0,5.0,True,True,True,True,False,False,False,True,70.0,Silver
244735,10,64.71,5.88,0,0.0,76.8,40.0,40.0,5.0,False,False,True,True,False,True,False,True,50.0,Retraining
244736,35,76.79,0.0,0,0.0,41.58,28.57,25.71,4.65,False,True,True,True,True,True,False,False,65.0,Retraining
244737,22,93.1,0.0,0,0.0,66.02,54.55,40.91,4.6,True,True,True,True,False,False,False,False,55.0,Retraining
244738,5,100.0,0.0,0,0.0,71.92,60.0,40.0,4.0,True,True,True,True,False,False,False,False,55.0,Retraining
244739,26,41.77,1.27,0,3.03,69.45,26.92,26.92,4.5,False,True,True,False,False,True,False,False,40.0,Retraining
244740,3,100.0,0.0,0,0.0,60.22,66.67,0.0,4.5,True,True,True,True,False,False,True,False,60.0,Retraining
244741,51,93.33,0.0,0,0.0,63.74,13.73,1.96,4.56,True,True,True,True,False,True,True,False,70.0,Silver
244742,27,78.05,2.44,0,0.0,62.75,55.56,22.22,4.92,False,False,True,True,False,False,False,True,40.0,Retraining
244743,57,88.89,0.0,0,0.0,59.41,52.63,19.3,4.65,False,True,True,True,False,False,False,False,40.0,Retraining
244744,3,100.0,25.0,0,0.0,759.59,66.67,66.67,1.0,True,False,True,True,False,False,False,False,40.0,Retraining
244745,3,75.0,0.0,1,0.0,132.46,33.33,66.67,3.0,False,True,True,True,False,True,False,False,50.0,Retraining
244746,41,100.0,0.0,0,0.0,42.39,46.34,19.51,4.84,True,True,True,True,True,False,False,True,85.0,Gold
244747,39,58.33,2.38,0,4.08,59.3,41.03,15.38,4.52,False,False,True,False,False,False,False,False,15.0,Retraining
244748,2,100.0,0.0,0,0.0,64.7,0.0,0.0,5.0,True,True,True,True,False,True,True,True,85.0,Gold
244749,6,66.67,0.0,0,0.0,508.33,33.33,50.0,5.0,False,True,True,True,False,True,False,True,65.0,Retraining
244750,2,100.0,0.0,0,0.0,33.95,50.0,50.0,5.0,True,True,True,True,True,False,False,True,85.0,Gold
244751,18,76.67,0.0,0,0.0,52.7,44.44,5.56,4.63,False,True,True,True,False,False,True,False,45.0,Retraining
244752,21,100.0,0.0,0,0.0,55.59,52.38,4.76,4.56,True,True,True,True,False,False,True,False,60.0,Retraining
244753,21,96.0,0.0,0,0.0,54.6,19.05,0.0,4.69,True,True,True,True,False,True,True,False,70.0,Silver
244754,17,75.0,0.0,0,4.17,61.33,35.29,5.88,4.92,False,True,True,False,False,True,True,True,60.0,Retraining
244755,59,98.44,0.0,0,0.0,61.96,38.98,33.9,4.74,True,True,True,True,False,True,False,True,80.0,Silver
244756,4,83.33,0.0,0,0.0,48.99,0.0,25.0,5.0,False,True,True,True,False,True,False,True,65.0,Retraining
244757,9,73.33,6.67,0,9.09,57.44,11.11,33.33,3.67,False,False,True,False,False,True,False,False,25.0,Retraining
244758,19,100.0,0.0,0,0.0,46.95,36.84,5.26,4.62,True,True,True,True,False,True,True,False,70.0,Silver
244759,5,87.5,0.0,0,0.0,56.97,80.0,0.0,4.8,False,True,True,True,False,False,True,True,60.0,Retraining
244760,7,71.43,0.0,0,0.0,58.67,28.57,14.29,3.5,False,True,True,True,False,True,True,False,55.0,Retraining
244761,47,93.1,0.0,0,0.0,41.92,10.64,23.4,4.81,True,True,True,True,True,True,False,True,95.0,Gold
244762,45,92.59,0.0,0,0.0,44.34,53.33,13.33,4.67,True,True,True,True,True,False,True,False,75.0,Silver
244763,5,100.0,16.67,0,0.0,51.22,60.0,20.0,5.0,True,False,True,True,False,False,False,True,55.0,Retraining
244764,11,76.47,5.88,0,7.69,48.18,36.36,9.09,4.67,False,False,True,False,False,True,True,False,30.0,Retraining
244765,20,92.0,0.0,0,0.0,68.78,50.0,20.0,4.06,True,True,True,True,False,False,False,False,55.0,Retraining
244766,2,100.0,0.0,0,0.0,57.7,0.0,0.0,3.0,True,True,True,True,False,True,True,False,70.0,Silver
244767,4,100.0,20.0,0,0.0,61.71,50.0,50.0,5.0,True,False,True,True,False,False,False,True,55.0,Retraining
244768,6,85.71,0.0,0,0.0,59.23,33.33,50.0,5.0,False,True,True,True,False,True,False,True,65.0,Retraining
244769,43,98.0,0.0,0,0.0,48.24,20.93,16.28,4.41,True,True,True,True,False,True,False,False,65.0,Retraining
244770,20,92.0,0.0,0,0.0,56.42,45.0,25.0,4.86,True,True,True,True,False,False,False,True,70.0,Silver
244771,40,51.22,0.0,0,0.0,26.04,52.5,2.5,4.58,False,True,True,True,True,False,True,False,60.0,Retraining
244772,40,100.0,0.0,0,0.0,58.51,45.0,5.0,4.57,True,True,True,True,False,False,True,False,60.0,Retraining
244773,40,100.0,0.0,0,0.0,57.06,52.5,2.5,4.77,True,True,True,True,False,False,True,True,75.0,Silver
244774,76,94.38,0.0,0,2.38,28.36,43.42,14.47,4.61,True,True,True,False,True,False,True,False,65.0,Retraining
244775,30,97.5,0.0,0,0.0,40.91,53.33,26.67,4.83,True,True,True,True,True,False,False,True,85.0,Gold
244776,8,80.0,0.0,0,0.0,39.89,25.0,0.0,4.83,False,True,True,True,True,True,True,True,85.0,Gold
244777,6,100.0,0.0,0,0.0,56.41,66.67,16.67,5.0,True,True,True,True,False,False,False,True,70.0,Silver
244778,2,75.0,25.0,0,0.0,35.49,50.0,0.0,4.5,False,False,True,True,True,False,True,False,45.0,Retraining
244779,30,66.67,0.0,0,0.0,79.62,10.0,23.33,4.36,False,True,True,True,False,True,False,False,50.0,Retraining
244780,30,92.11,5.26,0,0.0,45.7,53.33,13.33,4.8,True,False,True,True,False,False,True,True,60.0,Retraining
244781,4,71.43,0.0,0,0.0,52.5,0.0,0.0,3.67,False,True,True,True,False,True,True,False,55.0,Retraining
244782,14,47.22,2.78,0,0.0,48.69,57.14,7.14,4.64,False,False,True,True,False,False,True,False,30.0,Retraining
244783,11,69.57,4.35,0,0.0,68.04,36.36,27.27,3.67,False,False,True,True,False,True,False,False,35.0,Retraining
244784,11,100.0,0.0,0,0.0,60.8,0.0,27.27,3.5,True,True,True,True,False,True,False,False,65.0,Retraining
244785,11,100.0,0.0,0,0.0,41.8,45.45,9.09,5.0,True,True,True,True,True,False,True,True,90.0,Gold
244786,6,88.89,11.11,0,0.0,51.13,83.33,66.67,5.0,False,False,True,True,False,False,False,True,40.0,Retraining
244787,25,100.0,0.0,0,0.0,50.94,36.0,12.0,5.0,True,True,True,True,False,True,True,True,85.0,Gold
244788,4,100.0,16.67,0,0.0,66.09,0.0,25.0,5.0,True,False,True,True,False,True,False,True,65.0,Retraining
244789,13,100.0,0.0,0,0.0,47.02,61.54,7.69,5.0,True,True,True,True,False,False,True,True,75.0,Silver
244790,36,90.57,5.66,0,0.0,47.62,30.56,13.89,4.37,True,False,True,True,False,True,True,False,55.0,Retraining
244791,24,81.82,3.03,0,0.0,47.34,62.5,37.5,4.4,False,False,True,True,False,False,False,False,25.0,Retraining
244792,3,100.0,0.0,0,0.0,41.21,66.67,0.0,5.0,True,True,True,True,True,False,True,True,90.0,Gold
244793,2,100.0,0.0,0,0.0,67.57,0.0,0.0,5.0,True,True,True,True,False,True,True,True,85.0,Gold
244794,25,87.88,3.03,0,3.45,48.38,8.0,0.0,5.0,False,False,True,False,False,True,True,True,45.0,Retraining
244795,4,62.5,0.0,0,0.0,30.85,75.0,0.0,3.75,False,True,True,True,True,False,True,False,60.0,Retraining
244796,5,69.23,7.69,0,22.22,76.84,40.0,20.0,3.6,False,False,True,False,False,True,False,False,25.0,Retraining
244797,8,100.0,0.0,0,0.0,54.55,62.5,50.0,4.8,True,True,True,True,False,False,False,True,70.0,Silver
244798,17,73.33,0.0,0,4.55,69.63,23.53,17.65,4.56,False,True,True,False,False,True,False,False,40.0,Retraining
244799,15,80.0,0.0,0,0.0,41.95,53.33,13.33,5.0,False,True,True,True,True,False,True,True,75.0,Silver
244800,9,90.0,0.0,0,0.0,179.32,22.22,22.22,3.4,True,True,True,True,False,True,False,False,65.0,Retraining
244801,3,100.0,0.0,0,0.0,56.93,33.33,33.33,5.0,True,True,True,True,False,True,False,True,80.0,Silver
244802,13,100.0,0.0,0,0.0,95.42,23.08,38.46,4.25,True,True,True,True,False,True,False,False,65.0,Retraining
244803,15,77.27,0.0,0,5.88,47.49,60.0,13.33,4.75,False,True,True,False,False,False,True,True,50.0,Retraining
244804,8,84.62,15.38,0,0.0,41.48,62.5,12.5,5.0,False,False,True,True,True,False,True,True,60.0,Retraining
244805,4,41.67,0.0,0,20.0,75.66,75.0,0.0,4.0,False,True,True,False,False,False,True,False,35.0,Retraining
244806,25,74.36,7.69,0,0.0,39.61,0.0,0.0,4.53,False,False,True,True,True,True,True,False,55.0,Retraining
244807,13,100.0,0.0,0,0.0,42.75,46.15,23.08,4.67,True,True,True,True,True,False,False,False,70.0,Silver
244808,10,41.38,3.45,0,0.0,112.29,30.0,20.0,4.0,False,False,True,True,False,True,False,False,35.0,Retraining
244809,10,100.0,16.67,0,0.0,31.83,70.0,30.0,4.5,True,False,True,True,True,False,False,False,55.0,Retraining
244810,11,92.31,0.0,0,0.0,44.78,18.18,27.27,4.88,True,True,True,True,True,True,False,True,95.0,Gold
244811,21,84.0,0.0,0,0.0,52.46,52.38,23.81,4.67,False,True,True,True,False,False,False,False,40.0,Retraining
244812,2,75.0,0.0,0,0.0,52.81,0.0,100.0,4.5,False,True,True,True,False,True,False,False,50.0,Retraining
244813,30,100.0,0.0,0,0.0,53.28,43.33,16.67,4.81,True,True,True,True,False,False,False,True,70.0,Silver
244814,22,88.89,0.0,0,0.0,32.79,54.55,0.0,4.73,False,True,True,True,True,False,True,True,75.0,Silver
244815,18,57.89,0.0,0,0.0,60.57,38.89,16.67,3.83,False,True,True,True,False,True,False,False,50.0,Retraining
244816,16,80.0,0.0,0,0.0,63.07,6.25,18.75,4.75,False,True,True,True,False,True,False,True,65.0,Retraining
244817,9,100.0,0.0,0,0.0,58.63,44.44,55.56,4.67,True,True,True,True,False,False,False,False,55.0,Retraining
244818,14,86.36,0.0,0,0.0,40.41,28.57,14.29,5.0,False,True,True,True,True,True,True,True,85.0,Gold
244819,9,58.82,0.0,0,0.0,74.53,0.0,55.56,5.0,False,True,True,True,False,True,False,True,65.0,Retraining
244820,22,84.85,6.06,0,0.0,64.76,50.0,4.55,4.83,False,False,True,True,False,False,True,True,45.0,Retraining
244821,31,94.74,0.0,0,0.0,48.18,48.39,16.13,4.79,True,True,True,True,False,False,False,True,70.0,Silver
244822,39,95.45,0.0,0,0.0,43.2,48.72,5.13,4.39,True,True,True,True,True,False,True,False,75.0,Silver
244823,37,100.0,0.0,0,2.63,55.05,67.57,0.0,4.4,True,True,True,False,False,False,True,False,50.0,Retraining
244824,6,100.0,0.0,0,0.0,48.88,16.67,0.0,5.0,True,True,True,True,False,True,True,True,85.0,Gold
244825,8,100.0,0.0,0,0.0,53.39,25.0,25.0,5.0,True,True,True,True,False,True,False,True,80.0,Silver
244826,14,94.74,0.0,0,0.0,51.45,35.71,7.14,4.6,True,True,True,True,False,True,True,False,70.0,Silver
244827,4,21.21,0.0,0,0.0,84.29,25.0,50.0,5.0,False,True,True,True,False,True,False,True,65.0,Retraining
244828,26,96.88,0.0,0,3.23,35.19,42.31,0.0,4.91,True,True,True,False,True,False,True,True,80.0,Silver
244829,14,88.24,5.88,0,0.0,52.73,14.29,35.71,5.0,False,False,True,True,False,True,False,True,50.0,Retraining
244830,29,91.43,2.86,0,0.0,61.97,41.38,24.14,5.0,True,False,True,True,False,False,False,True,55.0,Retraining
244831,14,90.91,0.0,0,0.0,40.04,57.14,21.43,4.83,True,True,True,True,True,False,False,True,85.0,Gold
244832,11,62.96,3.7,0,5.88,73.08,54.55,54.55,3.4,False,False,True,False,False,False,False,False,15.0,Retraining
244833,3,75.0,0.0,0,0.0,51.39,0.0,0.0,5.0,False,True,True,True,False,True,True,True,70.0,Silver
244834,27,100.0,0.0,0,3.23,27.69,37.04,0.0,4.79,True,True,True,False,True,True,True,True,90.0,Gold
244835,12,92.86,0.0,0,0.0,64.68,50.0,33.33,5.0,True,True,True,True,False,False,False,True,70.0,Silver
244836,2,100.0,0.0,0,0.0,69.7,50.0,0.0,5.0,True,True,True,True,False,False,True,True,75.0,Silver
244837,13,89.47,0.0,0,0.0,34.05,38.46,7.69,5.0,False,True,True,True,True,True,True,True,85.0,Gold
244838,11,100.0,0.0,0,0.0,40.86,36.36,0.0,5.0,True,True,True,True,True,True,True,True,100.0,Gold
244839,4,100.0,0.0,0,0.0,43.58,75.0,0.0,4.67,True,True,True,True,True,False,True,False,75.0,Silver
244840,26,88.24,5.88,0,0.0,59.17,34.62,11.54,4.91,False,False,True,True,False,True,True,True,55.0,Retraining
244841,21,100.0,0.0,0,0.0,38.2,42.86,14.29,4.86,True,True,True,True,True,False,True,True,90.0,Gold
244842,24,80.49,7.32,0,0.0,55.04,58.33,12.5,4.33,False,False,True,True,False,False,True,False,30.0,Retraining
244843,19,84.0,0.0,0,0.0,30.71,31.58,5.26,4.89,False,True,True,True,True,True,True,True,85.0,Gold
244844,15,80.95,4.76,0,0.0,76.76,66.67,26.67,3.83,False,False,True,True,False,False,False,False,25.0,Retraining
244845,9,100.0,0.0,0,0.0,78.24,66.67,33.33,5.0,True,True,True,True,False,False,False,True,70.0,Silver
244846,7,70.0,0.0,0,0.0,45.81,14.29,14.29,4.75,False,True,True,True,False,True,True,True,70.0,Silver
244847,6,85.71,0.0,0,0.0,76.14,0.0,0.0,5.0,False,True,True,True,False,True,True,True,70.0,Silver
244848,19,91.3,0.0,0,0.0,58.3,21.05,0.0,4.9,True,True,True,True,False,True,True,True,85.0,Gold
244849,17,100.0,0.0,0,0.0,45.6,47.06,5.88,4.83,True,True,True,True,False,False,True,True,75.0,Silver
244850,43,88.24,0.0,0,0.0,37.4,46.51,16.28,4.91,False,True,True,True,True,False,False,True,70.0,Silver
244851,7,100.0,12.5,0,0.0,54.63,57.14,14.29,5.0,True,False,True,True,False,False,True,True,60.0,Retraining
244852,2,100.0,0.0,0,0.0,65.26,0.0,0.0,4.0,True,True,True,True,False,True,True,False,70.0,Silver
244853,6,100.0,0.0,0,0.0,58.78,0.0,16.67,3.5,True,True,True,True,False,True,False,False,65.0,Retraining
244854,14,100.0,15.79,0,0.0,64.24,42.86,14.29,4.75,True,False,True,True,False,False,True,True,60.0,Retraining
244855,29,100.0,0.0,0,0.0,27.5,41.38,17.24,4.57,True,True,True,True,True,False,False,False,70.0,Silver
244856,5,77.78,0.0,0,0.0,79.08,40.0,0.0,5.0,False,True,True,True,False,True,True,True,70.0,Silver
244857,7,40.91,9.09,0,0.0,41.53,57.14,28.57,5.0,False,False,True,True,True,False,False,True,55.0,Retraining
244858,7,62.5,6.25,0,0.0,43.5,42.86,0.0,4.67,False,False,True,True,True,False,True,False,45.0,Retraining
244859,13,53.33,0.0,0,0.0,51.47,23.08,46.15,4.67,False,True,True,True,False,True,False,False,50.0,Retraining
244860,10,92.31,0.0,0,8.33,47.44,50.0,20.0,3.0,True,True,True,False,False,False,False,False,45.0,Retraining
244861,14,72.0,0.0,0,0.0,48.77,14.29,0.0,5.0,False,True,True,True,False,True,True,True,70.0,Silver
244862,26,96.55,0.0,0,0.0,49.31,7.69,7.69,4.92,True,True,True,True,False,True,True,True,85.0,Gold
244863,21,65.71,0.0,0,0.0,54.22,52.38,4.76,5.0,False,True,True,True,False,False,True,True,60.0,Retraining
244864,15,94.44,0.0,0,0.0,55.02,20.0,13.33,4.43,True,True,True,True,False,True,True,False,70.0,Silver
244865,14,82.35,0.0,0,0.0,46.45,7.14,7.14,4.83,False,True,True,True,False,True,True,True,70.0,Silver
244866,5,63.64,0.0,0,0.0,73.12,60.0,20.0,4.0,False,True,True,True,False,False,False,False,40.0,Retraining
244867,14,83.33,0.0,0,0.0,29.41,28.57,14.29,4.25,False,True,True,True,True,True,True,False,70.0,Silver
244868,3,100.0,0.0,0,0.0,62.12,66.67,33.33,5.0,True,True,True,True,False,False,False,True,70.0,Silver
244869,2,100.0,0.0,0,0.0,36.46,50.0,0.0,5.0,True,True,True,True,True,False,True,True,90.0,Gold
244870,14,45.24,0.0,0,0.0,51.7,57.14,14.29,4.17,False,True,True,True,False,False,True,False,45.0,Retraining
244871,22,70.59,0.0,0,4.17,50.4,31.82,9.09,3.5,False,True,True,False,False,True,True,False,45.0,Retraining
244872,13,94.44,0.0,0,0.0,67.81,23.08,15.38,4.0,True,True,True,True,False,True,False,False,65.0,Retraining
244873,13,93.33,0.0,0,0.0,73.01,23.08,23.08,4.67,True,True,True,True,False,True,False,False,65.0,Retraining
244874,9,91.67,0.0,0,0.0,31.16,44.44,0.0,5.0,True,True,True,True,True,False,True,True,90.0,Gold
244875,5,100.0,0.0,0,0.0,47.61,0.0,40.0,3.67,True,True,True,True,False,True,False,False,65.0,Retraining
244876,5,71.43,0.0,0,0.0,113.89,40.0,40.0,5.0,False,True,True,True,False,True,False,True,65.0,Retraining
244877,8,90.0,0.0,0,0.0,58.11,37.5,25.0,4.5,True,True,True,True,False,True,False,False,65.0,Retraining
244878,5,100.0,0.0,0,0.0,51.05,40.0,0.0,,True,True,True,True,False,True,True,False,70.0,Silver
244879,10,66.67,0.0,0,0.0,47.2,80.0,40.0,4.6,False,True,True,True,False,False,False,False,40.0,Retraining
244880,8,100.0,0.0,0,0.0,35.22,62.5,0.0,5.0,True,True,True,True,True,False,True,True,90.0,Gold
244881,18,86.96,0.0,0,0.0,34.72,61.11,22.22,4.45,False,True,True,True,True,False,False,False,55.0,Retraining
244882,5,37.5,0.0,0,0.0,37.68,40.0,0.0,4.0,False,True,True,True,True,True,True,False,70.0,Silver
244883,13,53.57,3.57,0,0.0,49.67,53.85,0.0,4.0,False,False,True,True,False,False,True,False,30.0,Retraining
244884,3,58.33,8.33,0,0.0,60.83,33.33,100.0,5.0,False,False,True,True,False,True,False,True,50.0,Retraining
244885,3,66.67,0.0,0,0.0,46.84,0.0,0.0,4.5,False,True,True,True,False,True,True,False,55.0,Retraining
244886,3,100.0,0.0,0,0.0,73.14,0.0,66.67,,True,True,True,True,False,True,False,False,65.0,Retraining
244887,5,100.0,0.0,0,0.0,46.01,40.0,0.0,,True,True,True,True,False,True,True,False,70.0,Silver
244888,4,71.43,0.0,0,0.0,57.92,0.0,25.0,,False,True,True,True,False,True,False,False,50.0,Retraining
