Partner ID,Week Start,Active_Days,Consistency Bonus,Month
233711,2019-04-01,2,0,2019-04
238310,2019-04-22,4,0,2019-04
238310,2019-04-29,1,0,2019-04
240387,2019-04-22,4,0,2019-04
240582,2018-12-31,5,10,2018-12
240582,2019-01-07,7,10,2019-01
240582,2019-01-14,7,10,2019-01
240582,2019-01-21,6,10,2019-01
240582,2019-01-28,2,0,2019-01
240673,2018-12-31,1,0,2018-12
240678,2018-12-31,1,0,2018-12
240711,2019-01-14,1,0,2019-01
240711,2019-01-21,1,0,2019-01
240711,2019-03-11,6,10,2019-03
240711,2019-03-18,1,0,2019-03
240711,2019-03-25,3,0,2019-03
240715,2018-12-31,2,0,2018-12
240715,2019-01-07,4,0,2019-01
240715,2019-03-11,1,0,2019-03
240743,2019-03-18,2,0,2019-03
240743,2019-04-15,4,0,2019-04
240743,2019-04-22,6,10,2019-04
240743,2019-04-29,2,0,2019-04
240748,2019-01-07,1,0,2019-01
241694,2019-03-11,1,0,2019-03
241694,2019-03-18,1,0,2019-03
241694,2019-03-25,4,0,2019-03
241694,2019-04-01,1,0,2019-04
242172,2019-01-28,6,10,2019-01
242172,2019-02-04,6,10,2019-02
242172,2019-02-11,3,0,2019-02
242172,2019-02-25,5,10,2019-02
242172,2019-03-04,1,0,2019-03
242172,2019-03-11,2,0,2019-03
242199,2019-01-21,1,0,2019-01
242199,2019-01-28,2,0,2019-01
242199,2019-02-04,2,0,2019-02
242199,2019-02-11,1,0,2019-02
242199,2019-02-18,3,0,2019-02
242199,2019-02-25,4,0,2019-02
242199,2019-03-04,1,0,2019-03
242199,2019-03-11,2,0,2019-03
242199,2019-03-25,2,0,2019-03
242199,2019-04-01,1,0,2019-04
242963,2018-12-31,1,0,2018-12
242963,2019-01-07,3,0,2019-01
242963,2019-01-21,5,10,2019-01
242963,2019-01-28,6,10,2019-01
242963,2019-02-04,7,10,2019-02
242963,2019-02-11,3,0,2019-02
243029,2019-01-07,1,0,2019-01
243186,2018-12-31,6,10,2018-12
243186,2019-01-07,7,10,2019-01
243186,2019-01-28,7,10,2019-01
243186,2019-02-04,1,0,2019-02
243186,2019-03-04,3,0,2019-03
243186,2019-03-11,7,10,2019-03
243186,2019-03-18,7,10,2019-03
243186,2019-03-25,4,0,2019-03
243186,2019-04-01,5,10,2019-04
243186,2019-04-08,1,0,2019-04
243220,2019-01-14,2,0,2019-01
243220,2019-01-21,4,0,2019-01
243220,2019-01-28,5,10,2019-01
243220,2019-02-04,4,0,2019-02
243220,2019-02-11,6,10,2019-02
243220,2019-02-18,7,10,2019-02
243220,2019-02-25,2,0,2019-02
243220,2019-03-11,3,0,2019-03
243220,2019-03-18,3,0,2019-03
243220,2019-03-25,3,0,2019-03
243220,2019-04-01,3,0,2019-04
243220,2019-04-08,3,0,2019-04
243220,2019-04-15,3,0,2019-04
243220,2019-04-22,4,0,2019-04
243246,2019-03-25,1,0,2019-03
243273,2018-12-31,6,10,2018-12
243273,2019-01-07,6,10,2019-01
243273,2019-01-14,2,0,2019-01
243273,2019-01-21,1,0,2019-01
243273,2019-02-04,7,10,2019-02
243273,2019-02-11,7,10,2019-02
243273,2019-02-18,7,10,2019-02
243273,2019-02-25,2,0,2019-02
243298,2018-12-31,5,10,2018-12
243298,2019-01-07,6,10,2019-01
243298,2019-01-14,6,10,2019-01
243298,2019-01-21,5,10,2019-01
243298,2019-01-28,5,10,2019-01
243298,2019-02-04,6,10,2019-02
243298,2019-02-11,7,10,2019-02
243298,2019-02-18,7,10,2019-02
243298,2019-02-25,1,0,2019-02
243312,2019-01-21,1,0,2019-01
243312,2019-01-28,3,0,2019-01
243312,2019-02-04,2,0,2019-02
243312,2019-02-11,1,0,2019-02
243312,2019-02-18,7,10,2019-02
243312,2019-02-25,2,0,2019-02
243312,2019-03-11,3,0,2019-03
243312,2019-03-18,3,0,2019-03
243312,2019-03-25,3,0,2019-03
243312,2019-04-01,3,0,2019-04
243312,2019-04-08,3,0,2019-04
243312,2019-04-15,3,0,2019-04
243312,2019-04-22,4,0,2019-04
243326,2018-12-31,6,10,2018-12
243326,2019-01-07,7,10,2019-01
243326,2019-01-14,7,10,2019-01
243326,2019-01-21,6,10,2019-01
243326,2019-01-28,1,0,2019-01
243326,2019-02-11,4,0,2019-02
243326,2019-02-18,4,0,2019-02
243326,2019-02-25,1,0,2019-02
243326,2019-03-04,2,0,2019-03
243326,2019-03-11,4,0,2019-03
243326,2019-03-18,4,0,2019-03
243326,2019-03-25,5,10,2019-03
243326,2019-04-01,3,0,2019-04
243351,2018-12-31,6,10,2018-12
243351,2019-01-07,7,10,2019-01
243351,2019-01-14,7,10,2019-01
243351,2019-01-21,6,10,2019-01
243351,2019-01-28,4,0,2019-01
243351,2019-02-04,4,0,2019-02
243351,2019-02-11,7,10,2019-02
243351,2019-02-18,6,10,2019-02
243351,2019-02-25,5,10,2019-02
243351,2019-03-04,6,10,2019-03
243351,2019-03-11,7,10,2019-03
243351,2019-03-18,5,10,2019-03
243351,2019-03-25,4,0,2019-03
243351,2019-04-01,6,10,2019-04
243351,2019-04-08,5,10,2019-04
243351,2019-04-15,6,10,2019-04
243351,2019-04-22,6,10,2019-04
243456,2018-12-31,3,0,2018-12
243456,2019-01-14,1,0,2019-01
243456,2019-03-04,1,0,2019-03
243456,2019-04-22,2,0,2019-04
243456,2019-04-29,2,0,2019-04
244486,2019-04-15,4,0,2019-04
244486,2019-04-22,6,10,2019-04
244713,2019-01-07,2,0,2019-01
244713,2019-01-14,1,0,2019-01
244713,2019-01-28,4,0,2019-01
244713,2019-02-04,7,10,2019-02
244713,2019-02-11,2,0,2019-02
244713,2019-02-18,3,0,2019-02
244713,2019-02-25,5,10,2019-02
244713,2019-03-04,4,0,2019-03
244713,2019-03-11,4,0,2019-03
244713,2019-03-18,4,0,2019-03
244713,2019-03-25,6,10,2019-03
244713,2019-04-01,5,10,2019-04
244713,2019-04-08,1,0,2019-04
244713,2019-04-15,3,0,2019-04
244713,2019-04-22,6,10,2019-04
244727,2019-02-04,6,10,2019-02
244727,2019-02-11,4,0,2019-02
244727,2019-02-18,7,10,2019-02
244727,2019-02-25,6,10,2019-02
244727,2019-03-04,2,0,2019-03
244807,2019-03-11,3,0,2019-03
244807,2019-03-18,2,0,2019-03
244807,2019-03-25,3,0,2019-03
244820,2018-12-31,3,0,2018-12
244820,2019-01-07,6,10,2019-01
244820,2019-01-14,6,10,2019-01
244820,2019-01-21,6,10,2019-01
244820,2019-01-28,7,10,2019-01
244820,2019-02-04,5,10,2019-02
244820,2019-02-11,7,10,2019-02
244820,2019-02-18,7,10,2019-02
244820,2019-02-25,7,10,2019-02
244820,2019-03-04,6,10,2019-03
244820,2019-03-11,7,10,2019-03
244820,2019-03-18,2,0,2019-03
244820,2019-03-25,6,10,2019-03
244820,2019-04-01,7,10,2019-04
244820,2019-04-08,6,10,2019-04
244820,2019-04-15,6,10,2019-04
244820,2019-04-22,6,10,2019-04
244820,2019-04-29,2,0,2019-04
244856,2018-12-31,2,0,2018-12
244856,2019-01-07,6,10,2019-01
244856,2019-01-14,1,0,2019-01
244856,2019-01-28,2,0,2019-01
244856,2019-02-04,5,10,2019-02
244856,2019-02-11,5,10,2019-02
244856,2019-02-18,7,10,2019-02
244856,2019-02-25,1,0,2019-02
244856,2019-03-25,4,0,2019-03
244856,2019-04-01,7,10,2019-04
244856,2019-04-08,6,10,2019-04
244856,2019-04-15,4,0,2019-04
244875,2018-12-31,4,0,2018-12
244875,2019-04-01,2,0,2019-04
244875,2019-04-15,1,0,2019-04
244968,2019-01-28,1,0,2019-01
244968,2019-02-11,2,0,2019-02
244968,2019-02-25,1,0,2019-02
244968,2019-03-11,2,0,2019-03
244968,2019-03-18,3,0,2019-03
244968,2019-03-25,5,10,2019-03
244968,2019-04-01,4,0,2019-04
244980,2018-12-31,6,10,2018-12
244980,2019-01-07,1,0,2019-01
244980,2019-01-14,7,10,2019-01
244980,2019-01-21,5,10,2019-01
244980,2019-01-28,1,0,2019-01
244980,2019-02-04,7,10,2019-02
244980,2019-02-11,6,10,2019-02
244980,2019-02-18,2,0,2019-02
244980,2019-02-25,7,10,2019-02
244980,2019-03-04,2,0,2019-03
244980,2019-03-11,7,10,2019-03
244980,2019-03-18,7,10,2019-03
244980,2019-03-25,1,0,2019-03
244980,2019-04-01,7,10,2019-04
244980,2019-04-08,5,10,2019-04
244980,2019-04-15,2,0,2019-04
244980,2019-04-22,7,10,2019-04
244980,2019-04-29,2,0,2019-04
247074,2018-12-31,1,0,2018-12
247074,2019-01-07,4,0,2019-01
247074,2019-01-28,4,0,2019-01
247074,2019-02-11,4,0,2019-02
247074,2019-02-18,4,0,2019-02
247074,2019-02-25,6,10,2019-02
247074,2019-03-04,7,10,2019-03
247074,2019-03-11,6,10,2019-03
247074,2019-03-18,5,10,2019-03
247074,2019-03-25,6,10,2019-03
247074,2019-04-01,3,0,2019-04
247074,2019-04-08,7,10,2019-04
247074,2019-04-15,3,0,2019-04
247074,2019-04-22,7,10,2019-04
247074,2019-04-29,2,0,2019-04
247139,2019-02-25,4,0,2019-02
247139,2019-03-04,6,10,2019-03
247139,2019-03-11,3,0,2019-03
247139,2019-03-18,2,0,2019-03
247139,2019-03-25,5,10,2019-03
247139,2019-04-01,4,0,2019-04
247209,2019-02-25,5,10,2019-02
247209,2019-03-04,1,0,2019-03
247260,2019-02-25,4,0,2019-02
247260,2019-03-04,5,10,2019-03
247260,2019-03-11,6,10,2019-03
247260,2019-03-18,6,10,2019-03
247260,2019-03-25,5,10,2019-03
247260,2019-04-01,6,10,2019-04
247260,2019-04-08,6,10,2019-04
247260,2019-04-15,5,10,2019-04
247260,2019-04-22,5,10,2019-04
247260,2019-04-29,2,0,2019-04
247308,2019-02-04,7,10,2019-02
247308,2019-02-11,6,10,2019-02
247316,2019-01-14,4,0,2019-01
247316,2019-01-21,5,10,2019-01
247430,2019-02-11,1,0,2019-02
247430,2019-02-18,7,10,2019-02
247430,2019-02-25,7,10,2019-02
247430,2019-03-04,3,0,2019-03
247430,2019-03-11,6,10,2019-03
247430,2019-03-18,7,10,2019-03
247430,2019-03-25,2,0,2019-03
247495,2018-12-31,5,10,2018-12
247495,2019-01-07,7,10,2019-01
247495,2019-01-14,6,10,2019-01
247495,2019-01-21,2,0,2019-01
247495,2019-01-28,7,10,2019-01
247495,2019-02-04,7,10,2019-02
247495,2019-02-11,6,10,2019-02
247495,2019-02-18,4,0,2019-02
247495,2019-02-25,5,10,2019-02
247495,2019-03-04,5,10,2019-03
247495,2019-03-11,1,0,2019-03
247495,2019-03-18,4,0,2019-03
247495,2019-03-25,6,10,2019-03
247495,2019-04-01,6,10,2019-04
247495,2019-04-08,6,10,2019-04
247495,2019-04-15,7,10,2019-04
247495,2019-04-22,4,0,2019-04
247495,2019-04-29,2,0,2019-04
248823,2018-12-31,5,10,2018-12
248823,2019-01-07,6,10,2019-01
248823,2019-01-14,6,10,2019-01
248823,2019-01-21,4,0,2019-01
248823,2019-02-11,2,0,2019-02
248823,2019-02-25,2,0,2019-02
248916,2019-01-07,5,10,2019-01
248916,2019-01-14,3,0,2019-01
248916,2019-01-21,7,10,2019-01
248916,2019-01-28,5,10,2019-01
248916,2019-02-04,1,0,2019-02
248974,2018-12-31,5,10,2018-12
248974,2019-01-07,6,10,2019-01
248974,2019-01-14,7,10,2019-01
248974,2019-01-21,7,10,2019-01
248974,2019-01-28,6,10,2019-01
248974,2019-02-04,7,10,2019-02
248974,2019-02-11,6,10,2019-02
248974,2019-02-18,7,10,2019-02
248974,2019-02-25,6,10,2019-02
248974,2019-03-04,6,10,2019-03
248974,2019-03-11,3,0,2019-03
248974,2019-04-01,3,0,2019-04
248974,2019-04-08,6,10,2019-04
248974,2019-04-15,5,10,2019-04
248974,2019-04-22,7,10,2019-04
248974,2019-04-29,1,0,2019-04
249013,2018-12-31,5,10,2018-12
249013,2019-01-07,6,10,2019-01
249013,2019-02-04,2,0,2019-02
249013,2019-03-04,5,10,2019-03
249013,2019-03-11,6,10,2019-03
249013,2019-03-18,4,0,2019-03
249013,2019-03-25,7,10,2019-03
249013,2019-04-15,6,10,2019-04
249013,2019-04-22,5,10,2019-04
249013,2019-04-29,2,0,2019-04
249019,2018-12-31,1,0,2018-12
249019,2019-01-07,3,0,2019-01
249019,2019-01-14,3,0,2019-01
249019,2019-02-11,1,0,2019-02
249019,2019-02-18,1,0,2019-02
249019,2019-03-04,1,0,2019-03
249019,2019-03-18,2,0,2019-03
249019,2019-04-01,1,0,2019-04
249019,2019-04-08,5,10,2019-04
249019,2019-04-15,5,10,2019-04
249019,2019-04-22,4,0,2019-04
249019,2019-04-29,1,0,2019-04
249057,2019-01-14,4,0,2019-01
249057,2019-01-21,7,10,2019-01
249057,2019-01-28,7,10,2019-01
249057,2019-02-04,2,0,2019-02
249057,2019-03-11,1,0,2019-03
249057,2019-03-25,3,0,2019-03
249057,2019-04-01,1,0,2019-04
250343,2018-12-31,1,0,2018-12
250484,2018-12-31,2,0,2018-12
250484,2019-01-14,1,0,2019-01
250484,2019-02-04,2,0,2019-02
250484,2019-02-11,3,0,2019-02
250484,2019-02-18,4,0,2019-02
250484,2019-02-25,5,10,2019-02
250484,2019-03-04,7,10,2019-03
250484,2019-03-11,7,10,2019-03
250484,2019-03-18,1,0,2019-03
250484,2019-03-25,6,10,2019-03
250484,2019-04-01,5,10,2019-04
250484,2019-04-08,6,10,2019-04
250484,2019-04-15,7,10,2019-04
250484,2019-04-22,6,10,2019-04
250484,2019-04-29,2,0,2019-04
250530,2018-12-31,1,0,2018-12
250530,2019-01-07,5,10,2019-01
250530,2019-01-14,3,0,2019-01
250530,2019-01-21,2,0,2019-01
250530,2019-03-11,1,0,2019-03
250530,2019-03-18,6,10,2019-03
250530,2019-03-25,7,10,2019-03
250530,2019-04-01,6,10,2019-04
250530,2019-04-08,6,10,2019-04
250530,2019-04-15,6,10,2019-04
250530,2019-04-22,5,10,2019-04
250530,2019-04-29,1,0,2019-04
250531,2018-12-31,5,10,2018-12
250531,2019-01-07,5,10,2019-01
250531,2019-01-28,2,0,2019-01
251916,2018-12-31,4,0,2018-12
251916,2019-01-07,5,10,2019-01
251916,2019-02-04,5,10,2019-02
251916,2019-02-11,7,10,2019-02
251916,2019-02-18,6,10,2019-02
251916,2019-02-25,6,10,2019-02
251916,2019-03-04,7,10,2019-03
251916,2019-03-11,6,10,2019-03
251916,2019-03-18,6,10,2019-03
251916,2019-03-25,3,0,2019-03
251916,2019-04-01,6,10,2019-04
251916,2019-04-08,5,10,2019-04
251916,2019-04-15,7,10,2019-04
251916,2019-04-22,7,10,2019-04
251916,2019-04-29,1,0,2019-04
251925,2018-12-31,4,0,2018-12
251925,2019-01-07,7,10,2019-01
251925,2019-01-14,5,10,2019-01
252024,2018-12-31,6,10,2018-12
252024,2019-01-07,5,10,2019-01
252024,2019-01-14,7,10,2019-01
252024,2019-01-21,2,0,2019-01
253386,2018-12-31,6,10,2018-12
253386,2019-01-07,7,10,2019-01
253386,2019-01-14,5,10,2019-01
253386,2019-01-21,7,10,2019-01
253386,2019-01-28,7,10,2019-01
253386,2019-02-04,7,10,2019-02
253386,2019-02-11,7,10,2019-02
253386,2019-02-18,7,10,2019-02
253386,2019-02-25,7,10,2019-02
253386,2019-03-04,7,10,2019-03
253386,2019-03-11,3,0,2019-03
253386,2019-03-25,5,10,2019-03
253386,2019-04-01,7,10,2019-04
253386,2019-04-08,7,10,2019-04
253386,2019-04-15,6,10,2019-04
253386,2019-04-22,7,10,2019-04
253386,2019-04-29,2,0,2019-04
253412,2018-12-31,6,10,2018-12
253412,2019-01-07,6,10,2019-01
253412,2019-01-14,6,10,2019-01
253412,2019-01-21,2,0,2019-01
258065,2019-02-11,1,0,2019-02
261480,2018-12-31,3,0,2018-12
261480,2019-01-07,6,10,2019-01
261480,2019-01-14,7,10,2019-01
261480,2019-01-21,5,10,2019-01
261480,2019-01-28,2,0,2019-01
261480,2019-02-04,7,10,2019-02
261480,2019-02-11,6,10,2019-02
261480,2019-02-18,7,10,2019-02
261480,2019-02-25,6,10,2019-02
261480,2019-03-11,6,10,2019-03
261480,2019-03-18,3,0,2019-03
261480,2019-03-25,2,0,2019-03
261480,2019-04-01,7,10,2019-04
261480,2019-04-08,7,10,2019-04
261480,2019-04-15,4,0,2019-04
261480,2019-04-22,7,10,2019-04
261480,2019-04-29,1,0,2019-04
261685,2019-02-04,1,0,2019-02
261779,2018-12-31,4,0,2018-12
261779,2019-01-07,6,10,2019-01
261779,2019-01-14,6,10,2019-01
261779,2019-01-28,4,0,2019-01
261779,2019-02-04,4,0,2019-02
261779,2019-02-25,2,0,2019-02
261779,2019-03-11,6,10,2019-03
261779,2019-03-18,3,0,2019-03
261779,2019-03-25,5,10,2019-03
261779,2019-04-01,6,10,2019-04
261779,2019-04-08,2,0,2019-04
261779,2019-04-15,7,10,2019-04
261779,2019-04-22,5,10,2019-04
261816,2019-01-28,1,0,2019-01
261816,2019-02-04,4,0,2019-02
261816,2019-02-11,7,10,2019-02
261816,2019-02-18,6,10,2019-02
261839,2018-12-31,3,0,2018-12
261839,2019-03-04,2,0,2019-03
261839,2019-04-15,2,0,2019-04
261839,2019-04-22,2,0,2019-04
261839,2019-04-29,2,0,2019-04
261874,2019-02-04,4,0,2019-02
261874,2019-02-11,5,10,2019-02
261874,2019-02-18,6,10,2019-02
261874,2019-02-25,1,0,2019-02
262734,2019-01-14,1,0,2019-01
262968,2018-12-31,5,10,2018-12
262968,2019-01-07,6,10,2019-01
262968,2019-01-14,7,10,2019-01
262968,2019-01-21,6,10,2019-01
262968,2019-01-28,1,0,2019-01
263187,2018-12-31,6,10,2018-12
263187,2019-01-07,7,10,2019-01
263187,2019-01-14,1,0,2019-01
263187,2019-01-28,5,10,2019-01
263187,2019-02-04,3,0,2019-02
263187,2019-02-11,1,0,2019-02
263187,2019-02-18,3,0,2019-02
263999,2018-12-31,4,0,2018-12
263999,2019-01-07,4,0,2019-01
263999,2019-01-14,6,10,2019-01
263999,2019-01-21,4,0,2019-01
263999,2019-01-28,4,0,2019-01
263999,2019-02-04,4,0,2019-02
263999,2019-02-11,7,10,2019-02
263999,2019-02-18,6,10,2019-02
263999,2019-02-25,4,0,2019-02
263999,2019-03-04,2,0,2019-03
263999,2019-03-11,7,10,2019-03
263999,2019-03-18,5,10,2019-03
263999,2019-03-25,6,10,2019-03
263999,2019-04-01,3,0,2019-04
264007,2019-02-18,1,0,2019-02
264007,2019-04-29,1,0,2019-04
264054,2018-12-31,3,0,2018-12
264054,2019-01-07,3,0,2019-01
264054,2019-01-14,2,0,2019-01
264054,2019-01-21,2,0,2019-01
264054,2019-01-28,3,0,2019-01
264054,2019-02-04,4,0,2019-02
264054,2019-02-11,3,0,2019-02
264054,2019-02-18,7,10,2019-02
264054,2019-02-25,5,10,2019-02
264054,2019-03-04,3,0,2019-03
264054,2019-03-11,3,0,2019-03
264054,2019-03-18,2,0,2019-03
264054,2019-03-25,2,0,2019-03
264054,2019-04-01,3,0,2019-04
264054,2019-04-08,7,10,2019-04
264054,2019-04-15,4,0,2019-04
264054,2019-04-22,7,10,2019-04
264134,2018-12-31,2,0,2018-12
264164,2019-01-14,2,0,2019-01
264171,2019-01-07,2,0,2019-01
264171,2019-01-14,6,10,2019-01
264171,2019-01-21,4,0,2019-01
264171,2019-01-28,1,0,2019-01
264171,2019-02-11,4,0,2019-02
264171,2019-02-18,4,0,2019-02
264171,2019-02-25,5,10,2019-02
264171,2019-03-04,3,0,2019-03
264171,2019-03-11,6,10,2019-03
264171,2019-03-18,4,0,2019-03
264171,2019-03-25,5,10,2019-03
264171,2019-04-01,2,0,2019-04
264171,2019-04-08,4,0,2019-04
264171,2019-04-15,3,0,2019-04
264171,2019-04-22,4,0,2019-04
264171,2019-04-29,2,0,2019-04
264293,2019-01-28,7,10,2019-01
264293,2019-02-04,7,10,2019-02
264293,2019-02-11,6,10,2019-02
264293,2019-02-18,6,10,2019-02
264293,2019-02-25,7,10,2019-02
264293,2019-03-04,2,0,2019-03
264293,2019-03-11,2,0,2019-03
264293,2019-03-18,4,0,2019-03
264293,2019-03-25,3,0,2019-03
264293,2019-04-08,1,0,2019-04
264339,2019-01-07,5,10,2019-01
264339,2019-01-21,5,10,2019-01
264339,2019-01-28,7,10,2019-01
264339,2019-02-04,2,0,2019-02
264339,2019-02-11,6,10,2019-02
264339,2019-02-18,6,10,2019-02
264339,2019-02-25,6,10,2019-02
264339,2019-03-04,6,10,2019-03
264339,2019-03-11,6,10,2019-03
264339,2019-03-18,5,10,2019-03
264339,2019-03-25,6,10,2019-03
264339,2019-04-01,4,0,2019-04
264339,2019-04-08,2,0,2019-04
264339,2019-04-15,6,10,2019-04
264339,2019-04-22,6,10,2019-04
264339,2019-04-29,1,0,2019-04
264358,2019-01-21,1,0,2019-01
264358,2019-01-28,1,0,2019-01
264358,2019-02-04,1,0,2019-02
264358,2019-03-11,2,0,2019-03
264358,2019-03-18,1,0,2019-03
264358,2019-03-25,1,0,2019-03
265373,2018-12-31,2,0,2018-12
265373,2019-01-07,2,0,2019-01
265373,2019-01-14,5,10,2019-01
265373,2019-03-04,4,0,2019-03
265373,2019-03-11,2,0,2019-03
265373,2019-03-18,1,0,2019-03
265373,2019-03-25,1,0,2019-03
265373,2019-04-08,1,0,2019-04
265373,2019-04-15,5,10,2019-04
265373,2019-04-22,4,0,2019-04
265373,2019-04-29,1,0,2019-04
265426,2019-04-15,2,0,2019-04
265426,2019-04-22,1,0,2019-04
265426,2019-04-29,1,0,2019-04
267245,2019-04-15,1,0,2019-04
267245,2019-04-22,4,0,2019-04
269436,2019-01-14,2,0,2019-01
269607,2019-01-21,2,0,2019-01
269607,2019-01-28,3,0,2019-01
269607,2019-02-04,1,0,2019-02
269693,2018-12-31,4,0,2018-12
269693,2019-01-07,4,0,2019-01
269693,2019-01-14,5,10,2019-01
269693,2019-01-21,4,0,2019-01
269693,2019-01-28,4,0,2019-01
269693,2019-02-25,3,0,2019-02
269693,2019-03-04,1,0,2019-03
269693,2019-03-11,3,0,2019-03
269693,2019-03-18,3,0,2019-03
269693,2019-03-25,6,10,2019-03
269693,2019-04-01,1,0,2019-04
269693,2019-04-22,1,0,2019-04
269725,2018-12-31,5,10,2018-12
269725,2019-01-07,6,10,2019-01
269725,2019-01-14,7,10,2019-01
269725,2019-01-21,7,10,2019-01
269725,2019-01-28,7,10,2019-01
269725,2019-02-04,7,10,2019-02
269725,2019-02-11,7,10,2019-02
269725,2019-02-18,1,0,2019-02
269725,2019-02-25,7,10,2019-02
269725,2019-03-04,7,10,2019-03
269725,2019-03-11,7,10,2019-03
269725,2019-03-18,6,10,2019-03
269725,2019-03-25,6,10,2019-03
269725,2019-04-01,5,10,2019-04
269725,2019-04-08,7,10,2019-04
269725,2019-04-15,6,10,2019-04
269725,2019-04-22,7,10,2019-04
269725,2019-04-29,1,0,2019-04
274285,2019-01-07,1,0,2019-01
274285,2019-04-01,1,0,2019-04
274285,2019-04-15,1,0,2019-04
274490,2019-01-14,1,0,2019-01
274490,2019-01-21,5,10,2019-01
274490,2019-01-28,6,10,2019-01
274490,2019-02-04,4,0,2019-02
274490,2019-02-11,6,10,2019-02
274490,2019-02-18,5,10,2019-02
274490,2019-02-25,7,10,2019-02
274490,2019-03-04,2,0,2019-03
274490,2019-03-18,7,10,2019-03
274490,2019-03-25,7,10,2019-03
274490,2019-04-01,4,0,2019-04
274490,2019-04-22,2,0,2019-04
274490,2019-04-29,2,0,2019-04
274521,2018-12-31,5,10,2018-12
274521,2019-01-07,4,0,2019-01
274722,2018-12-31,1,0,2018-12
274722,2019-01-14,1,0,2019-01
274722,2019-03-11,2,0,2019-03
274722,2019-03-25,1,0,2019-03
274794,2019-01-07,2,0,2019-01
274794,2019-01-14,7,10,2019-01
274794,2019-01-21,7,10,2019-01
274794,2019-01-28,6,10,2019-01
296901,2019-03-04,6,10,2019-03
296901,2019-03-11,6,10,2019-03
296901,2019-03-18,6,10,2019-03
296901,2019-03-25,6,10,2019-03
296901,2019-04-01,1,0,2019-04
296901,2019-04-08,2,0,2019-04
296901,2019-04-15,6,10,2019-04
296901,2019-04-22,2,0,2019-04
297186,2019-01-07,2,0,2019-01
297186,2019-01-14,7,10,2019-01
297186,2019-01-21,6,10,2019-01
297186,2019-01-28,5,10,2019-01
297186,2019-02-04,5,10,2019-02
297186,2019-02-11,4,0,2019-02
297186,2019-02-18,5,10,2019-02
297186,2019-02-25,5,10,2019-02
297186,2019-03-04,7,10,2019-03
297186,2019-03-11,6,10,2019-03
297186,2019-03-18,1,0,2019-03
297186,2019-03-25,5,10,2019-03
297186,2019-04-01,4,0,2019-04
297186,2019-04-08,7,10,2019-04
297186,2019-04-15,4,0,2019-04
297186,2019-04-22,7,10,2019-04
297186,2019-04-29,1,0,2019-04
338447,2018-12-31,1,0,2018-12
338447,2019-01-07,3,0,2019-01
338447,2019-01-14,3,0,2019-01
338447,2019-01-21,5,10,2019-01
338447,2019-01-28,6,10,2019-01
338447,2019-02-04,3,0,2019-02
338447,2019-02-11,2,0,2019-02
338447,2019-03-04,6,10,2019-03
338447,2019-03-11,3,0,2019-03
338447,2019-03-18,4,0,2019-03
338447,2019-03-25,4,0,2019-03
338447,2019-04-01,3,0,2019-04
338447,2019-04-08,4,0,2019-04
338483,2019-01-21,1,0,2019-01
338483,2019-01-28,1,0,2019-01
338483,2019-02-04,1,0,2019-02
338547,2018-12-31,3,0,2018-12
338547,2019-01-07,6,10,2019-01
338547,2019-01-14,4,0,2019-01
338547,2019-01-21,4,0,2019-01
338547,2019-01-28,3,0,2019-01
338547,2019-02-04,5,10,2019-02
338547,2019-02-11,6,10,2019-02
338547,2019-02-18,7,10,2019-02
338547,2019-03-04,1,0,2019-03
338547,2019-03-11,5,10,2019-03
338547,2019-03-18,4,0,2019-03
338547,2019-03-25,5,10,2019-03
338547,2019-04-08,1,0,2019-04
338547,2019-04-22,1,0,2019-04
339004,2018-12-31,6,10,2018-12
339004,2019-01-07,6,10,2019-01
339004,2019-01-14,5,10,2019-01
341487,2019-01-14,6,10,2019-01
341487,2019-01-21,7,10,2019-01
341487,2019-01-28,6,10,2019-01
341487,2019-02-04,7,10,2019-02
341487,2019-02-11,6,10,2019-02
341487,2019-02-18,6,10,2019-02
341487,2019-02-25,7,10,2019-02
341487,2019-03-04,7,10,2019-03
341487,2019-03-11,6,10,2019-03
341487,2019-03-18,3,0,2019-03
341487,2019-03-25,7,10,2019-03
341487,2019-04-01,6,10,2019-04
341487,2019-04-08,7,10,2019-04
341487,2019-04-15,6,10,2019-04
341487,2019-04-22,4,0,2019-04
341487,2019-04-29,2,0,2019-04
341592,2019-01-28,3,0,2019-01
341592,2019-02-04,5,10,2019-02
342217,2018-12-31,1,0,2018-12
342217,2019-01-07,6,10,2019-01
342217,2019-01-14,5,10,2019-01
342217,2019-04-08,1,0,2019-04
342217,2019-04-22,2,0,2019-04
345233,2019-03-25,3,0,2019-03
345233,2019-04-01,6,10,2019-04
345233,2019-04-08,7,10,2019-04
345233,2019-04-15,3,0,2019-04
355403,2018-12-31,3,0,2018-12
355403,2019-01-07,6,10,2019-01
355403,2019-01-14,7,10,2019-01
355403,2019-01-21,5,10,2019-01
355403,2019-01-28,7,10,2019-01
355403,2019-02-04,7,10,2019-02
355403,2019-02-11,6,10,2019-02
355403,2019-02-18,7,10,2019-02
355403,2019-02-25,6,10,2019-02
355403,2019-03-04,5,10,2019-03
355403,2019-03-11,7,10,2019-03
355403,2019-03-18,5,10,2019-03
355403,2019-03-25,6,10,2019-03
355403,2019-04-01,7,10,2019-04
355403,2019-04-08,6,10,2019-04
355403,2019-04-15,6,10,2019-04
355403,2019-04-22,7,10,2019-04
355403,2019-04-29,2,0,2019-04
357725,2019-01-21,2,0,2019-01
357725,2019-01-28,5,10,2019-01
357725,2019-02-04,5,10,2019-02
357725,2019-02-11,3,0,2019-02
357725,2019-02-18,3,0,2019-02
357725,2019-02-25,3,0,2019-02
357725,2019-03-04,4,0,2019-03
357725,2019-03-11,4,0,2019-03
357725,2019-03-18,3,0,2019-03
357725,2019-03-25,3,0,2019-03
357725,2019-04-01,4,0,2019-04
357725,2019-04-08,4,0,2019-04
357725,2019-04-15,5,10,2019-04
357725,2019-04-22,3,0,2019-04
358184,2018-12-31,1,0,2018-12
358366,2019-04-08,5,10,2019-04
358366,2019-04-15,2,0,2019-04
358594,2018-12-31,6,10,2018-12
358594,2019-01-07,4,0,2019-01
358594,2019-01-14,4,0,2019-01
358594,2019-01-21,7,10,2019-01
358594,2019-01-28,4,0,2019-01
358594,2019-02-04,3,0,2019-02
358594,2019-02-11,7,10,2019-02
358594,2019-02-18,6,10,2019-02
358594,2019-02-25,7,10,2019-02
358594,2019-03-04,7,10,2019-03
358594,2019-03-11,3,0,2019-03
358594,2019-03-18,2,0,2019-03
358594,2019-03-25,7,10,2019-03
358594,2019-04-01,6,10,2019-04
358594,2019-04-08,7,10,2019-04
358594,2019-04-15,6,10,2019-04
358659,2019-01-07,2,0,2019-01
358659,2019-01-14,1,0,2019-01
358659,2019-02-04,1,0,2019-02
358659,2019-02-11,2,0,2019-02
358659,2019-02-25,4,0,2019-02
358659,2019-03-04,6,10,2019-03
358659,2019-03-11,7,10,2019-03
358659,2019-03-18,2,0,2019-03
358659,2019-03-25,5,10,2019-03
358659,2019-04-01,6,10,2019-04
358659,2019-04-08,6,10,2019-04
358659,2019-04-15,7,10,2019-04
358659,2019-04-22,7,10,2019-04
358659,2019-04-29,2,0,2019-04
358708,2019-01-07,4,0,2019-01
358708,2019-01-14,1,0,2019-01
358708,2019-03-11,5,10,2019-03
358708,2019-03-18,3,0,2019-03
358708,2019-03-25,7,10,2019-03
358708,2019-04-01,6,10,2019-04
358708,2019-04-08,6,10,2019-04
358708,2019-04-15,3,0,2019-04
358708,2019-04-22,1,0,2019-04
358740,2019-02-25,1,0,2019-02
358740,2019-03-04,5,10,2019-03
358740,2019-03-11,6,10,2019-03
358740,2019-03-18,1,0,2019-03
358740,2019-03-25,2,0,2019-03
419515,2019-01-14,6,10,2019-01
419515,2019-01-21,6,10,2019-01
419515,2019-01-28,5,10,2019-01
419515,2019-02-04,6,10,2019-02
419515,2019-02-11,5,10,2019-02
419515,2019-02-18,5,10,2019-02
419515,2019-02-25,6,10,2019-02
419515,2019-03-04,6,10,2019-03
419515,2019-03-11,6,10,2019-03
419515,2019-03-18,2,0,2019-03
419515,2019-03-25,6,10,2019-03
419515,2019-04-01,3,0,2019-04
419568,2018-12-31,6,10,2018-12
419568,2019-01-07,6,10,2019-01
419568,2019-01-14,7,10,2019-01
419568,2019-01-21,6,10,2019-01
419568,2019-01-28,7,10,2019-01
419568,2019-02-04,6,10,2019-02
419568,2019-02-11,7,10,2019-02
419568,2019-02-18,7,10,2019-02
419568,2019-02-25,6,10,2019-02
419568,2019-03-04,6,10,2019-03
419568,2019-03-11,6,10,2019-03
419568,2019-03-18,6,10,2019-03
419568,2019-03-25,1,0,2019-03
425022,2019-01-07,1,0,2019-01
425022,2019-02-25,1,0,2019-02
425022,2019-03-04,3,0,2019-03
425100,2019-01-07,2,0,2019-01
425100,2019-01-14,6,10,2019-01
425100,2019-01-21,4,0,2019-01
425100,2019-01-28,7,10,2019-01
425100,2019-02-04,6,10,2019-02
425100,2019-02-11,6,10,2019-02
425100,2019-02-25,6,10,2019-02
425100,2019-03-04,6,10,2019-03
425100,2019-03-11,6,10,2019-03
425100,2019-03-18,7,10,2019-03
425100,2019-03-25,3,0,2019-03
425100,2019-04-08,5,10,2019-04
425100,2019-04-15,5,10,2019-04
425100,2019-04-22,3,0,2019-04
425100,2019-04-29,1,0,2019-04
425691,2018-12-31,2,0,2018-12
425691,2019-01-14,1,0,2019-01
425691,2019-01-21,6,10,2019-01
425691,2019-01-28,5,10,2019-01
425691,2019-02-04,5,10,2019-02
425691,2019-02-11,7,10,2019-02
425691,2019-02-18,7,10,2019-02
425691,2019-02-25,2,0,2019-02
425905,2018-12-31,1,0,2018-12
425905,2019-02-04,1,0,2019-02
425905,2019-02-11,2,0,2019-02
425905,2019-02-18,7,10,2019-02
425905,2019-02-25,4,0,2019-02
425905,2019-03-04,2,0,2019-03
425905,2019-03-11,5,10,2019-03
425905,2019-03-18,5,10,2019-03
425905,2019-04-08,2,0,2019-04
425905,2019-04-29,1,0,2019-04
426292,2018-12-31,5,10,2018-12
426292,2019-01-07,5,10,2019-01
426292,2019-01-28,4,0,2019-01
426292,2019-02-04,5,10,2019-02
426292,2019-02-11,2,0,2019-02
426292,2019-02-18,4,0,2019-02
426292,2019-02-25,4,0,2019-02
426292,2019-03-04,7,10,2019-03
426292,2019-03-11,6,10,2019-03
426292,2019-03-18,6,10,2019-03
426292,2019-03-25,7,10,2019-03
426292,2019-04-01,6,10,2019-04
426292,2019-04-08,1,0,2019-04
460584,2018-12-31,5,10,2018-12
460584,2019-01-07,3,0,2019-01
460584,2019-01-14,7,10,2019-01
460584,2019-01-21,6,10,2019-01
460584,2019-01-28,7,10,2019-01
460584,2019-02-04,7,10,2019-02
460584,2019-02-11,6,10,2019-02
460584,2019-02-18,6,10,2019-02
460584,2019-02-25,7,10,2019-02
460584,2019-03-04,7,10,2019-03
460584,2019-03-11,7,10,2019-03
460584,2019-03-18,5,10,2019-03
460584,2019-03-25,7,10,2019-03
460584,2019-04-01,4,0,2019-04
460584,2019-04-08,3,0,2019-04
460584,2019-04-15,6,10,2019-04
460584,2019-04-22,2,0,2019-04
460584,2019-04-29,2,0,2019-04
468035,2019-01-07,2,0,2019-01
468035,2019-01-14,7,10,2019-01
468035,2019-01-21,7,10,2019-01
468035,2019-01-28,7,10,2019-01
468035,2019-02-04,6,10,2019-02
468035,2019-02-11,6,10,2019-02
468035,2019-02-18,5,10,2019-02
468035,2019-02-25,5,10,2019-02
468035,2019-03-04,6,10,2019-03
468035,2019-03-11,5,10,2019-03
468035,2019-03-18,6,10,2019-03
468035,2019-03-25,2,0,2019-03
498459,2018-12-31,1,0,2018-12
498459,2019-01-07,5,10,2019-01
498459,2019-01-14,3,0,2019-01
498616,2018-12-31,6,10,2018-12
498616,2019-01-07,1,0,2019-01
500323,2018-12-31,5,10,2018-12
500323,2019-01-07,7,10,2019-01
500323,2019-01-14,6,10,2019-01
500323,2019-02-25,4,0,2019-02
500323,2019-03-04,7,10,2019-03
500323,2019-03-11,7,10,2019-03
500323,2019-03-18,2,0,2019-03
500323,2019-03-25,7,10,2019-03
500323,2019-04-01,7,10,2019-04
500323,2019-04-08,7,10,2019-04
500323,2019-04-15,7,10,2019-04
500323,2019-04-22,7,10,2019-04
500323,2019-04-29,2,0,2019-04
513872,2018-12-31,6,10,2018-12
513872,2019-01-07,7,10,2019-01
513872,2019-01-14,6,10,2019-01
513872,2019-01-21,6,10,2019-01
513872,2019-02-25,4,0,2019-02
513872,2019-03-04,6,10,2019-03
513872,2019-03-11,6,10,2019-03
513872,2019-03-18,4,0,2019-03
513872,2019-03-25,6,10,2019-03
513872,2019-04-01,4,0,2019-04
513872,2019-04-08,6,10,2019-04
513872,2019-04-15,6,10,2019-04
513872,2019-04-22,4,0,2019-04
513872,2019-04-29,2,0,2019-04
514250,2018-12-31,6,10,2018-12
514250,2019-01-07,7,10,2019-01
514250,2019-01-14,7,10,2019-01
514250,2019-01-21,7,10,2019-01
514250,2019-01-28,7,10,2019-01
514250,2019-02-04,7,10,2019-02
514250,2019-02-11,5,10,2019-02
514250,2019-02-18,6,10,2019-02
514250,2019-02-25,7,10,2019-02
514250,2019-03-04,7,10,2019-03
514250,2019-03-11,5,10,2019-03
514250,2019-03-18,6,10,2019-03
514250,2019-03-25,7,10,2019-03
514250,2019-04-01,5,10,2019-04
514250,2019-04-22,4,0,2019-04
514250,2019-04-29,2,0,2019-04
514780,2019-01-28,3,0,2019-01
514780,2019-02-04,6,10,2019-02
514780,2019-02-11,7,10,2019-02
514780,2019-02-18,6,10,2019-02
514780,2019-02-25,5,10,2019-02
514780,2019-03-04,5,10,2019-03
514780,2019-03-11,6,10,2019-03
514780,2019-03-18,1,0,2019-03
514780,2019-04-08,2,0,2019-04
514780,2019-04-15,4,0,2019-04
514780,2019-04-22,3,0,2019-04
514964,2019-01-07,1,0,2019-01
514964,2019-01-14,1,0,2019-01
514964,2019-01-28,1,0,2019-01
514964,2019-02-11,2,0,2019-02
514964,2019-02-18,7,10,2019-02
514964,2019-02-25,4,0,2019-02
514964,2019-03-04,3,0,2019-03
514964,2019-03-11,5,10,2019-03
514964,2019-04-22,5,10,2019-04
514964,2019-04-29,2,0,2019-04
515970,2018-12-31,4,0,2018-12
515970,2019-01-07,6,10,2019-01
515970,2019-01-14,4,0,2019-01
515970,2019-01-21,6,10,2019-01
515970,2019-01-28,5,10,2019-01
515970,2019-02-04,6,10,2019-02
515970,2019-02-11,4,0,2019-02
515970,2019-02-18,4,0,2019-02
515970,2019-02-25,6,10,2019-02
515970,2019-03-04,5,10,2019-03
515970,2019-03-11,2,0,2019-03
515970,2019-03-25,6,10,2019-03
515970,2019-04-01,5,10,2019-04
515970,2019-04-08,7,10,2019-04
515970,2019-04-15,7,10,2019-04
515970,2019-04-22,5,10,2019-04
515970,2019-04-29,1,0,2019-04
516026,2019-01-14,3,0,2019-01
516026,2019-01-28,2,0,2019-01
516026,2019-02-04,1,0,2019-02
516237,2019-03-11,1,0,2019-03
516237,2019-03-18,2,0,2019-03
516237,2019-03-25,7,10,2019-03
516237,2019-04-01,3,0,2019-04
521537,2018-12-31,5,10,2018-12
521537,2019-01-07,6,10,2019-01
521537,2019-01-14,7,10,2019-01
521537,2019-01-21,7,10,2019-01
521537,2019-01-28,7,10,2019-01
521537,2019-02-04,7,10,2019-02
521537,2019-02-11,7,10,2019-02
521537,2019-02-18,7,10,2019-02
521537,2019-02-25,7,10,2019-02
521537,2019-03-04,7,10,2019-03
521537,2019-03-11,7,10,2019-03
521537,2019-03-18,3,0,2019-03
521537,2019-03-25,1,0,2019-03
521761,2018-12-31,6,10,2018-12
521761,2019-01-07,7,10,2019-01
521761,2019-01-14,7,10,2019-01
521761,2019-01-21,7,10,2019-01
521761,2019-01-28,7,10,2019-01
521761,2019-02-04,4,0,2019-02
522567,2018-12-31,2,0,2018-12
522567,2019-01-14,6,10,2019-01
522567,2019-01-28,5,10,2019-01
522567,2019-02-04,6,10,2019-02
522567,2019-02-11,4,0,2019-02
522567,2019-02-18,2,0,2019-02
522755,2019-03-04,2,0,2019-03
522755,2019-03-11,3,0,2019-03
522755,2019-03-18,2,0,2019-03
522949,2018-12-31,2,0,2018-12
522949,2019-01-21,1,0,2019-01
523499,2018-12-31,4,0,2018-12
523499,2019-01-07,7,10,2019-01
523499,2019-01-14,6,10,2019-01
523499,2019-01-21,4,0,2019-01
523499,2019-01-28,5,10,2019-01
523499,2019-02-04,5,10,2019-02
523499,2019-02-11,7,10,2019-02
523499,2019-02-18,7,10,2019-02
523499,2019-02-25,6,10,2019-02
523499,2019-03-04,3,0,2019-03
523499,2019-03-11,3,0,2019-03
523499,2019-03-18,6,10,2019-03
523499,2019-03-25,6,10,2019-03
523499,2019-04-01,7,10,2019-04
523499,2019-04-08,4,0,2019-04
523499,2019-04-22,6,10,2019-04
523499,2019-04-29,2,0,2019-04
523525,2019-01-07,4,0,2019-01
523525,2019-01-14,6,10,2019-01
523525,2019-01-21,6,10,2019-01
523525,2019-01-28,6,10,2019-01
523525,2019-02-04,4,0,2019-02
523525,2019-02-11,4,0,2019-02
523525,2019-02-18,5,10,2019-02
523525,2019-02-25,5,10,2019-02
523525,2019-03-04,2,0,2019-03
523525,2019-03-11,4,0,2019-03
523525,2019-03-18,3,0,2019-03
523525,2019-03-25,6,10,2019-03
523525,2019-04-01,6,10,2019-04
523525,2019-04-08,5,10,2019-04
523525,2019-04-15,6,10,2019-04
523525,2019-04-22,5,10,2019-04
523525,2019-04-29,1,0,2019-04
523635,2019-02-11,2,0,2019-02
523635,2019-02-18,1,0,2019-02
523677,2019-01-07,2,0,2019-01
523677,2019-01-14,5,10,2019-01
523677,2019-01-21,6,10,2019-01
523677,2019-01-28,3,0,2019-01
523677,2019-02-04,5,10,2019-02
523677,2019-02-11,5,10,2019-02
523677,2019-02-18,2,0,2019-02
523677,2019-02-25,4,0,2019-02
523677,2019-03-04,4,0,2019-03
523677,2019-03-11,2,0,2019-03
562301,2018-12-31,5,10,2018-12
562301,2019-01-07,5,10,2019-01
562301,2019-01-14,5,10,2019-01
562301,2019-01-21,3,0,2019-01
562301,2019-01-28,7,10,2019-01
562301,2019-02-04,6,10,2019-02
562301,2019-02-11,5,10,2019-02
562301,2019-02-18,2,0,2019-02
562301,2019-03-25,1,0,2019-03
562301,2019-04-01,6,10,2019-04
562301,2019-04-08,6,10,2019-04
562301,2019-04-15,6,10,2019-04
562301,2019-04-22,5,10,2019-04
562301,2019-04-29,1,0,2019-04
583958,2019-01-28,3,0,2019-01
583958,2019-02-04,7,10,2019-02
583958,2019-02-11,7,10,2019-02
583958,2019-02-18,7,10,2019-02
583958,2019-02-25,7,10,2019-02
583958,2019-03-04,7,10,2019-03
583958,2019-03-11,7,10,2019-03
583958,2019-03-18,2,0,2019-03
583958,2019-03-25,3,0,2019-03
583958,2019-04-01,7,10,2019-04
583958,2019-04-08,7,10,2019-04
583958,2019-04-15,7,10,2019-04
583958,2019-04-22,7,10,2019-04
583958,2019-04-29,2,0,2019-04
584947,2019-02-18,1,0,2019-02
585118,2018-12-31,4,0,2018-12
585118,2019-01-07,4,0,2019-01
585118,2019-01-14,4,0,2019-01
585118,2019-01-21,3,0,2019-01
585118,2019-01-28,4,0,2019-01
585118,2019-02-04,5,10,2019-02
585118,2019-02-11,2,0,2019-02
585118,2019-02-18,4,0,2019-02
585118,2019-02-25,4,0,2019-02
585118,2019-03-04,4,0,2019-03
585118,2019-03-11,4,0,2019-03
585118,2019-03-18,2,0,2019-03
585118,2019-03-25,3,0,2019-03
585118,2019-04-01,2,0,2019-04
585118,2019-04-08,4,0,2019-04
585118,2019-04-15,2,0,2019-04
585118,2019-04-22,5,10,2019-04
585118,2019-04-29,2,0,2019-04
585275,2018-12-31,6,10,2018-12
585275,2019-01-07,7,10,2019-01
585275,2019-01-14,7,10,2019-01
585275,2019-01-21,7,10,2019-01
585275,2019-01-28,7,10,2019-01
585275,2019-02-04,7,10,2019-02
585275,2019-02-11,7,10,2019-02
585275,2019-02-18,7,10,2019-02
585275,2019-02-25,7,10,2019-02
585275,2019-03-04,6,10,2019-03
585275,2019-03-18,4,0,2019-03
585275,2019-03-25,7,10,2019-03
585275,2019-04-01,7,10,2019-04
585275,2019-04-08,7,10,2019-04
585275,2019-04-15,7,10,2019-04
585275,2019-04-22,7,10,2019-04
585275,2019-04-29,2,0,2019-04
591487,2018-12-31,4,0,2018-12
591487,2019-01-07,7,10,2019-01
591487,2019-01-14,7,10,2019-01
591487,2019-01-21,6,10,2019-01
591487,2019-01-28,3,0,2019-01
591487,2019-02-04,2,0,2019-02
591487,2019-02-11,5,10,2019-02
591487,2019-02-18,4,0,2019-02
591487,2019-02-25,7,10,2019-02
591487,2019-03-04,7,10,2019-03
591487,2019-03-11,4,0,2019-03
591487,2019-03-18,1,0,2019-03
591487,2019-04-01,4,0,2019-04
591487,2019-04-08,4,0,2019-04
592007,2018-12-31,5,10,2018-12
592007,2019-01-07,7,10,2019-01
592007,2019-01-14,7,10,2019-01
592007,2019-01-21,6,10,2019-01
592007,2019-01-28,7,10,2019-01
592007,2019-02-04,6,10,2019-02
592007,2019-02-11,7,10,2019-02
592007,2019-02-18,7,10,2019-02
592007,2019-02-25,7,10,2019-02
592007,2019-03-04,5,10,2019-03
592007,2019-03-11,7,10,2019-03
592007,2019-03-18,6,10,2019-03
592007,2019-03-25,7,10,2019-03
592007,2019-04-01,7,10,2019-04
592007,2019-04-08,7,10,2019-04
592007,2019-04-22,6,10,2019-04
592007,2019-04-29,2,0,2019-04
592196,2018-12-31,1,0,2018-12
592196,2019-01-07,6,10,2019-01
592196,2019-01-14,7,10,2019-01
592196,2019-01-21,5,10,2019-01
593319,2018-12-31,4,0,2018-12
593319,2019-01-07,4,0,2019-01
593319,2019-01-14,2,0,2019-01
593319,2019-01-21,3,0,2019-01
593319,2019-01-28,6,10,2019-01
593319,2019-02-04,2,0,2019-02
593319,2019-02-11,3,0,2019-02
593319,2019-02-18,6,10,2019-02
593319,2019-03-18,1,0,2019-03
593319,2019-03-25,6,10,2019-03
593319,2019-04-01,6,10,2019-04
593319,2019-04-08,5,10,2019-04
593319,2019-04-15,7,10,2019-04
593319,2019-04-22,4,0,2019-04
593319,2019-04-29,1,0,2019-04
606545,2018-12-31,4,0,2018-12
606545,2019-01-07,5,10,2019-01
606545,2019-01-28,4,0,2019-01
606545,2019-02-04,6,10,2019-02
606545,2019-02-11,3,0,2019-02
606545,2019-02-18,1,0,2019-02
606545,2019-03-04,4,0,2019-03
606545,2019-03-11,5,10,2019-03
606545,2019-03-18,3,0,2019-03
606545,2019-03-25,6,10,2019-03
606545,2019-04-01,5,10,2019-04
606545,2019-04-08,2,0,2019-04
606545,2019-04-22,1,0,2019-04
606607,2018-12-31,3,0,2018-12
606607,2019-01-07,7,10,2019-01
606607,2019-01-14,3,0,2019-01
606607,2019-01-28,4,0,2019-01
606607,2019-02-04,7,10,2019-02
606607,2019-02-11,4,0,2019-02
606607,2019-02-18,6,10,2019-02
606607,2019-02-25,6,10,2019-02
606607,2019-03-04,6,10,2019-03
606607,2019-03-11,7,10,2019-03
606607,2019-03-18,5,10,2019-03
606607,2019-03-25,1,0,2019-03
606607,2019-04-08,5,10,2019-04
606607,2019-04-15,6,10,2019-04
606607,2019-04-22,5,10,2019-04
606607,2019-04-29,2,0,2019-04
612184,2018-12-31,4,0,2018-12
612184,2019-01-07,5,10,2019-01
612184,2019-01-14,7,10,2019-01
612184,2019-01-21,5,10,2019-01
612184,2019-01-28,7,10,2019-01
612184,2019-02-04,7,10,2019-02
612184,2019-02-11,6,10,2019-02
612184,2019-02-18,2,0,2019-02
612184,2019-02-25,6,10,2019-02
612184,2019-03-04,7,10,2019-03
612184,2019-03-11,7,10,2019-03
612184,2019-03-18,5,10,2019-03
612184,2019-03-25,1,0,2019-03
612448,2018-12-31,5,10,2018-12
612448,2019-01-07,4,0,2019-01
612448,2019-01-14,4,0,2019-01
612448,2019-01-21,1,0,2019-01
612524,2019-03-11,2,0,2019-03
612524,2019-03-18,3,0,2019-03
612524,2019-03-25,5,10,2019-03
612524,2019-04-01,1,0,2019-04
612595,2018-12-31,3,0,2018-12
612595,2019-01-07,3,0,2019-01
612595,2019-01-14,6,10,2019-01
612595,2019-01-21,6,10,2019-01
612595,2019-01-28,6,10,2019-01
612595,2019-02-04,7,10,2019-02
612595,2019-02-11,7,10,2019-02
612595,2019-02-18,7,10,2019-02
612595,2019-02-25,7,10,2019-02
612595,2019-03-04,5,10,2019-03
612595,2019-03-11,6,10,2019-03
612595,2019-03-18,1,0,2019-03
612595,2019-03-25,3,0,2019-03
612595,2019-04-01,7,10,2019-04
612595,2019-04-08,7,10,2019-04
612595,2019-04-15,5,10,2019-04
612595,2019-04-22,5,10,2019-04
612595,2019-04-29,2,0,2019-04
613118,2018-12-31,6,10,2018-12
613118,2019-02-04,7,10,2019-02
613118,2019-02-11,6,10,2019-02
613118,2019-02-18,6,10,2019-02
613118,2019-02-25,7,10,2019-02
613118,2019-03-04,7,10,2019-03
613118,2019-03-11,7,10,2019-03
613118,2019-03-18,7,10,2019-03
613118,2019-03-25,7,10,2019-03
613118,2019-04-01,3,0,2019-04
613118,2019-04-08,7,10,2019-04
613118,2019-04-15,5,10,2019-04
613118,2019-04-22,6,10,2019-04
613118,2019-04-29,2,0,2019-04
613457,2018-12-31,2,0,2018-12
613457,2019-01-14,5,10,2019-01
613457,2019-01-21,5,10,2019-01
613457,2019-01-28,6,10,2019-01
613457,2019-02-04,7,10,2019-02
613457,2019-02-11,6,10,2019-02
613457,2019-02-18,4,0,2019-02
613457,2019-02-25,5,10,2019-02
613457,2019-03-18,3,0,2019-03
613457,2019-03-25,2,0,2019-03
613457,2019-04-01,6,10,2019-04
613457,2019-04-08,5,10,2019-04
613457,2019-04-15,4,0,2019-04
613457,2019-04-22,3,0,2019-04
613457,2019-04-29,2,0,2019-04
619665,2018-12-31,4,0,2018-12
619665,2019-01-07,7,10,2019-01
619665,2019-01-14,7,10,2019-01
619665,2019-01-21,7,10,2019-01
619665,2019-01-28,7,10,2019-01
619665,2019-02-04,6,10,2019-02
619665,2019-02-11,7,10,2019-02
619665,2019-02-18,7,10,2019-02
619665,2019-02-25,7,10,2019-02
619665,2019-03-04,6,10,2019-03
619665,2019-03-11,6,10,2019-03
619665,2019-03-18,5,10,2019-03
619665,2019-03-25,7,10,2019-03
619665,2019-04-01,6,10,2019-04
619665,2019-04-08,7,10,2019-04
619665,2019-04-15,7,10,2019-04
619665,2019-04-22,6,10,2019-04
619665,2019-04-29,1,0,2019-04
620146,2019-01-21,3,0,2019-01
620146,2019-01-28,4,0,2019-01
626218,2018-12-31,5,10,2018-12
626218,2019-01-07,7,10,2019-01
626218,2019-01-14,7,10,2019-01
626254,2019-01-21,2,0,2019-01
626254,2019-01-28,4,0,2019-01
626254,2019-02-04,6,10,2019-02
626254,2019-02-11,6,10,2019-02
626254,2019-02-18,3,0,2019-02
626254,2019-02-25,7,10,2019-02
626254,2019-03-04,3,0,2019-03
626254,2019-03-11,7,10,2019-03
626254,2019-03-18,3,0,2019-03
626254,2019-03-25,2,0,2019-03
626254,2019-04-01,4,0,2019-04
626254,2019-04-08,2,0,2019-04
626254,2019-04-22,4,0,2019-04
626254,2019-04-29,1,0,2019-04
626468,2018-12-31,4,0,2018-12
626468,2019-01-07,6,10,2019-01
626468,2019-01-14,6,10,2019-01
626468,2019-01-21,5,10,2019-01
626468,2019-01-28,6,10,2019-01
626468,2019-02-04,6,10,2019-02
626468,2019-02-11,5,10,2019-02
626468,2019-02-18,6,10,2019-02
626468,2019-02-25,5,10,2019-02
626468,2019-03-04,5,10,2019-03
626468,2019-03-11,3,0,2019-03
626519,2018-12-31,5,10,2018-12
626519,2019-01-07,5,10,2019-01
626519,2019-01-14,4,0,2019-01
626519,2019-01-28,1,0,2019-01
626519,2019-02-04,6,10,2019-02
626519,2019-02-11,5,10,2019-02
626519,2019-02-18,6,10,2019-02
626519,2019-02-25,5,10,2019-02
626519,2019-03-04,7,10,2019-03
626519,2019-03-11,7,10,2019-03
626519,2019-03-18,1,0,2019-03
631098,2019-02-04,2,0,2019-02
631098,2019-04-08,1,0,2019-04
631098,2019-04-15,4,0,2019-04
631098,2019-04-22,5,10,2019-04
631291,2018-12-31,4,0,2018-12
631291,2019-01-07,5,10,2019-01
631291,2019-03-04,5,10,2019-03
631291,2019-03-11,7,10,2019-03
631291,2019-03-18,5,10,2019-03
631291,2019-03-25,6,10,2019-03
631291,2019-04-01,2,0,2019-04
631291,2019-04-29,1,0,2019-04
636432,2019-01-28,4,0,2019-01
636432,2019-02-04,7,10,2019-02
636432,2019-02-11,5,10,2019-02
636432,2019-02-18,6,10,2019-02
636432,2019-02-25,3,0,2019-02
636432,2019-03-04,7,10,2019-03
636432,2019-03-11,6,10,2019-03
636432,2019-03-18,2,0,2019-03
636432,2019-03-25,1,0,2019-03
637430,2019-01-14,1,0,2019-01
637430,2019-01-21,4,0,2019-01
637430,2019-01-28,6,10,2019-01
637430,2019-02-04,5,10,2019-02
637430,2019-02-11,6,10,2019-02
637430,2019-02-18,4,0,2019-02
637430,2019-02-25,3,0,2019-02
637430,2019-03-04,2,0,2019-03
637430,2019-03-11,7,10,2019-03
637430,2019-03-18,5,10,2019-03
637430,2019-03-25,6,10,2019-03
637430,2019-04-01,3,0,2019-04
637430,2019-04-08,7,10,2019-04
637430,2019-04-15,5,10,2019-04
637430,2019-04-22,7,10,2019-04
637430,2019-04-29,2,0,2019-04
649401,2019-04-22,6,10,2019-04
649401,2019-04-29,2,0,2019-04
649438,2018-12-31,6,10,2018-12
649438,2019-01-07,7,10,2019-01
649438,2019-01-14,7,10,2019-01
649438,2019-01-21,6,10,2019-01
649438,2019-01-28,7,10,2019-01
649438,2019-02-04,4,0,2019-02
650024,2018-12-31,1,0,2018-12
650024,2019-01-07,6,10,2019-01
650024,2019-01-14,6,10,2019-01
650024,2019-01-21,1,0,2019-01
650024,2019-01-28,6,10,2019-01
650024,2019-02-04,5,10,2019-02
650024,2019-02-11,4,0,2019-02
650024,2019-02-18,7,10,2019-02
650024,2019-02-25,6,10,2019-02
650024,2019-03-04,5,10,2019-03
650024,2019-03-11,5,10,2019-03
650024,2019-03-18,3,0,2019-03
650024,2019-03-25,6,10,2019-03
650024,2019-04-01,6,10,2019-04
650024,2019-04-08,3,0,2019-04
650024,2019-04-22,5,10,2019-04
656582,2018-12-31,2,0,2018-12
656582,2019-01-07,3,0,2019-01
656582,2019-01-28,3,0,2019-01
656582,2019-02-04,6,10,2019-02
656582,2019-02-11,4,0,2019-02
656582,2019-02-18,1,0,2019-02
656635,2019-01-14,6,10,2019-01
656635,2019-01-21,6,10,2019-01
656635,2019-01-28,5,10,2019-01
656635,2019-02-04,4,0,2019-02
656635,2019-02-11,3,0,2019-02
656635,2019-02-18,5,10,2019-02
656635,2019-02-25,6,10,2019-02
656635,2019-03-04,4,0,2019-03
656635,2019-03-11,4,0,2019-03
656635,2019-03-18,4,0,2019-03
656635,2019-03-25,7,10,2019-03
656635,2019-04-01,5,10,2019-04
656635,2019-04-08,5,10,2019-04
656635,2019-04-15,6,10,2019-04
656635,2019-04-22,6,10,2019-04
656635,2019-04-29,1,0,2019-04
657425,2018-12-31,4,0,2018-12
657425,2019-01-07,5,10,2019-01
657425,2019-01-14,7,10,2019-01
657425,2019-01-21,4,0,2019-01
657425,2019-01-28,3,0,2019-01
657425,2019-02-04,3,0,2019-02
657425,2019-02-11,4,0,2019-02
657425,2019-02-18,5,10,2019-02
657425,2019-02-25,6,10,2019-02
657425,2019-03-04,4,0,2019-03
657425,2019-03-11,3,0,2019-03
658003,2018-12-31,5,10,2018-12
658003,2019-01-07,4,0,2019-01
658003,2019-01-14,5,10,2019-01
658003,2019-01-21,6,10,2019-01
658003,2019-01-28,7,10,2019-01
658003,2019-02-04,7,10,2019-02
658003,2019-02-11,7,10,2019-02
658003,2019-02-18,7,10,2019-02
658003,2019-02-25,7,10,2019-02
658003,2019-03-04,7,10,2019-03
658003,2019-03-11,5,10,2019-03
658003,2019-03-18,4,0,2019-03
658003,2019-03-25,4,0,2019-03
658003,2019-04-01,6,10,2019-04
658003,2019-04-08,7,10,2019-04
658003,2019-04-15,7,10,2019-04
658003,2019-04-22,7,10,2019-04
658003,2019-04-29,2,0,2019-04
658181,2018-12-31,6,10,2018-12
658181,2019-01-07,4,0,2019-01
658181,2019-04-29,2,0,2019-04
672671,2019-01-07,1,0,2019-01
672671,2019-01-14,6,10,2019-01
672671,2019-01-21,4,0,2019-01
672671,2019-01-28,5,10,2019-01
672671,2019-02-04,6,10,2019-02
672671,2019-02-11,7,10,2019-02
672671,2019-02-18,7,10,2019-02
672671,2019-02-25,6,10,2019-02
672671,2019-03-04,2,0,2019-03
672671,2019-03-11,5,10,2019-03
672671,2019-03-18,1,0,2019-03
672671,2019-03-25,6,10,2019-03
672671,2019-04-01,7,10,2019-04
672671,2019-04-08,6,10,2019-04
672671,2019-04-15,7,10,2019-04
672671,2019-04-22,7,10,2019-04
672671,2019-04-29,2,0,2019-04
673848,2019-01-21,2,0,2019-01
673848,2019-01-28,7,10,2019-01
673848,2019-02-04,7,10,2019-02
673848,2019-02-11,6,10,2019-02
673848,2019-02-25,7,10,2019-02
673848,2019-03-04,7,10,2019-03
673848,2019-03-11,7,10,2019-03
673848,2019-03-18,1,0,2019-03
674124,2018-12-31,5,10,2018-12
674124,2019-01-07,7,10,2019-01
674124,2019-01-14,7,10,2019-01
674124,2019-01-21,6,10,2019-01
674124,2019-01-28,6,10,2019-01
674124,2019-02-04,6,10,2019-02
674124,2019-02-11,6,10,2019-02
674124,2019-02-18,6,10,2019-02
674124,2019-02-25,6,10,2019-02
674124,2019-03-04,5,10,2019-03
674124,2019-03-11,5,10,2019-03
674124,2019-03-18,2,0,2019-03
674124,2019-03-25,2,0,2019-03
674124,2019-04-01,7,10,2019-04
674124,2019-04-08,7,10,2019-04
674124,2019-04-15,7,10,2019-04
674124,2019-04-22,7,10,2019-04
674124,2019-04-29,1,0,2019-04
675268,2019-02-25,4,0,2019-02
675268,2019-03-04,3,0,2019-03
680389,2019-02-25,5,10,2019-02
680389,2019-04-15,1,0,2019-04
680389,2019-04-22,2,0,2019-04
680389,2019-04-29,1,0,2019-04
681838,2019-02-04,2,0,2019-02
682074,2018-12-31,2,0,2018-12
682074,2019-01-07,1,0,2019-01
682074,2019-01-14,6,10,2019-01
682074,2019-01-21,6,10,2019-01
682074,2019-01-28,6,10,2019-01
682074,2019-02-04,6,10,2019-02
682074,2019-02-11,7,10,2019-02
682074,2019-02-18,7,10,2019-02
682074,2019-02-25,7,10,2019-02
682074,2019-03-04,7,10,2019-03
682074,2019-03-11,7,10,2019-03
682074,2019-03-18,2,0,2019-03
682074,2019-04-15,6,10,2019-04
682074,2019-04-22,6,10,2019-04
682074,2019-04-29,2,0,2019-04
682479,2018-12-31,6,10,2018-12
682479,2019-01-07,6,10,2019-01
682479,2019-02-04,5,10,2019-02
682479,2019-02-11,6,10,2019-02
682479,2019-02-18,7,10,2019-02
682479,2019-02-25,7,10,2019-02
682479,2019-03-04,5,10,2019-03
682479,2019-03-11,6,10,2019-03
682479,2019-03-18,6,10,2019-03
682479,2019-03-25,6,10,2019-03
682479,2019-04-01,7,10,2019-04
682479,2019-04-08,2,0,2019-04
682969,2018-12-31,6,10,2018-12
682969,2019-01-07,5,10,2019-01
682969,2019-01-14,6,10,2019-01
682969,2019-01-21,5,10,2019-01
682969,2019-01-28,7,10,2019-01
682969,2019-02-04,4,0,2019-02
682969,2019-02-11,7,10,2019-02
682969,2019-02-18,5,10,2019-02
682969,2019-02-25,5,10,2019-02
682969,2019-03-04,2,0,2019-03
682969,2019-03-11,6,10,2019-03
682969,2019-03-18,5,10,2019-03
682969,2019-03-25,7,10,2019-03
682969,2019-04-01,5,10,2019-04
682969,2019-04-08,5,10,2019-04
682969,2019-04-15,6,10,2019-04
682969,2019-04-22,5,10,2019-04
682969,2019-04-29,1,0,2019-04
687891,2018-12-31,5,10,2018-12
687891,2019-01-07,7,10,2019-01
687891,2019-01-14,7,10,2019-01
687891,2019-01-21,6,10,2019-01
687891,2019-01-28,2,0,2019-01
687891,2019-02-04,7,10,2019-02
687891,2019-02-11,7,10,2019-02
687891,2019-02-18,7,10,2019-02
687891,2019-02-25,7,10,2019-02
687891,2019-03-04,6,10,2019-03
687891,2019-03-11,7,10,2019-03
687891,2019-03-18,6,10,2019-03
687891,2019-03-25,7,10,2019-03
687891,2019-04-01,7,10,2019-04
687891,2019-04-08,7,10,2019-04
687891,2019-04-15,7,10,2019-04
687891,2019-04-22,7,10,2019-04
687891,2019-04-29,2,0,2019-04
688584,2018-12-31,6,10,2018-12
688584,2019-01-07,7,10,2019-01
688584,2019-01-14,1,0,2019-01
688584,2019-01-21,1,0,2019-01
688584,2019-01-28,7,10,2019-01
688584,2019-02-04,3,0,2019-02
688584,2019-02-11,4,0,2019-02
688584,2019-02-18,7,10,2019-02
688584,2019-02-25,2,0,2019-02
688584,2019-03-11,6,10,2019-03
688584,2019-03-25,5,10,2019-03
688584,2019-04-01,5,10,2019-04
688745,2019-04-29,2,0,2019-04
688836,2019-01-21,1,0,2019-01
688836,2019-02-04,3,0,2019-02
688836,2019-02-11,2,0,2019-02
703911,2018-12-31,1,0,2018-12
704403,2018-12-31,5,10,2018-12
704403,2019-01-07,4,0,2019-01
704628,2018-12-31,3,0,2018-12
704628,2019-01-07,4,0,2019-01
704628,2019-01-14,1,0,2019-01
704628,2019-01-21,5,10,2019-01
704628,2019-01-28,6,10,2019-01
704628,2019-02-04,6,10,2019-02
704628,2019-02-11,6,10,2019-02
704628,2019-02-18,3,0,2019-02
704628,2019-02-25,6,10,2019-02
704628,2019-03-04,6,10,2019-03
704628,2019-03-11,6,10,2019-03
704628,2019-04-01,3,0,2019-04
704628,2019-04-08,6,10,2019-04
704628,2019-04-15,5,10,2019-04
704628,2019-04-22,6,10,2019-04
704628,2019-04-29,2,0,2019-04
704830,2018-12-31,3,0,2018-12
704830,2019-01-07,4,0,2019-01
704830,2019-01-14,1,0,2019-01
705261,2019-01-07,5,10,2019-01
705261,2019-01-14,7,10,2019-01
705261,2019-01-21,5,10,2019-01
705261,2019-01-28,6,10,2019-01
705261,2019-02-04,7,10,2019-02
705261,2019-02-11,6,10,2019-02
705261,2019-02-18,6,10,2019-02
705261,2019-02-25,5,10,2019-02
705261,2019-03-04,5,10,2019-03
705261,2019-03-11,5,10,2019-03
705261,2019-03-18,4,0,2019-03
705261,2019-03-25,4,0,2019-03
705261,2019-04-01,5,10,2019-04
705261,2019-04-08,4,0,2019-04
705261,2019-04-15,5,10,2019-04
705261,2019-04-22,6,10,2019-04
705261,2019-04-29,2,0,2019-04
705458,2018-12-31,3,0,2018-12
705458,2019-01-07,1,0,2019-01
705458,2019-01-14,5,10,2019-01
705458,2019-01-21,4,0,2019-01
705458,2019-01-28,2,0,2019-01
705458,2019-02-04,6,10,2019-02
705458,2019-02-11,4,0,2019-02
705458,2019-03-25,4,0,2019-03
705458,2019-04-01,5,10,2019-04
705458,2019-04-08,4,0,2019-04
705458,2019-04-22,6,10,2019-04
705458,2019-04-29,2,0,2019-04
705584,2018-12-31,3,0,2018-12
705584,2019-01-07,4,0,2019-01
705584,2019-01-14,3,0,2019-01
705584,2019-01-21,3,0,2019-01
705584,2019-01-28,5,10,2019-01
705584,2019-02-04,2,0,2019-02
705584,2019-02-11,7,10,2019-02
705584,2019-02-18,7,10,2019-02
705584,2019-02-25,4,0,2019-02
705584,2019-03-04,3,0,2019-03
705584,2019-03-11,1,0,2019-03
705584,2019-03-25,1,0,2019-03
705584,2019-04-22,3,0,2019-04
705584,2019-04-29,2,0,2019-04
711287,2019-01-14,4,0,2019-01
711287,2019-01-21,5,10,2019-01
711287,2019-01-28,2,0,2019-01
711287,2019-02-04,1,0,2019-02
711287,2019-02-11,1,0,2019-02
711287,2019-02-18,3,0,2019-02
711287,2019-02-25,1,0,2019-02
711287,2019-03-04,4,0,2019-03
711287,2019-03-11,7,10,2019-03
711287,2019-03-18,3,0,2019-03
711287,2019-03-25,3,0,2019-03
711287,2019-04-01,2,0,2019-04
711791,2018-12-31,5,10,2018-12
711791,2019-01-07,1,0,2019-01
711791,2019-01-14,4,0,2019-01
711791,2019-03-11,1,0,2019-03
711791,2019-03-25,1,0,2019-03
712026,2018-12-31,5,10,2018-12
712026,2019-01-07,2,0,2019-01
712026,2019-01-28,2,0,2019-01
712026,2019-02-04,6,10,2019-02
712026,2019-02-11,7,10,2019-02
712026,2019-02-18,6,10,2019-02
712026,2019-02-25,7,10,2019-02
712026,2019-03-04,7,10,2019-03
712026,2019-03-11,6,10,2019-03
712026,2019-03-25,1,0,2019-03
712026,2019-04-01,3,0,2019-04
712026,2019-04-08,6,10,2019-04
712026,2019-04-15,6,10,2019-04
712026,2019-04-22,6,10,2019-04
712026,2019-04-29,2,0,2019-04
712393,2018-12-31,6,10,2018-12
712393,2019-01-07,7,10,2019-01
712393,2019-01-14,7,10,2019-01
712393,2019-01-21,7,10,2019-01
712393,2019-01-28,5,10,2019-01
712393,2019-02-04,1,0,2019-02
712393,2019-02-11,6,10,2019-02
712393,2019-02-18,4,0,2019-02
713085,2019-01-07,2,0,2019-01
713085,2019-01-14,3,0,2019-01
713085,2019-01-21,2,0,2019-01
713085,2019-01-28,5,10,2019-01
713085,2019-02-04,4,0,2019-02
713085,2019-02-11,1,0,2019-02
713085,2019-02-18,4,0,2019-02
713085,2019-02-25,2,0,2019-02
713085,2019-03-04,3,0,2019-03
713085,2019-03-11,1,0,2019-03
713085,2019-03-18,2,0,2019-03
713085,2019-03-25,3,0,2019-03
713085,2019-04-15,3,0,2019-04
713085,2019-04-22,3,0,2019-04
713085,2019-04-29,1,0,2019-04
713420,2019-03-25,1,0,2019-03
713656,2019-01-21,2,0,2019-01
713656,2019-01-28,3,0,2019-01
713656,2019-03-04,1,0,2019-03
714534,2019-01-21,4,0,2019-01
714534,2019-01-28,3,0,2019-01
714534,2019-02-04,3,0,2019-02
714534,2019-02-11,4,0,2019-02
714534,2019-02-18,5,10,2019-02
714534,2019-02-25,5,10,2019-02
714534,2019-03-04,5,10,2019-03
714534,2019-03-11,7,10,2019-03
714534,2019-03-18,4,0,2019-03
714534,2019-03-25,4,0,2019-03
714534,2019-04-01,3,0,2019-04
726905,2018-12-31,3,0,2018-12
726905,2019-01-07,6,10,2019-01
726905,2019-01-14,7,10,2019-01
726905,2019-01-21,7,10,2019-01
726905,2019-01-28,7,10,2019-01
726905,2019-02-04,7,10,2019-02
726905,2019-02-11,7,10,2019-02
726905,2019-02-18,7,10,2019-02
726905,2019-02-25,7,10,2019-02
726905,2019-03-04,7,10,2019-03
726905,2019-03-11,7,10,2019-03
726905,2019-03-18,2,0,2019-03
726971,2019-01-14,6,10,2019-01
726971,2019-01-21,4,0,2019-01
726971,2019-01-28,4,0,2019-01
726971,2019-02-04,4,0,2019-02
726971,2019-02-11,6,10,2019-02
726971,2019-02-18,6,10,2019-02
726971,2019-02-25,4,0,2019-02
726971,2019-03-04,6,10,2019-03
726971,2019-03-11,5,10,2019-03
726971,2019-03-18,2,0,2019-03
726971,2019-03-25,7,10,2019-03
726971,2019-04-01,5,10,2019-04
726971,2019-04-08,4,0,2019-04
726971,2019-04-15,1,0,2019-04
726971,2019-04-22,6,10,2019-04
726971,2019-04-29,2,0,2019-04
727059,2018-12-31,1,0,2018-12
727059,2019-01-07,2,0,2019-01
727059,2019-01-14,2,0,2019-01
727459,2018-12-31,5,10,2018-12
727459,2019-01-07,7,10,2019-01
727459,2019-01-14,7,10,2019-01
727459,2019-01-21,6,10,2019-01
727459,2019-01-28,6,10,2019-01
727459,2019-02-04,7,10,2019-02
727459,2019-02-11,7,10,2019-02
727459,2019-02-18,6,10,2019-02
727459,2019-02-25,6,10,2019-02
727459,2019-03-04,6,10,2019-03
727459,2019-03-11,5,10,2019-03
727675,2018-12-31,1,0,2018-12
727675,2019-01-07,2,0,2019-01
727675,2019-01-21,1,0,2019-01
727675,2019-01-28,1,0,2019-01
727675,2019-02-04,1,0,2019-02
727675,2019-02-25,1,0,2019-02
727675,2019-03-18,1,0,2019-03
727675,2019-03-25,1,0,2019-03
727675,2019-04-01,2,0,2019-04
727675,2019-04-08,1,0,2019-04
727675,2019-04-15,3,0,2019-04
727675,2019-04-29,2,0,2019-04
727862,2018-12-31,6,10,2018-12
727862,2019-01-07,4,0,2019-01
728304,2019-01-07,1,0,2019-01
728490,2018-12-31,4,0,2018-12
728490,2019-01-07,2,0,2019-01
728490,2019-01-14,3,0,2019-01
728490,2019-01-21,5,10,2019-01
728490,2019-01-28,5,10,2019-01
728490,2019-02-04,3,0,2019-02
728490,2019-02-11,4,0,2019-02
728490,2019-02-18,4,0,2019-02
728490,2019-02-25,2,0,2019-02
728490,2019-03-04,6,10,2019-03
728490,2019-03-11,6,10,2019-03
728490,2019-03-18,2,0,2019-03
733324,2018-12-31,6,10,2018-12
733324,2019-01-07,6,10,2019-01
733324,2019-01-14,1,0,2019-01
733324,2019-01-21,3,0,2019-01
733324,2019-01-28,5,10,2019-01
733324,2019-02-04,6,10,2019-02
733324,2019-02-11,5,10,2019-02
733324,2019-02-18,3,0,2019-02
733324,2019-02-25,6,10,2019-02
733324,2019-03-04,6,10,2019-03
733324,2019-03-11,7,10,2019-03
733324,2019-03-18,5,10,2019-03
733324,2019-03-25,7,10,2019-03
733324,2019-04-01,7,10,2019-04
733324,2019-04-08,7,10,2019-04
733324,2019-04-15,4,0,2019-04
733324,2019-04-22,6,10,2019-04
733324,2019-04-29,1,0,2019-04
733409,2019-01-28,2,0,2019-01
733438,2019-03-11,6,10,2019-03
733438,2019-03-18,6,10,2019-03
733438,2019-03-25,5,10,2019-03
734941,2019-01-21,2,0,2019-01
734941,2019-01-28,2,0,2019-01
734941,2019-02-04,2,0,2019-02
734941,2019-02-11,4,0,2019-02
734941,2019-02-18,4,0,2019-02
734941,2019-02-25,4,0,2019-02
734941,2019-03-04,6,10,2019-03
734941,2019-03-11,6,10,2019-03
734941,2019-03-18,5,10,2019-03
734941,2019-03-25,6,10,2019-03
734941,2019-04-01,5,10,2019-04
734941,2019-04-08,5,10,2019-04
734941,2019-04-15,3,0,2019-04
734941,2019-04-22,6,10,2019-04
734941,2019-04-29,2,0,2019-04
735299,2018-12-31,1,0,2018-12
741572,2018-12-31,3,0,2018-12
741572,2019-01-07,3,0,2019-01
757871,2019-02-25,1,0,2019-02
759506,2019-01-28,6,10,2019-01
759506,2019-02-04,6,10,2019-02
759506,2019-02-11,7,10,2019-02
759506,2019-03-11,1,0,2019-03
760153,2019-01-07,2,0,2019-01
760153,2019-01-14,4,0,2019-01
760153,2019-01-21,7,10,2019-01
760153,2019-01-28,2,0,2019-01
760153,2019-02-04,1,0,2019-02
760153,2019-02-11,4,0,2019-02
760153,2019-02-18,5,10,2019-02
760153,2019-02-25,6,10,2019-02
760153,2019-03-04,6,10,2019-03
760153,2019-03-11,4,0,2019-03
765518,2018-12-31,6,10,2018-12
765518,2019-01-07,5,10,2019-01
765518,2019-01-14,7,10,2019-01
765518,2019-01-21,4,0,2019-01
766414,2019-01-14,1,0,2019-01
766862,2019-01-14,1,0,2019-01
766862,2019-01-21,4,0,2019-01
772345,2018-12-31,6,10,2018-12
772345,2019-01-07,3,0,2019-01
772345,2019-01-14,4,0,2019-01
772345,2019-01-21,4,0,2019-01
772345,2019-01-28,2,0,2019-01
772345,2019-02-04,5,10,2019-02
772345,2019-02-11,5,10,2019-02
772684,2019-04-29,1,0,2019-04
773771,2018-12-31,1,0,2018-12
773771,2019-01-14,1,0,2019-01
773771,2019-01-21,2,0,2019-01
773771,2019-01-28,2,0,2019-01
773771,2019-02-04,4,0,2019-02
773771,2019-02-11,5,10,2019-02
773771,2019-02-18,5,10,2019-02
773771,2019-02-25,5,10,2019-02
773771,2019-03-04,7,10,2019-03
773771,2019-03-11,7,10,2019-03
773771,2019-03-18,3,0,2019-03
773771,2019-03-25,1,0,2019-03
774064,2018-12-31,4,0,2018-12
774064,2019-01-07,2,0,2019-01
774064,2019-01-21,2,0,2019-01
774064,2019-01-28,5,10,2019-01
774064,2019-02-04,6,10,2019-02
774064,2019-02-11,4,0,2019-02
774064,2019-02-18,5,10,2019-02
774064,2019-02-25,6,10,2019-02
774064,2019-03-04,1,0,2019-03
774064,2019-03-11,1,0,2019-03
777019,2018-12-31,5,10,2018-12
777019,2019-01-07,4,0,2019-01
777019,2019-01-14,1,0,2019-01
777019,2019-01-28,7,10,2019-01
777019,2019-02-04,7,10,2019-02
777019,2019-02-11,7,10,2019-02
777019,2019-02-18,6,10,2019-02
777019,2019-02-25,6,10,2019-02
777019,2019-03-04,5,10,2019-03
777019,2019-03-11,7,10,2019-03
777019,2019-03-18,2,0,2019-03
777019,2019-03-25,6,10,2019-03
777019,2019-04-01,5,10,2019-04
777019,2019-04-08,1,0,2019-04
777019,2019-04-15,1,0,2019-04
777297,2018-12-31,4,0,2018-12
777297,2019-01-07,7,10,2019-01
777297,2019-01-14,6,10,2019-01
777297,2019-01-21,7,10,2019-01
777297,2019-01-28,7,10,2019-01
777297,2019-02-04,6,10,2019-02
777297,2019-02-11,7,10,2019-02
777297,2019-02-18,6,10,2019-02
777297,2019-02-25,7,10,2019-02
777297,2019-03-04,7,10,2019-03
777297,2019-03-11,4,0,2019-03
777297,2019-03-18,5,10,2019-03
777297,2019-03-25,7,10,2019-03
777297,2019-04-01,7,10,2019-04
777297,2019-04-08,7,10,2019-04
777297,2019-04-15,1,0,2019-04
777297,2019-04-22,4,0,2019-04
777297,2019-04-29,2,0,2019-04
777366,2018-12-31,1,0,2018-12
777366,2019-01-07,2,0,2019-01
777366,2019-01-14,5,10,2019-01
777366,2019-01-21,3,0,2019-01
777366,2019-01-28,4,0,2019-01
777366,2019-02-04,6,10,2019-02
777366,2019-02-11,6,10,2019-02
777366,2019-02-18,5,10,2019-02
777366,2019-02-25,5,10,2019-02
777366,2019-03-04,5,10,2019-03
777366,2019-03-11,7,10,2019-03
777366,2019-03-18,6,10,2019-03
777366,2019-03-25,7,10,2019-03
777366,2019-04-01,4,0,2019-04
777366,2019-04-15,2,0,2019-04
777366,2019-04-22,4,0,2019-04
777647,2019-01-07,4,0,2019-01
777647,2019-01-14,6,10,2019-01
777647,2019-01-21,3,0,2019-01
777647,2019-02-04,1,0,2019-02
777647,2019-02-11,4,0,2019-02
777647,2019-02-18,3,0,2019-02
777647,2019-02-25,3,0,2019-02
777647,2019-03-04,4,0,2019-03
777647,2019-03-11,1,0,2019-03
777647,2019-03-18,2,0,2019-03
777647,2019-04-01,5,10,2019-04
778631,2019-01-07,1,0,2019-01
778667,2018-12-31,1,0,2018-12
778667,2019-01-07,1,0,2019-01
778667,2019-01-21,1,0,2019-01
778667,2019-01-28,7,10,2019-01
778667,2019-02-04,3,0,2019-02
778952,2019-01-14,2,0,2019-01
778952,2019-03-18,2,0,2019-03
778952,2019-03-25,6,10,2019-03
778952,2019-04-01,6,10,2019-04
778952,2019-04-08,1,0,2019-04
783011,2019-01-21,1,0,2019-01
783011,2019-01-28,1,0,2019-01
783011,2019-02-04,2,0,2019-02
783011,2019-02-11,7,10,2019-02
783011,2019-02-18,4,0,2019-02
783011,2019-02-25,7,10,2019-02
783011,2019-03-11,2,0,2019-03
783011,2019-03-18,3,0,2019-03
783011,2019-03-25,5,10,2019-03
783011,2019-04-01,3,0,2019-04
783011,2019-04-08,6,10,2019-04
783011,2019-04-15,3,0,2019-04
783011,2019-04-22,5,10,2019-04
783011,2019-04-29,2,0,2019-04
785188,2019-02-04,4,0,2019-02
787935,2019-02-25,5,10,2019-02
787935,2019-03-04,7,10,2019-03
787935,2019-04-29,2,0,2019-04
788279,2018-12-31,6,10,2018-12
788279,2019-01-07,3,0,2019-01
788315,2019-04-01,1,0,2019-04
789888,2018-12-31,5,10,2018-12
789888,2019-01-07,6,10,2019-01
789888,2019-01-14,3,0,2019-01
789888,2019-01-21,4,0,2019-01
789888,2019-01-28,3,0,2019-01
789888,2019-02-04,1,0,2019-02
790028,2019-01-14,1,0,2019-01
790071,2018-12-31,5,10,2018-12
790071,2019-01-07,7,10,2019-01
790071,2019-01-14,4,0,2019-01
790071,2019-01-21,5,10,2019-01
790071,2019-01-28,7,10,2019-01
790071,2019-02-04,7,10,2019-02
790071,2019-02-11,3,0,2019-02
790071,2019-02-18,5,10,2019-02
790071,2019-02-25,6,10,2019-02
790071,2019-03-04,7,10,2019-03
790071,2019-03-11,4,0,2019-03
790071,2019-03-25,4,0,2019-03
790071,2019-04-01,7,10,2019-04
790071,2019-04-08,7,10,2019-04
790071,2019-04-15,4,0,2019-04
790071,2019-04-22,6,10,2019-04
790071,2019-04-29,2,0,2019-04
790181,2018-12-31,6,10,2018-12
790181,2019-01-28,1,0,2019-01
790181,2019-02-04,7,10,2019-02
790181,2019-02-11,7,10,2019-02
790181,2019-02-18,7,10,2019-02
790181,2019-02-25,7,10,2019-02
790181,2019-03-04,7,10,2019-03
790181,2019-03-11,7,10,2019-03
790181,2019-03-18,6,10,2019-03
790181,2019-03-25,7,10,2019-03
790181,2019-04-01,6,10,2019-04
790181,2019-04-08,7,10,2019-04
790181,2019-04-15,6,10,2019-04
790181,2019-04-22,7,10,2019-04
790181,2019-04-29,1,0,2019-04
801543,2019-04-08,2,0,2019-04
801579,2018-12-31,6,10,2018-12
801579,2019-01-07,5,10,2019-01
801579,2019-01-14,4,0,2019-01
801579,2019-01-21,6,10,2019-01
801579,2019-01-28,6,10,2019-01
801579,2019-02-11,6,10,2019-02
801579,2019-02-18,4,0,2019-02
801579,2019-02-25,7,10,2019-02
801579,2019-03-04,6,10,2019-03
801579,2019-03-11,7,10,2019-03
801579,2019-03-18,1,0,2019-03
801579,2019-03-25,3,0,2019-03
801579,2019-04-01,7,10,2019-04
801579,2019-04-08,6,10,2019-04
801579,2019-04-15,6,10,2019-04
801579,2019-04-22,6,10,2019-04
801584,2019-04-08,4,0,2019-04
801584,2019-04-15,2,0,2019-04
801593,2018-12-31,5,10,2018-12
801593,2019-01-07,1,0,2019-01
801593,2019-01-14,6,10,2019-01
801593,2019-01-21,3,0,2019-01
801593,2019-01-28,5,10,2019-01
801593,2019-02-04,6,10,2019-02
801593,2019-02-11,4,0,2019-02
801593,2019-02-18,5,10,2019-02
801593,2019-02-25,7,10,2019-02
801593,2019-03-04,7,10,2019-03
801593,2019-03-11,6,10,2019-03
801593,2019-03-18,5,10,2019-03
801593,2019-03-25,7,10,2019-03
801593,2019-04-01,3,0,2019-04
801593,2019-04-08,1,0,2019-04
802787,2019-01-07,2,0,2019-01
802787,2019-01-14,2,0,2019-01
802787,2019-01-28,1,0,2019-01
802915,2018-12-31,3,0,2018-12
802915,2019-01-14,3,0,2019-01
802915,2019-02-04,6,10,2019-02
802915,2019-02-11,4,0,2019-02
802993,2019-02-11,7,10,2019-02
802993,2019-02-18,4,0,2019-02
802993,2019-02-25,4,0,2019-02
802993,2019-03-25,6,10,2019-03
802993,2019-04-01,7,10,2019-04
802993,2019-04-08,5,10,2019-04
802993,2019-04-29,2,0,2019-04
803029,2019-01-14,3,0,2019-01
803029,2019-01-21,1,0,2019-01
803029,2019-01-28,4,0,2019-01
803029,2019-02-04,5,10,2019-02
803029,2019-02-11,4,0,2019-02
803029,2019-02-18,5,10,2019-02
803029,2019-02-25,6,10,2019-02
803029,2019-03-04,4,0,2019-03
803029,2019-03-11,6,10,2019-03
803029,2019-03-18,3,0,2019-03
803029,2019-03-25,5,10,2019-03
803029,2019-04-08,3,0,2019-04
803029,2019-04-22,5,10,2019-04
803029,2019-04-29,1,0,2019-04
803083,2018-12-31,3,0,2018-12
803083,2019-01-07,5,10,2019-01
803083,2019-01-14,4,0,2019-01
803083,2019-01-21,2,0,2019-01
803083,2019-01-28,4,0,2019-01
803083,2019-02-04,2,0,2019-02
803083,2019-02-11,5,10,2019-02
803083,2019-02-18,5,10,2019-02
803083,2019-02-25,4,0,2019-02
803083,2019-03-04,5,10,2019-03
803083,2019-03-11,3,0,2019-03
803083,2019-03-18,3,0,2019-03
803083,2019-03-25,3,0,2019-03
803083,2019-04-01,5,10,2019-04
803083,2019-04-08,2,0,2019-04
803083,2019-04-22,3,0,2019-04
803083,2019-04-29,1,0,2019-04
803159,2019-04-08,2,0,2019-04
803159,2019-04-15,7,10,2019-04
803159,2019-04-22,5,10,2019-04
803159,2019-04-29,2,0,2019-04
807977,2018-12-31,6,10,2018-12
807977,2019-01-07,5,10,2019-01
807977,2019-01-14,5,10,2019-01
807977,2019-01-21,4,0,2019-01
807977,2019-01-28,7,10,2019-01
807977,2019-02-04,7,10,2019-02
807977,2019-02-11,7,10,2019-02
807977,2019-02-18,4,0,2019-02
807977,2019-02-25,1,0,2019-02
807977,2019-03-04,3,0,2019-03
807977,2019-03-11,7,10,2019-03
807977,2019-03-18,5,10,2019-03
807977,2019-03-25,7,10,2019-03
807977,2019-04-01,6,10,2019-04
807977,2019-04-08,7,10,2019-04
807977,2019-04-15,5,10,2019-04
807977,2019-04-22,6,10,2019-04
807977,2019-04-29,2,0,2019-04
808149,2018-12-31,6,10,2018-12
808149,2019-01-07,7,10,2019-01
808149,2019-01-14,7,10,2019-01
808149,2019-01-21,6,10,2019-01
808149,2019-01-28,7,10,2019-01
808149,2019-02-04,7,10,2019-02
808149,2019-02-11,7,10,2019-02
808149,2019-02-18,6,10,2019-02
808149,2019-02-25,4,0,2019-02
809174,2019-01-07,6,10,2019-01
809174,2019-01-14,5,10,2019-01
809174,2019-01-21,4,0,2019-01
809174,2019-01-28,3,0,2019-01
809174,2019-02-04,6,10,2019-02
809174,2019-02-11,6,10,2019-02
809174,2019-02-18,1,0,2019-02
809179,2018-12-31,4,0,2018-12
809179,2019-01-07,5,10,2019-01
809179,2019-01-14,7,10,2019-01
809179,2019-01-21,7,10,2019-01
809179,2019-01-28,6,10,2019-01
809179,2019-02-04,7,10,2019-02
809179,2019-02-11,5,10,2019-02
809179,2019-02-18,6,10,2019-02
809179,2019-02-25,6,10,2019-02
809179,2019-03-04,5,10,2019-03
809179,2019-03-18,6,10,2019-03
809179,2019-03-25,5,10,2019-03
809179,2019-04-01,7,10,2019-04
809179,2019-04-08,7,10,2019-04
809179,2019-04-15,7,10,2019-04
809179,2019-04-22,6,10,2019-04
809179,2019-04-29,2,0,2019-04
809257,2019-01-07,1,0,2019-01
809257,2019-02-04,1,0,2019-02
809257,2019-02-11,2,0,2019-02
809257,2019-02-18,7,10,2019-02
809257,2019-02-25,4,0,2019-02
809257,2019-03-04,6,10,2019-03
809257,2019-03-11,7,10,2019-03
809257,2019-03-18,4,0,2019-03
809257,2019-03-25,3,0,2019-03
809257,2019-04-08,2,0,2019-04
809257,2019-04-15,7,10,2019-04
809257,2019-04-22,3,0,2019-04
809257,2019-04-29,1,0,2019-04
809740,2018-12-31,1,0,2018-12
809740,2019-01-07,1,0,2019-01
813813,2018-12-31,4,0,2018-12
813813,2019-01-07,7,10,2019-01
813813,2019-01-14,7,10,2019-01
813813,2019-01-21,5,10,2019-01
813813,2019-01-28,6,10,2019-01
813813,2019-02-04,7,10,2019-02
813813,2019-02-11,6,10,2019-02
813813,2019-03-25,1,0,2019-03
813813,2019-04-01,2,0,2019-04
813862,2019-04-01,1,0,2019-04
814156,2019-01-28,6,10,2019-01
814156,2019-02-04,6,10,2019-02
814156,2019-02-11,6,10,2019-02
814156,2019-02-18,4,0,2019-02
814156,2019-02-25,6,10,2019-02
814156,2019-03-04,5,10,2019-03
814156,2019-03-11,5,10,2019-03
814156,2019-03-18,5,10,2019-03
814156,2019-04-01,3,0,2019-04
814156,2019-04-08,4,0,2019-04
814156,2019-04-29,2,0,2019-04
818389,2019-01-07,2,0,2019-01
818389,2019-02-25,4,0,2019-02
818389,2019-03-04,1,0,2019-03
818389,2019-03-11,3,0,2019-03
818389,2019-03-18,1,0,2019-03
818389,2019-03-25,1,0,2019-03
818389,2019-04-01,2,0,2019-04
818389,2019-04-08,1,0,2019-04
818389,2019-04-15,2,0,2019-04
818647,2018-12-31,6,10,2018-12
818647,2019-01-07,4,0,2019-01
818652,2019-01-07,4,0,2019-01
818652,2019-01-14,5,10,2019-01
818652,2019-01-21,4,0,2019-01
818652,2019-01-28,3,0,2019-01
818652,2019-02-04,6,10,2019-02
818652,2019-02-11,3,0,2019-02
818652,2019-02-18,6,10,2019-02
818652,2019-03-04,3,0,2019-03
818652,2019-03-11,1,0,2019-03
818652,2019-03-25,2,0,2019-03
818652,2019-04-01,6,10,2019-04
818652,2019-04-08,6,10,2019-04
818652,2019-04-15,7,10,2019-04
818652,2019-04-22,6,10,2019-04
818652,2019-04-29,1,0,2019-04
819007,2018-12-31,2,0,2018-12
819007,2019-01-07,6,10,2019-01
819007,2019-01-14,7,10,2019-01
819007,2019-01-21,6,10,2019-01
819007,2019-01-28,7,10,2019-01
819007,2019-02-04,5,10,2019-02
819056,2018-12-31,3,0,2018-12
819134,2019-01-14,4,0,2019-01
819134,2019-01-21,3,0,2019-01
819134,2019-01-28,2,0,2019-01
819134,2019-02-25,5,10,2019-02
819174,2019-01-21,2,0,2019-01
819174,2019-02-25,6,10,2019-02
819174,2019-04-29,1,0,2019-04
819218,2018-12-31,3,0,2018-12
819218,2019-01-07,5,10,2019-01
819218,2019-01-14,3,0,2019-01
819218,2019-01-21,3,0,2019-01
819218,2019-01-28,3,0,2019-01
819218,2019-02-04,6,10,2019-02
819218,2019-02-11,5,10,2019-02
819218,2019-02-18,5,10,2019-02
819218,2019-03-04,4,0,2019-03
819218,2019-03-11,3,0,2019-03
819218,2019-03-18,7,10,2019-03
819218,2019-03-25,4,0,2019-03
819218,2019-04-01,4,0,2019-04
819218,2019-04-08,4,0,2019-04
819218,2019-04-15,7,10,2019-04
819218,2019-04-22,5,10,2019-04
819218,2019-04-29,2,0,2019-04
819244,2019-01-07,5,10,2019-01
819244,2019-01-14,6,10,2019-01
819244,2019-01-21,4,0,2019-01
819244,2019-01-28,2,0,2019-01
819244,2019-02-04,2,0,2019-02
819244,2019-02-11,7,10,2019-02
819244,2019-03-04,1,0,2019-03
819244,2019-03-18,3,0,2019-03
819244,2019-03-25,3,0,2019-03
819244,2019-04-01,4,0,2019-04
819244,2019-04-08,5,10,2019-04
819244,2019-04-15,2,0,2019-04
819244,2019-04-29,2,0,2019-04
819408,2019-01-07,6,10,2019-01
819408,2019-01-14,4,0,2019-01
819408,2019-01-28,3,0,2019-01
819408,2019-02-04,3,0,2019-02
819408,2019-02-11,4,0,2019-02
819408,2019-02-18,5,10,2019-02
819408,2019-02-25,4,0,2019-02
819408,2019-03-04,2,0,2019-03
819408,2019-03-11,6,10,2019-03
819408,2019-03-18,6,10,2019-03
819408,2019-03-25,4,0,2019-03
819495,2018-12-31,5,10,2018-12
819495,2019-01-07,6,10,2019-01
819495,2019-04-15,2,0,2019-04
819495,2019-04-22,1,0,2019-04
819593,2018-12-31,5,10,2018-12
819593,2019-01-07,4,0,2019-01
819593,2019-01-14,6,10,2019-01
819593,2019-01-21,6,10,2019-01
819593,2019-01-28,5,10,2019-01
819593,2019-02-04,1,0,2019-02
819593,2019-02-11,3,0,2019-02
819593,2019-02-18,4,0,2019-02
819593,2019-02-25,6,10,2019-02
819593,2019-03-04,3,0,2019-03
819593,2019-03-11,6,10,2019-03
819593,2019-03-18,3,0,2019-03
819593,2019-03-25,3,0,2019-03
819593,2019-04-01,5,10,2019-04
819593,2019-04-08,5,10,2019-04
819593,2019-04-22,2,0,2019-04
819593,2019-04-29,1,0,2019-04
819622,2019-01-28,2,0,2019-01
819894,2019-04-01,2,0,2019-04
819894,2019-04-08,2,0,2019-04
819894,2019-04-22,1,0,2019-04
823577,2018-12-31,6,10,2018-12
823577,2019-01-07,7,10,2019-01
823577,2019-01-14,6,10,2019-01
823577,2019-01-21,4,0,2019-01
823660,2018-12-31,6,10,2018-12
823660,2019-01-07,5,10,2019-01
823660,2019-01-14,4,0,2019-01
823660,2019-01-21,5,10,2019-01
823660,2019-01-28,2,0,2019-01
823660,2019-02-04,3,0,2019-02
823660,2019-02-11,3,0,2019-02
823660,2019-03-11,3,0,2019-03
823660,2019-03-25,1,0,2019-03
823660,2019-04-01,3,0,2019-04
823660,2019-04-08,2,0,2019-04
823676,2018-12-31,5,10,2018-12
823676,2019-01-07,5,10,2019-01
823676,2019-01-14,5,10,2019-01
823676,2019-01-21,2,0,2019-01
823676,2019-01-28,4,0,2019-01
823676,2019-02-18,5,10,2019-02
823676,2019-02-25,6,10,2019-02
823676,2019-03-04,6,10,2019-03
823926,2018-12-31,2,0,2018-12
824138,2018-12-31,5,10,2018-12
824138,2019-01-07,5,10,2019-01
824138,2019-02-04,1,0,2019-02
824138,2019-02-11,6,10,2019-02
824138,2019-02-18,7,10,2019-02
824138,2019-02-25,7,10,2019-02
824138,2019-03-04,5,10,2019-03
824138,2019-03-11,7,10,2019-03
824138,2019-03-18,6,10,2019-03
824354,2018-12-31,6,10,2018-12
824354,2019-01-07,1,0,2019-01
824713,2018-12-31,5,10,2018-12
825112,2019-02-04,1,0,2019-02
825112,2019-04-01,1,0,2019-04
825112,2019-04-08,1,0,2019-04
825346,2019-01-21,2,0,2019-01
825346,2019-02-04,5,10,2019-02
825346,2019-03-04,4,0,2019-03
825346,2019-03-11,1,0,2019-03
825346,2019-03-18,6,10,2019-03
825346,2019-03-25,3,0,2019-03
825346,2019-04-01,2,0,2019-04
825346,2019-04-08,4,0,2019-04
825446,2019-01-14,2,0,2019-01
825446,2019-01-21,6,10,2019-01
825446,2019-01-28,7,10,2019-01
825446,2019-02-04,6,10,2019-02
825446,2019-02-11,6,10,2019-02
825446,2019-02-18,6,10,2019-02
825446,2019-02-25,1,0,2019-02
825446,2019-03-04,2,0,2019-03
825446,2019-03-18,1,0,2019-03
825446,2019-03-25,1,0,2019-03
825446,2019-04-15,3,0,2019-04
825446,2019-04-22,4,0,2019-04
825446,2019-04-29,2,0,2019-04
829115,2018-12-31,3,0,2018-12
829115,2019-01-07,5,10,2019-01
829115,2019-01-14,4,0,2019-01
829115,2019-04-15,3,0,2019-04
829115,2019-04-22,1,0,2019-04
829115,2019-04-29,1,0,2019-04
829204,2019-01-28,3,0,2019-01
829617,2018-12-31,2,0,2018-12
829617,2019-01-07,2,0,2019-01
829617,2019-01-14,1,0,2019-01
829617,2019-02-25,5,10,2019-02
829617,2019-03-04,7,10,2019-03
829617,2019-03-11,4,0,2019-03
829843,2019-04-29,1,0,2019-04
829930,2018-12-31,4,0,2018-12
829930,2019-01-07,2,0,2019-01
829930,2019-01-14,5,10,2019-01
829930,2019-01-21,4,0,2019-01
829930,2019-01-28,5,10,2019-01
829930,2019-02-04,6,10,2019-02
829930,2019-02-11,3,0,2019-02
829930,2019-02-25,2,0,2019-02
829930,2019-03-04,7,10,2019-03
829930,2019-03-11,7,10,2019-03
829930,2019-03-18,6,10,2019-03
829930,2019-03-25,7,10,2019-03
829930,2019-04-01,2,0,2019-04
829930,2019-04-08,4,0,2019-04
830012,2018-12-31,6,10,2018-12
830012,2019-01-07,3,0,2019-01
830012,2019-01-14,3,0,2019-01
830012,2019-01-21,7,10,2019-01
830012,2019-01-28,7,10,2019-01
830012,2019-02-04,7,10,2019-02
830012,2019-02-11,7,10,2019-02
830012,2019-02-18,7,10,2019-02
830012,2019-02-25,7,10,2019-02
830012,2019-03-04,7,10,2019-03
830012,2019-03-11,1,0,2019-03
830012,2019-03-25,4,0,2019-03
830012,2019-04-01,7,10,2019-04
830012,2019-04-08,1,0,2019-04
830198,2019-01-21,3,0,2019-01
830198,2019-01-28,5,10,2019-01
830198,2019-02-04,5,10,2019-02
830198,2019-02-11,3,0,2019-02
830198,2019-02-18,5,10,2019-02
830198,2019-02-25,3,0,2019-02
830198,2019-03-04,4,0,2019-03
830198,2019-03-11,7,10,2019-03
830198,2019-03-18,1,0,2019-03
830198,2019-03-25,3,0,2019-03
830198,2019-04-01,5,10,2019-04
840918,2019-01-14,4,0,2019-01
840918,2019-01-21,1,0,2019-01
840918,2019-02-04,6,10,2019-02
840918,2019-02-11,3,0,2019-02
841373,2018-12-31,1,0,2018-12
841373,2019-01-14,1,0,2019-01
841443,2019-01-07,3,0,2019-01
841443,2019-01-14,5,10,2019-01
841443,2019-01-21,3,0,2019-01
841443,2019-01-28,2,0,2019-01
841443,2019-04-08,3,0,2019-04
841443,2019-04-15,6,10,2019-04
841443,2019-04-22,5,10,2019-04
841443,2019-04-29,2,0,2019-04
841617,2018-12-31,5,10,2018-12
841617,2019-01-07,7,10,2019-01
841617,2019-01-14,4,0,2019-01
841617,2019-01-21,4,0,2019-01
841617,2019-01-28,5,10,2019-01
841617,2019-02-04,4,0,2019-02
841617,2019-02-11,6,10,2019-02
841617,2019-02-18,4,0,2019-02
841617,2019-02-25,5,10,2019-02
841617,2019-03-04,2,0,2019-03
841617,2019-03-18,2,0,2019-03
841617,2019-03-25,6,10,2019-03
841617,2019-04-01,1,0,2019-04
842165,2019-01-28,1,0,2019-01
842165,2019-02-04,3,0,2019-02
842165,2019-03-25,1,0,2019-03
842165,2019-04-29,1,0,2019-04
842661,2019-04-15,2,0,2019-04
842661,2019-04-22,2,0,2019-04
846255,2019-01-07,4,0,2019-01
846255,2019-01-14,3,0,2019-01
846255,2019-01-21,2,0,2019-01
846576,2018-12-31,2,0,2018-12
846576,2019-01-07,4,0,2019-01
846576,2019-02-04,6,10,2019-02
846576,2019-02-11,6,10,2019-02
846576,2019-02-18,7,10,2019-02
846576,2019-02-25,7,10,2019-02
846576,2019-03-04,7,10,2019-03
846576,2019-03-11,6,10,2019-03
846576,2019-03-18,2,0,2019-03
846576,2019-03-25,5,10,2019-03
846576,2019-04-01,1,0,2019-04
846576,2019-04-22,6,10,2019-04
846576,2019-04-29,2,0,2019-04
846593,2019-01-07,1,0,2019-01
846593,2019-01-28,2,0,2019-01
846593,2019-04-08,1,0,2019-04
846808,2019-04-22,2,0,2019-04
846808,2019-04-29,1,0,2019-04
851328,2019-01-07,3,0,2019-01
851553,2018-12-31,6,10,2018-12
851553,2019-01-07,7,10,2019-01
851553,2019-01-14,5,10,2019-01
851553,2019-01-21,1,0,2019-01
851553,2019-01-28,4,0,2019-01
851553,2019-02-04,6,10,2019-02
851553,2019-02-11,6,10,2019-02
851553,2019-02-18,6,10,2019-02
851553,2019-02-25,7,10,2019-02
851553,2019-03-04,7,10,2019-03
851553,2019-03-11,5,10,2019-03
851553,2019-03-18,2,0,2019-03
851553,2019-03-25,7,10,2019-03
851553,2019-04-01,7,10,2019-04
851553,2019-04-08,2,0,2019-04
851553,2019-04-15,4,0,2019-04
851553,2019-04-22,7,10,2019-04
851553,2019-04-29,1,0,2019-04
852846,2018-12-31,5,10,2018-12
852846,2019-01-07,6,10,2019-01
852846,2019-01-14,6,10,2019-01
852846,2019-01-21,3,0,2019-01
852846,2019-01-28,4,0,2019-01
852846,2019-02-04,3,0,2019-02
852846,2019-02-11,6,10,2019-02
852846,2019-02-18,6,10,2019-02
852846,2019-02-25,3,0,2019-02
852846,2019-03-18,6,10,2019-03
852846,2019-03-25,4,0,2019-03
852846,2019-04-01,4,0,2019-04
852877,2018-12-31,5,10,2018-12
852877,2019-01-07,5,10,2019-01
852877,2019-01-14,5,10,2019-01
852877,2019-01-21,3,0,2019-01
852877,2019-01-28,4,0,2019-01
852877,2019-02-04,3,0,2019-02
852877,2019-02-18,5,10,2019-02
852877,2019-02-25,7,10,2019-02
852877,2019-03-18,5,10,2019-03
852877,2019-03-25,6,10,2019-03
852877,2019-04-01,1,0,2019-04
852877,2019-04-08,3,0,2019-04
852877,2019-04-15,5,10,2019-04
852877,2019-04-22,3,0,2019-04
852877,2019-04-29,1,0,2019-04
853211,2018-12-31,1,0,2018-12
853211,2019-01-07,7,10,2019-01
853211,2019-01-14,2,0,2019-01
853211,2019-01-21,4,0,2019-01
853211,2019-01-28,7,10,2019-01
853211,2019-02-04,7,10,2019-02
853211,2019-02-11,5,10,2019-02
853211,2019-02-18,1,0,2019-02
853211,2019-04-01,1,0,2019-04
853211,2019-04-08,7,10,2019-04
853211,2019-04-15,6,10,2019-04
853211,2019-04-22,7,10,2019-04
853211,2019-04-29,2,0,2019-04
853290,2019-01-14,2,0,2019-01
853290,2019-01-21,3,0,2019-01
853290,2019-01-28,5,10,2019-01
853290,2019-02-04,6,10,2019-02
853290,2019-02-11,5,10,2019-02
853290,2019-02-18,6,10,2019-02
853290,2019-02-25,4,0,2019-02
853290,2019-03-04,6,10,2019-03
853290,2019-03-11,5,10,2019-03
853290,2019-03-18,6,10,2019-03
853290,2019-03-25,2,0,2019-03
853290,2019-04-01,2,0,2019-04
853290,2019-04-29,2,0,2019-04
853600,2018-12-31,6,10,2018-12
853600,2019-01-07,4,0,2019-01
853600,2019-01-28,4,0,2019-01
853600,2019-02-04,4,0,2019-02
853602,2018-12-31,4,0,2018-12
853602,2019-01-07,7,10,2019-01
853602,2019-01-14,7,10,2019-01
853602,2019-01-21,6,10,2019-01
853602,2019-01-28,2,0,2019-01
862151,2019-01-14,7,10,2019-01
862151,2019-01-21,6,10,2019-01
862151,2019-01-28,6,10,2019-01
862151,2019-02-04,7,10,2019-02
862151,2019-02-11,5,10,2019-02
862151,2019-02-18,6,10,2019-02
862151,2019-02-25,6,10,2019-02
862151,2019-03-04,6,10,2019-03
862151,2019-03-11,3,0,2019-03
862151,2019-03-18,3,0,2019-03
862151,2019-03-25,7,10,2019-03
862151,2019-04-01,4,0,2019-04
862151,2019-04-08,3,0,2019-04
862162,2018-12-31,4,0,2018-12
862162,2019-01-07,5,10,2019-01
862162,2019-01-14,7,10,2019-01
862162,2019-01-28,2,0,2019-01
862162,2019-02-04,6,10,2019-02
862162,2019-02-11,7,10,2019-02
862162,2019-02-18,7,10,2019-02
862162,2019-02-25,2,0,2019-02
862367,2018-12-31,3,0,2018-12
862367,2019-01-07,5,10,2019-01
862367,2019-01-14,6,10,2019-01
862367,2019-01-21,2,0,2019-01
862367,2019-01-28,6,10,2019-01
862367,2019-02-04,6,10,2019-02
862367,2019-02-11,7,10,2019-02
862367,2019-02-18,5,10,2019-02
862367,2019-02-25,6,10,2019-02
862367,2019-03-04,7,10,2019-03
862367,2019-03-11,7,10,2019-03
862367,2019-03-18,2,0,2019-03
862367,2019-03-25,2,0,2019-03
862465,2018-12-31,3,0,2018-12
862465,2019-01-07,4,0,2019-01
862465,2019-01-14,7,10,2019-01
862465,2019-01-21,4,0,2019-01
862801,2018-12-31,1,0,2018-12
862801,2019-01-14,6,10,2019-01
862801,2019-01-21,4,0,2019-01
862801,2019-01-28,6,10,2019-01
862801,2019-02-04,2,0,2019-02
863275,2018-12-31,1,0,2018-12
863275,2019-01-07,1,0,2019-01
863275,2019-01-14,6,10,2019-01
863275,2019-01-21,4,0,2019-01
863275,2019-01-28,6,10,2019-01
863275,2019-02-04,6,10,2019-02
863275,2019-02-11,2,0,2019-02
863275,2019-02-25,6,10,2019-02
863275,2019-03-04,6,10,2019-03
863275,2019-03-11,5,10,2019-03
863275,2019-03-18,4,0,2019-03
863275,2019-03-25,7,10,2019-03
863275,2019-04-01,7,10,2019-04
863275,2019-04-08,5,10,2019-04
863275,2019-04-22,5,10,2019-04
863275,2019-04-29,2,0,2019-04
863476,2018-12-31,6,10,2018-12
863476,2019-01-07,4,0,2019-01
863476,2019-01-14,6,10,2019-01
863476,2019-01-21,6,10,2019-01
863476,2019-01-28,3,0,2019-01
863476,2019-02-11,6,10,2019-02
863476,2019-02-18,6,10,2019-02
863476,2019-02-25,5,10,2019-02
863476,2019-03-04,6,10,2019-03
863476,2019-03-11,6,10,2019-03
863476,2019-03-18,5,10,2019-03
863476,2019-03-25,7,10,2019-03
863476,2019-04-01,4,0,2019-04
863476,2019-04-08,5,10,2019-04
863476,2019-04-15,4,0,2019-04
863578,2019-01-14,2,0,2019-01
863707,2018-12-31,6,10,2018-12
863707,2019-01-07,5,10,2019-01
863707,2019-02-04,2,0,2019-02
863707,2019-02-11,7,10,2019-02
863707,2019-02-18,5,10,2019-02
863707,2019-02-25,5,10,2019-02
863707,2019-03-04,3,0,2019-03
863707,2019-03-11,5,10,2019-03
863707,2019-03-25,7,10,2019-03
863707,2019-04-01,3,0,2019-04
863707,2019-04-08,7,10,2019-04
863707,2019-04-15,2,0,2019-04
880440,2019-01-28,1,0,2019-01
880440,2019-02-04,1,0,2019-02
880681,2019-01-14,4,0,2019-01
880681,2019-01-28,5,10,2019-01
880681,2019-02-04,6,10,2019-02
880681,2019-02-11,4,0,2019-02
880681,2019-03-11,1,0,2019-03
880681,2019-03-18,1,0,2019-03
880690,2019-01-07,6,10,2019-01
880690,2019-01-14,4,0,2019-01
880690,2019-01-28,1,0,2019-01
880690,2019-02-11,4,0,2019-02
880778,2018-12-31,6,10,2018-12
880778,2019-01-07,7,10,2019-01
880778,2019-01-28,6,10,2019-01
880778,2019-02-04,7,10,2019-02
880778,2019-02-11,7,10,2019-02
880778,2019-02-18,7,10,2019-02
880778,2019-02-25,7,10,2019-02
880778,2019-03-04,7,10,2019-03
880778,2019-03-11,1,0,2019-03
880778,2019-03-25,2,0,2019-03
880778,2019-04-01,7,10,2019-04
880778,2019-04-08,7,10,2019-04
880778,2019-04-15,4,0,2019-04
880778,2019-04-22,6,10,2019-04
880778,2019-04-29,2,0,2019-04
880833,2019-02-04,6,10,2019-02
880833,2019-02-11,4,0,2019-02
880833,2019-02-18,5,10,2019-02
880833,2019-02-25,3,0,2019-02
880877,2019-01-21,2,0,2019-01
880877,2019-01-28,3,0,2019-01
880877,2019-03-04,6,10,2019-03
880877,2019-03-11,2,0,2019-03
880877,2019-03-18,7,10,2019-03
880877,2019-03-25,7,10,2019-03
880877,2019-04-01,5,10,2019-04
880877,2019-04-08,3,0,2019-04
880877,2019-04-15,5,10,2019-04
880877,2019-04-22,7,10,2019-04
880877,2019-04-29,2,0,2019-04
881078,2019-02-11,1,0,2019-02
881090,2019-01-07,1,0,2019-01
881281,2019-01-21,1,0,2019-01
881281,2019-02-11,4,0,2019-02
881281,2019-02-18,4,0,2019-02
882419,2018-12-31,5,10,2018-12
882419,2019-01-07,5,10,2019-01
882419,2019-01-14,5,10,2019-01
882419,2019-01-21,4,0,2019-01
882419,2019-01-28,7,10,2019-01
882419,2019-02-04,7,10,2019-02
882419,2019-02-11,7,10,2019-02
882419,2019-02-18,7,10,2019-02
882419,2019-02-25,6,10,2019-02
882419,2019-03-04,7,10,2019-03
882419,2019-03-11,7,10,2019-03
882419,2019-03-18,6,10,2019-03
882419,2019-03-25,7,10,2019-03
882419,2019-04-01,5,10,2019-04
882419,2019-04-08,7,10,2019-04
882419,2019-04-15,6,10,2019-04
882419,2019-04-22,7,10,2019-04
882419,2019-04-29,2,0,2019-04
885699,2019-01-28,2,0,2019-01
885906,2018-12-31,6,10,2018-12
885906,2019-01-07,7,10,2019-01
885906,2019-01-14,6,10,2019-01
885906,2019-01-21,5,10,2019-01
885906,2019-01-28,7,10,2019-01
885906,2019-02-04,5,10,2019-02
885906,2019-02-11,6,10,2019-02
885906,2019-02-18,4,0,2019-02
885906,2019-02-25,2,0,2019-02
885906,2019-03-04,2,0,2019-03
886027,2019-01-07,2,0,2019-01
886027,2019-01-14,3,0,2019-01
886027,2019-01-21,1,0,2019-01
886027,2019-01-28,2,0,2019-01
886027,2019-02-04,2,0,2019-02
886027,2019-02-18,2,0,2019-02
886027,2019-02-25,7,10,2019-02
886027,2019-03-04,2,0,2019-03
886027,2019-03-11,2,0,2019-03
886027,2019-03-18,7,10,2019-03
886027,2019-03-25,1,0,2019-03
886027,2019-04-01,2,0,2019-04
886027,2019-04-08,6,10,2019-04
886027,2019-04-15,6,10,2019-04
886027,2019-04-22,6,10,2019-04
886027,2019-04-29,2,0,2019-04
886305,2018-12-31,1,0,2018-12
886305,2019-01-14,3,0,2019-01
886305,2019-02-18,1,0,2019-02
886305,2019-02-25,3,0,2019-02
886434,2018-12-31,2,0,2018-12
886434,2019-01-07,6,10,2019-01
886434,2019-01-14,7,10,2019-01
886434,2019-01-21,5,10,2019-01
886434,2019-01-28,2,0,2019-01
886434,2019-02-04,5,10,2019-02
886434,2019-02-11,5,10,2019-02
886434,2019-02-18,5,10,2019-02
886434,2019-02-25,3,0,2019-02
886434,2019-03-04,3,0,2019-03
886434,2019-03-11,3,0,2019-03
886434,2019-03-18,1,0,2019-03
886434,2019-03-25,1,0,2019-03
886434,2019-04-22,3,0,2019-04
886434,2019-04-29,1,0,2019-04
886514,2018-12-31,6,10,2018-12
886514,2019-01-07,3,0,2019-01
886514,2019-01-14,6,10,2019-01
886514,2019-01-21,4,0,2019-01
886514,2019-01-28,3,0,2019-01
886514,2019-02-04,7,10,2019-02
886514,2019-02-11,7,10,2019-02
886514,2019-02-18,6,10,2019-02
886514,2019-02-25,6,10,2019-02
886514,2019-03-04,6,10,2019-03
886514,2019-03-11,5,10,2019-03
886514,2019-04-01,5,10,2019-04
886514,2019-04-08,6,10,2019-04
886514,2019-04-15,7,10,2019-04
886514,2019-04-22,7,10,2019-04
886514,2019-04-29,1,0,2019-04
886768,2018-12-31,2,0,2018-12
886768,2019-01-07,5,10,2019-01
886768,2019-01-14,6,10,2019-01
886768,2019-01-21,4,0,2019-01
886768,2019-01-28,5,10,2019-01
886768,2019-02-04,5,10,2019-02
886768,2019-02-11,6,10,2019-02
886768,2019-02-18,6,10,2019-02
886768,2019-02-25,3,0,2019-02
886768,2019-03-04,1,0,2019-03
886768,2019-04-22,2,0,2019-04
886768,2019-04-29,1,0,2019-04
887348,2019-01-14,3,0,2019-01
887348,2019-02-25,3,0,2019-02
887348,2019-03-04,2,0,2019-03
887348,2019-03-11,1,0,2019-03
887348,2019-03-18,4,0,2019-03
887348,2019-03-25,2,0,2019-03
887348,2019-04-01,3,0,2019-04
887348,2019-04-08,2,0,2019-04
887348,2019-04-22,1,0,2019-04
887501,2018-12-31,1,0,2018-12
887501,2019-01-14,1,0,2019-01
887501,2019-01-21,6,10,2019-01
887501,2019-01-28,6,10,2019-01
887501,2019-02-04,1,0,2019-02
887501,2019-02-11,3,0,2019-02
887501,2019-02-18,6,10,2019-02
887501,2019-02-25,6,10,2019-02
887501,2019-03-04,6,10,2019-03
887501,2019-03-11,7,10,2019-03
887501,2019-03-18,6,10,2019-03
887501,2019-03-25,5,10,2019-03
887501,2019-04-01,7,10,2019-04
887501,2019-04-08,7,10,2019-04
887501,2019-04-15,7,10,2019-04
887501,2019-04-22,7,10,2019-04
887501,2019-04-29,1,0,2019-04
887529,2019-04-15,5,10,2019-04
887529,2019-04-22,6,10,2019-04
887529,2019-04-29,2,0,2019-04
887758,2019-01-14,5,10,2019-01
887758,2019-01-21,4,0,2019-01
887758,2019-01-28,1,0,2019-01
892065,2019-01-07,5,10,2019-01
892065,2019-01-14,5,10,2019-01
892065,2019-01-21,4,0,2019-01
892065,2019-01-28,5,10,2019-01
892065,2019-02-04,3,0,2019-02
892065,2019-02-11,5,10,2019-02
892065,2019-02-18,6,10,2019-02
892065,2019-02-25,2,0,2019-02
892065,2019-03-04,5,10,2019-03
892065,2019-03-11,5,10,2019-03
892065,2019-03-18,2,0,2019-03
892065,2019-03-25,5,10,2019-03
892065,2019-04-01,4,0,2019-04
892065,2019-04-08,5,10,2019-04
892065,2019-04-15,5,10,2019-04
892065,2019-04-22,5,10,2019-04
892065,2019-04-29,2,0,2019-04
892220,2018-12-31,6,10,2018-12
892220,2019-01-07,7,10,2019-01
892220,2019-01-14,7,10,2019-01
892220,2019-01-21,4,0,2019-01
892425,2019-01-14,3,0,2019-01
892425,2019-01-21,4,0,2019-01
892425,2019-01-28,5,10,2019-01
892425,2019-02-04,7,10,2019-02
892425,2019-02-11,7,10,2019-02
892425,2019-02-18,6,10,2019-02
892425,2019-02-25,3,0,2019-02
892425,2019-03-04,7,10,2019-03
892425,2019-03-11,6,10,2019-03
892425,2019-03-18,6,10,2019-03
892425,2019-03-25,4,0,2019-03
892425,2019-04-01,6,10,2019-04
892425,2019-04-08,7,10,2019-04
892425,2019-04-15,7,10,2019-04
892425,2019-04-22,6,10,2019-04
892425,2019-04-29,2,0,2019-04
892597,2019-04-29,1,0,2019-04
892694,2019-01-14,6,10,2019-01
892694,2019-01-21,6,10,2019-01
892694,2019-02-11,6,10,2019-02
892694,2019-02-18,7,10,2019-02
892694,2019-02-25,6,10,2019-02
892694,2019-03-04,6,10,2019-03
892694,2019-03-11,6,10,2019-03
892694,2019-03-18,5,10,2019-03
892694,2019-03-25,4,0,2019-03
892694,2019-04-01,5,10,2019-04
892694,2019-04-08,1,0,2019-04
892694,2019-04-15,6,10,2019-04
892694,2019-04-22,6,10,2019-04
892694,2019-04-29,1,0,2019-04
893235,2019-01-14,2,0,2019-01
893235,2019-02-04,2,0,2019-02
893235,2019-03-11,4,0,2019-03
893235,2019-03-18,3,0,2019-03
893235,2019-03-25,7,10,2019-03
893235,2019-04-01,2,0,2019-04
893483,2019-02-04,4,0,2019-02
893483,2019-02-11,7,10,2019-02
893483,2019-02-18,7,10,2019-02
893483,2019-02-25,3,0,2019-02
893483,2019-03-04,6,10,2019-03
893483,2019-03-11,7,10,2019-03
893483,2019-03-18,1,0,2019-03
893483,2019-03-25,7,10,2019-03
893483,2019-04-01,7,10,2019-04
893483,2019-04-08,3,0,2019-04
893483,2019-04-15,3,0,2019-04
893483,2019-04-22,7,10,2019-04
893483,2019-04-29,1,0,2019-04
893635,2019-01-07,3,0,2019-01
893635,2019-01-14,6,10,2019-01
893635,2019-01-21,5,10,2019-01
893635,2019-01-28,1,0,2019-01
893635,2019-02-18,6,10,2019-02
893635,2019-02-25,6,10,2019-02
893635,2019-03-04,4,0,2019-03
893635,2019-03-11,7,10,2019-03
893635,2019-03-18,6,10,2019-03
893635,2019-03-25,7,10,2019-03
893635,2019-04-01,7,10,2019-04
893635,2019-04-08,7,10,2019-04
893635,2019-04-15,1,0,2019-04
898469,2018-12-31,4,0,2018-12
898469,2019-01-07,7,10,2019-01
898469,2019-01-14,5,10,2019-01
898469,2019-01-21,5,10,2019-01
898469,2019-01-28,5,10,2019-01
898469,2019-02-04,5,10,2019-02
898469,2019-02-11,3,0,2019-02
898469,2019-02-25,7,10,2019-02
898469,2019-03-04,3,0,2019-03
898469,2019-03-11,6,10,2019-03
898469,2019-03-18,3,0,2019-03
898469,2019-04-01,2,0,2019-04
898469,2019-04-08,5,10,2019-04
898469,2019-04-15,6,10,2019-04
898469,2019-04-22,6,10,2019-04
898548,2019-01-07,5,10,2019-01
898548,2019-01-14,7,10,2019-01
898548,2019-01-21,6,10,2019-01
898548,2019-01-28,6,10,2019-01
898548,2019-02-04,4,0,2019-02
898548,2019-02-11,6,10,2019-02
898548,2019-02-18,6,10,2019-02
898548,2019-02-25,2,0,2019-02
898548,2019-04-08,4,0,2019-04
898548,2019-04-15,6,10,2019-04
898548,2019-04-22,3,0,2019-04
898548,2019-04-29,2,0,2019-04
898740,2018-12-31,5,10,2018-12
898740,2019-01-07,7,10,2019-01
898740,2019-01-14,7,10,2019-01
898740,2019-01-21,7,10,2019-01
898740,2019-01-28,7,10,2019-01
898740,2019-02-04,7,10,2019-02
898740,2019-02-11,7,10,2019-02
898740,2019-02-18,4,0,2019-02
898740,2019-02-25,6,10,2019-02
898740,2019-03-04,7,10,2019-03
898740,2019-03-11,7,10,2019-03
898740,2019-03-18,7,10,2019-03
898740,2019-03-25,6,10,2019-03
898740,2019-04-01,6,10,2019-04
898740,2019-04-08,1,0,2019-04
898740,2019-04-15,5,10,2019-04
898740,2019-04-22,7,10,2019-04
898740,2019-04-29,2,0,2019-04
899344,2018-12-31,3,0,2018-12
899344,2019-01-14,2,0,2019-01
899344,2019-01-21,3,0,2019-01
899394,2019-01-07,5,10,2019-01
899394,2019-01-14,6,10,2019-01
899394,2019-01-21,5,10,2019-01
899457,2018-12-31,2,0,2018-12
899457,2019-01-07,5,10,2019-01
899457,2019-01-14,4,0,2019-01
899457,2019-01-21,1,0,2019-01
899457,2019-02-11,4,0,2019-02
899457,2019-02-18,4,0,2019-02
899457,2019-02-25,4,0,2019-02
899457,2019-03-04,6,10,2019-03
899457,2019-03-11,7,10,2019-03
899457,2019-03-18,4,0,2019-03
899457,2019-03-25,6,10,2019-03
899457,2019-04-01,2,0,2019-04
899457,2019-04-15,4,0,2019-04
899457,2019-04-22,5,10,2019-04
899457,2019-04-29,2,0,2019-04
899460,2019-04-29,2,0,2019-04
900234,2018-12-31,2,0,2018-12
900234,2019-01-07,5,10,2019-01
900234,2019-01-14,4,0,2019-01
900234,2019-01-21,5,10,2019-01
900234,2019-01-28,5,10,2019-01
900234,2019-02-04,6,10,2019-02
900234,2019-02-11,5,10,2019-02
900234,2019-02-18,1,0,2019-02
900343,2018-12-31,6,10,2018-12
900343,2019-01-07,3,0,2019-01
900491,2018-12-31,2,0,2018-12
900491,2019-01-07,1,0,2019-01
900491,2019-03-11,3,0,2019-03
900491,2019-03-18,5,10,2019-03
900491,2019-03-25,6,10,2019-03
900491,2019-04-01,5,10,2019-04
900491,2019-04-08,7,10,2019-04
900491,2019-04-15,2,0,2019-04
900491,2019-04-22,5,10,2019-04
900491,2019-04-29,1,0,2019-04
901177,2019-01-07,5,10,2019-01
901177,2019-01-14,6,10,2019-01
901177,2019-01-21,4,0,2019-01
901177,2019-01-28,6,10,2019-01
901177,2019-02-04,5,10,2019-02
901177,2019-02-11,4,0,2019-02
901177,2019-02-18,6,10,2019-02
901177,2019-02-25,4,0,2019-02
901177,2019-03-04,5,10,2019-03
901177,2019-03-11,6,10,2019-03
901177,2019-03-25,4,0,2019-03
901177,2019-04-01,5,10,2019-04
905632,2019-01-21,3,0,2019-01
905632,2019-01-28,6,10,2019-01
905632,2019-02-04,7,10,2019-02
905632,2019-02-11,5,10,2019-02
905632,2019-02-18,7,10,2019-02
905632,2019-02-25,6,10,2019-02
905632,2019-03-04,5,10,2019-03
905632,2019-03-11,7,10,2019-03
905632,2019-03-18,3,0,2019-03
905905,2019-01-14,2,0,2019-01
905905,2019-01-21,2,0,2019-01
905905,2019-01-28,5,10,2019-01
905905,2019-02-04,5,10,2019-02
905905,2019-02-11,2,0,2019-02
905905,2019-02-18,4,0,2019-02
905905,2019-02-25,2,0,2019-02
905905,2019-03-04,5,10,2019-03
905905,2019-03-11,4,0,2019-03
906444,2018-12-31,5,10,2018-12
906444,2019-01-07,2,0,2019-01
906444,2019-01-14,7,10,2019-01
906444,2019-01-21,1,0,2019-01
906444,2019-01-28,4,0,2019-01
906444,2019-02-04,4,0,2019-02
906895,2018-12-31,5,10,2018-12
906895,2019-01-07,7,10,2019-01
906895,2019-01-14,6,10,2019-01
906895,2019-01-21,6,10,2019-01
906895,2019-01-28,7,10,2019-01
906895,2019-02-04,7,10,2019-02
906895,2019-02-11,7,10,2019-02
906895,2019-02-18,4,0,2019-02
906895,2019-02-25,6,10,2019-02
906895,2019-03-04,1,0,2019-03
906895,2019-03-11,5,10,2019-03
906895,2019-03-18,4,0,2019-03
906895,2019-03-25,7,10,2019-03
906895,2019-04-01,5,10,2019-04
906895,2019-04-08,1,0,2019-04
906895,2019-04-15,2,0,2019-04
913774,2019-01-07,4,0,2019-01
913774,2019-01-14,5,10,2019-01
913774,2019-01-28,5,10,2019-01
913774,2019-02-04,7,10,2019-02
913774,2019-02-11,5,10,2019-02
913774,2019-04-01,1,0,2019-04
914142,2019-01-28,2,0,2019-01
914314,2018-12-31,4,0,2018-12
914314,2019-01-07,4,0,2019-01
914314,2019-01-14,7,10,2019-01
914314,2019-01-21,6,10,2019-01
914314,2019-01-28,7,10,2019-01
914314,2019-02-04,6,10,2019-02
914314,2019-02-11,7,10,2019-02
914314,2019-02-18,7,10,2019-02
914314,2019-02-25,7,10,2019-02
914314,2019-03-04,6,10,2019-03
914314,2019-03-11,6,10,2019-03
914314,2019-03-18,5,10,2019-03
914314,2019-03-25,6,10,2019-03
914314,2019-04-01,7,10,2019-04
914314,2019-04-08,1,0,2019-04
914408,2019-01-21,3,0,2019-01
914408,2019-01-28,4,0,2019-01
914408,2019-02-04,6,10,2019-02
914408,2019-02-11,4,0,2019-02
914408,2019-02-25,4,0,2019-02
914408,2019-03-04,5,10,2019-03
914408,2019-03-11,5,10,2019-03
914408,2019-03-18,6,10,2019-03
914408,2019-03-25,5,10,2019-03
914408,2019-04-01,4,0,2019-04
914408,2019-04-08,5,10,2019-04
914408,2019-04-15,3,0,2019-04
914408,2019-04-22,3,0,2019-04
914408,2019-04-29,2,0,2019-04
914550,2019-01-07,2,0,2019-01
914550,2019-01-14,5,10,2019-01
914550,2019-01-21,6,10,2019-01
914550,2019-01-28,6,10,2019-01
914550,2019-02-04,7,10,2019-02
914550,2019-02-11,6,10,2019-02
914550,2019-02-18,7,10,2019-02
914550,2019-02-25,6,10,2019-02
914550,2019-03-04,5,10,2019-03
914550,2019-03-11,7,10,2019-03
914550,2019-03-18,5,10,2019-03
914550,2019-03-25,7,10,2019-03
914550,2019-04-01,7,10,2019-04
914550,2019-04-08,6,10,2019-04
914550,2019-04-15,1,0,2019-04
927494,2019-01-28,1,0,2019-01
927494,2019-03-11,2,0,2019-03
927494,2019-04-08,2,0,2019-04
927494,2019-04-15,2,0,2019-04
927494,2019-04-22,6,10,2019-04
927494,2019-04-29,2,0,2019-04
927990,2018-12-31,5,10,2018-12
927990,2019-01-07,5,10,2019-01
927990,2019-01-14,7,10,2019-01
927990,2019-01-21,6,10,2019-01
927990,2019-01-28,7,10,2019-01
927990,2019-02-04,7,10,2019-02
927990,2019-02-11,5,10,2019-02
927990,2019-02-18,1,0,2019-02
927990,2019-02-25,7,10,2019-02
927990,2019-03-04,7,10,2019-03
927990,2019-03-11,7,10,2019-03
927990,2019-03-18,5,10,2019-03
927990,2019-03-25,1,0,2019-03
929450,2019-01-21,1,0,2019-01
934397,2019-02-25,2,0,2019-02
934397,2019-03-04,4,0,2019-03
934397,2019-03-11,6,10,2019-03
934397,2019-03-18,1,0,2019-03
934448,2018-12-31,6,10,2018-12
934448,2019-01-07,7,10,2019-01
934448,2019-01-14,7,10,2019-01
934448,2019-01-21,5,10,2019-01
934448,2019-01-28,7,10,2019-01
934448,2019-02-04,7,10,2019-02
934448,2019-02-11,7,10,2019-02
934448,2019-02-18,7,10,2019-02
934448,2019-02-25,7,10,2019-02
934448,2019-03-04,7,10,2019-03
934448,2019-03-11,7,10,2019-03
934448,2019-03-18,6,10,2019-03
934448,2019-03-25,1,0,2019-03
934448,2019-04-01,3,0,2019-04
934448,2019-04-15,2,0,2019-04
934448,2019-04-22,7,10,2019-04
934448,2019-04-29,2,0,2019-04
934495,2019-03-04,4,0,2019-03
934495,2019-03-11,4,0,2019-03
934495,2019-03-18,5,10,2019-03
934495,2019-03-25,3,0,2019-03
934495,2019-04-01,6,10,2019-04
934495,2019-04-08,6,10,2019-04
934495,2019-04-15,1,0,2019-04
934495,2019-04-22,3,0,2019-04
934495,2019-04-29,1,0,2019-04
934902,2019-01-14,3,0,2019-01
935007,2018-12-31,6,10,2018-12
935007,2019-01-07,7,10,2019-01
935007,2019-01-14,7,10,2019-01
935007,2019-01-21,6,10,2019-01
935007,2019-01-28,5,10,2019-01
935007,2019-02-04,4,0,2019-02
935007,2019-02-11,3,0,2019-02
935007,2019-02-18,3,0,2019-02
935007,2019-02-25,3,0,2019-02
935007,2019-03-11,5,10,2019-03
935007,2019-03-18,4,0,2019-03
935007,2019-03-25,6,10,2019-03
935007,2019-04-01,6,10,2019-04
935007,2019-04-08,4,0,2019-04
935007,2019-04-22,2,0,2019-04
936477,2018-12-31,6,10,2018-12
936477,2019-01-07,5,10,2019-01
936883,2018-12-31,6,10,2018-12
936883,2019-01-07,7,10,2019-01
936883,2019-01-14,7,10,2019-01
936883,2019-01-21,4,0,2019-01
936883,2019-01-28,5,10,2019-01
936883,2019-02-04,6,10,2019-02
936883,2019-02-11,7,10,2019-02
936883,2019-02-18,6,10,2019-02
936883,2019-02-25,7,10,2019-02
936883,2019-03-04,5,10,2019-03
936883,2019-03-11,5,10,2019-03
936883,2019-03-18,5,10,2019-03
936883,2019-03-25,1,0,2019-03
936883,2019-04-01,3,0,2019-04
936883,2019-04-15,3,0,2019-04
936883,2019-04-22,2,0,2019-04
936883,2019-04-29,2,0,2019-04
937082,2019-01-14,2,0,2019-01
937082,2019-01-21,1,0,2019-01
937082,2019-01-28,1,0,2019-01
937082,2019-02-25,2,0,2019-02
937082,2019-03-04,6,10,2019-03
937082,2019-04-01,1,0,2019-04
940948,2018-12-31,5,10,2018-12
940948,2019-01-07,4,0,2019-01
941022,2018-12-31,5,10,2018-12
941022,2019-01-07,7,10,2019-01
941022,2019-01-14,6,10,2019-01
941022,2019-01-21,5,10,2019-01
941022,2019-01-28,5,10,2019-01
941022,2019-02-04,5,10,2019-02
941022,2019-02-11,5,10,2019-02
941022,2019-02-18,6,10,2019-02
941022,2019-02-25,6,10,2019-02
941022,2019-03-04,6,10,2019-03
941022,2019-03-11,6,10,2019-03
941022,2019-03-18,3,0,2019-03
941022,2019-03-25,1,0,2019-03
941022,2019-04-08,3,0,2019-04
941022,2019-04-15,3,0,2019-04
941022,2019-04-22,2,0,2019-04
941362,2018-12-31,3,0,2018-12
941362,2019-01-07,4,0,2019-01
941560,2019-01-07,4,0,2019-01
941560,2019-01-14,3,0,2019-01
941560,2019-01-21,5,10,2019-01
941560,2019-01-28,4,0,2019-01
941560,2019-02-04,5,10,2019-02
941560,2019-02-11,3,0,2019-02
941560,2019-02-18,4,0,2019-02
941560,2019-02-25,4,0,2019-02
941560,2019-03-11,6,10,2019-03
941560,2019-03-18,3,0,2019-03
941560,2019-03-25,2,0,2019-03
941560,2019-04-01,6,10,2019-04
941560,2019-04-08,5,10,2019-04
941560,2019-04-15,1,0,2019-04
941560,2019-04-29,2,0,2019-04
942522,2018-12-31,6,10,2018-12
942522,2019-01-07,6,10,2019-01
942522,2019-01-14,3,0,2019-01
942522,2019-01-21,1,0,2019-01
943172,2019-01-07,6,10,2019-01
943172,2019-01-14,3,0,2019-01
943172,2019-01-21,1,0,2019-01
943172,2019-01-28,3,0,2019-01
948826,2018-12-31,6,10,2018-12
948826,2019-01-07,5,10,2019-01
948826,2019-01-14,7,10,2019-01
948826,2019-01-21,7,10,2019-01
948826,2019-01-28,1,0,2019-01
948826,2019-02-04,1,0,2019-02
948826,2019-02-11,7,10,2019-02
948826,2019-02-18,6,10,2019-02
948826,2019-02-25,7,10,2019-02
948826,2019-03-04,7,10,2019-03
948826,2019-03-11,3,0,2019-03
948826,2019-03-18,2,0,2019-03
948826,2019-03-25,7,10,2019-03
948826,2019-04-08,1,0,2019-04
948826,2019-04-15,7,10,2019-04
949165,2018-12-31,6,10,2018-12
949165,2019-01-07,7,10,2019-01
949165,2019-01-14,5,10,2019-01
949165,2019-01-21,5,10,2019-01
949165,2019-01-28,3,0,2019-01
949165,2019-02-04,6,10,2019-02
949165,2019-02-11,7,10,2019-02
949165,2019-02-18,6,10,2019-02
949165,2019-02-25,6,10,2019-02
949165,2019-03-04,6,10,2019-03
949165,2019-03-11,7,10,2019-03
949165,2019-03-18,7,10,2019-03
949165,2019-03-25,6,10,2019-03
949165,2019-04-01,7,10,2019-04
949165,2019-04-08,2,0,2019-04
949165,2019-04-29,1,0,2019-04
949488,2018-12-31,4,0,2018-12
949488,2019-01-07,6,10,2019-01
949488,2019-01-14,4,0,2019-01
949488,2019-01-21,4,0,2019-01
949488,2019-01-28,5,10,2019-01
950075,2019-01-21,6,10,2019-01
950075,2019-01-28,6,10,2019-01
950075,2019-02-04,3,0,2019-02
950075,2019-02-11,1,0,2019-02
950075,2019-02-18,5,10,2019-02
950075,2019-02-25,5,10,2019-02
950075,2019-04-01,1,0,2019-04
950558,2019-02-11,3,0,2019-02
950558,2019-02-18,6,10,2019-02
950558,2019-02-25,6,10,2019-02
950558,2019-03-04,7,10,2019-03
950558,2019-03-11,7,10,2019-03
950558,2019-03-18,5,10,2019-03
950558,2019-03-25,6,10,2019-03
950558,2019-04-01,6,10,2019-04
950558,2019-04-08,3,0,2019-04
950675,2019-01-07,1,0,2019-01
951561,2018-12-31,4,0,2018-12
951561,2019-01-07,5,10,2019-01
951561,2019-01-14,6,10,2019-01
951561,2019-01-21,4,0,2019-01
951561,2019-01-28,4,0,2019-01
951561,2019-02-04,6,10,2019-02
951561,2019-02-11,6,10,2019-02
951561,2019-02-18,1,0,2019-02
951561,2019-02-25,6,10,2019-02
951561,2019-03-04,6,10,2019-03
951561,2019-03-11,5,10,2019-03
951561,2019-03-18,3,0,2019-03
951561,2019-03-25,6,10,2019-03
951561,2019-04-01,6,10,2019-04
951561,2019-04-08,4,0,2019-04
951561,2019-04-15,5,10,2019-04
951561,2019-04-22,6,10,2019-04
951561,2019-04-29,2,0,2019-04
956401,2019-02-04,2,0,2019-02
956401,2019-02-11,2,0,2019-02
956401,2019-03-04,1,0,2019-03
956401,2019-03-18,1,0,2019-03
956401,2019-03-25,1,0,2019-03
956401,2019-04-22,5,10,2019-04
956401,2019-04-29,1,0,2019-04
964933,2018-12-31,3,0,2018-12
964933,2019-01-07,5,10,2019-01
964933,2019-01-14,5,10,2019-01
964933,2019-01-21,1,0,2019-01
964933,2019-01-28,3,0,2019-01
964933,2019-02-04,2,0,2019-02
964933,2019-03-25,7,10,2019-03
964933,2019-04-01,6,10,2019-04
964933,2019-04-08,4,0,2019-04
964933,2019-04-15,7,10,2019-04
964933,2019-04-22,4,0,2019-04
964933,2019-04-29,2,0,2019-04
965637,2018-12-31,3,0,2018-12
965637,2019-01-07,3,0,2019-01
965637,2019-01-14,1,0,2019-01
965637,2019-01-28,2,0,2019-01
965637,2019-02-04,1,0,2019-02
965637,2019-03-25,5,10,2019-03
965637,2019-04-01,4,0,2019-04
965637,2019-04-08,2,0,2019-04
965637,2019-04-15,5,10,2019-04
966599,2019-04-22,3,0,2019-04
966850,2018-12-31,6,10,2018-12
966850,2019-01-07,7,10,2019-01
966850,2019-01-14,7,10,2019-01
966850,2019-01-21,4,0,2019-01
966850,2019-01-28,7,10,2019-01
966850,2019-02-04,7,10,2019-02
966850,2019-02-11,7,10,2019-02
966850,2019-02-18,7,10,2019-02
966850,2019-02-25,7,10,2019-02
966850,2019-03-04,7,10,2019-03
966850,2019-03-11,7,10,2019-03
966850,2019-03-18,7,10,2019-03
966850,2019-03-25,1,0,2019-03
966850,2019-04-01,5,10,2019-04
966850,2019-04-08,7,10,2019-04
966850,2019-04-15,7,10,2019-04
966850,2019-04-22,7,10,2019-04
966850,2019-04-29,2,0,2019-04
982326,2019-04-08,7,10,2019-04
982326,2019-04-15,2,0,2019-04
982326,2019-04-22,2,0,2019-04
983251,2018-12-31,1,0,2018-12
983376,2019-01-21,1,0,2019-01
983376,2019-01-28,5,10,2019-01
983376,2019-02-04,1,0,2019-02
983472,2018-12-31,3,0,2018-12
983472,2019-01-14,3,0,2019-01
983472,2019-01-21,7,10,2019-01
983472,2019-01-28,7,10,2019-01
983472,2019-02-04,6,10,2019-02
983472,2019-02-11,1,0,2019-02
983472,2019-02-18,7,10,2019-02
983472,2019-02-25,7,10,2019-02
983472,2019-03-04,7,10,2019-03
983472,2019-03-11,6,10,2019-03
983472,2019-03-18,2,0,2019-03
983472,2019-03-25,5,10,2019-03
983472,2019-04-01,7,10,2019-04
983472,2019-04-08,3,0,2019-04
984606,2019-01-07,6,10,2019-01
984606,2019-01-14,5,10,2019-01
984606,2019-02-04,4,0,2019-02
984606,2019-02-11,7,10,2019-02
984606,2019-02-18,7,10,2019-02
984606,2019-02-25,7,10,2019-02
984606,2019-03-04,6,10,2019-03
984606,2019-03-11,6,10,2019-03
984606,2019-03-18,6,10,2019-03
984606,2019-03-25,7,10,2019-03
984606,2019-04-01,7,10,2019-04
984606,2019-04-08,7,10,2019-04
984606,2019-04-15,7,10,2019-04
984606,2019-04-22,7,10,2019-04
984606,2019-04-29,2,0,2019-04
984872,2019-02-11,3,0,2019-02
984872,2019-02-18,2,0,2019-02
984872,2019-02-25,7,10,2019-02
984872,2019-03-04,7,10,2019-03
984872,2019-03-11,7,10,2019-03
984872,2019-03-18,5,10,2019-03
984872,2019-03-25,6,10,2019-03
984872,2019-04-01,7,10,2019-04
984872,2019-04-08,6,10,2019-04
984872,2019-04-15,1,0,2019-04
984872,2019-04-22,1,0,2019-04
984872,2019-04-29,1,0,2019-04
999289,2018-12-31,4,0,2018-12
999289,2019-01-07,6,10,2019-01
999289,2019-01-14,6,10,2019-01
999289,2019-01-21,5,10,2019-01
999289,2019-01-28,5,10,2019-01
999289,2019-02-25,4,0,2019-02
999289,2019-03-04,5,10,2019-03
999289,2019-03-11,5,10,2019-03
999289,2019-03-18,2,0,2019-03
999289,2019-03-25,6,10,2019-03
999289,2019-04-01,2,0,2019-04
999289,2019-04-08,2,0,2019-04
999289,2019-04-15,2,0,2019-04
999652,2018-12-31,1,0,2018-12
999652,2019-01-07,2,0,2019-01
999652,2019-01-14,5,10,2019-01
999652,2019-01-21,5,10,2019-01
999652,2019-01-28,5,10,2019-01
999652,2019-02-04,6,10,2019-02
999652,2019-02-11,5,10,2019-02
999652,2019-02-18,3,0,2019-02
999652,2019-02-25,4,0,2019-02
999652,2019-03-04,5,10,2019-03
999652,2019-03-11,5,10,2019-03
999652,2019-03-18,4,0,2019-03
999652,2019-03-25,6,10,2019-03
999652,2019-04-01,2,0,2019-04
999652,2019-04-08,4,0,2019-04
999652,2019-04-15,6,10,2019-04
999652,2019-04-22,4,0,2019-04
999652,2019-04-29,2,0,2019-04
999669,2019-03-25,6,10,2019-03
999669,2019-04-01,5,10,2019-04
999669,2019-04-08,1,0,2019-04
999726,2019-01-14,7,10,2019-01
999726,2019-01-21,7,10,2019-01
999726,2019-01-28,7,10,2019-01
999726,2019-02-04,5,10,2019-02
999726,2019-03-25,6,10,2019-03
999726,2019-04-01,6,10,2019-04
999726,2019-04-15,2,0,2019-04
999871,2019-03-11,4,0,2019-03
999871,2019-04-22,5,10,2019-04
999871,2019-04-29,2,0,2019-04
1000065,2019-01-14,2,0,2019-01
1000586,2019-02-25,3,0,2019-02
1000586,2019-03-04,3,0,2019-03
1000586,2019-03-18,3,0,2019-03
1000586,2019-03-25,4,0,2019-03
1000586,2019-04-01,3,0,2019-04
1000586,2019-04-08,3,0,2019-04
1000586,2019-04-15,1,0,2019-04
1000586,2019-04-22,2,0,2019-04
1000586,2019-04-29,1,0,2019-04
1000845,2019-01-14,6,10,2019-01
1000845,2019-01-21,5,10,2019-01
1000845,2019-01-28,7,10,2019-01
1000845,2019-02-04,7,10,2019-02
1000845,2019-02-11,2,0,2019-02
1000845,2019-03-11,3,0,2019-03
1000845,2019-03-18,1,0,2019-03
1000980,2018-12-31,6,10,2018-12
1000980,2019-01-07,4,0,2019-01
1001649,2018-12-31,6,10,2018-12
1001649,2019-01-07,4,0,2019-01
1001649,2019-01-14,6,10,2019-01
1001649,2019-01-21,5,10,2019-01
1001649,2019-01-28,5,10,2019-01
1001649,2019-02-04,7,10,2019-02
1001649,2019-02-18,5,10,2019-02
1001649,2019-02-25,6,10,2019-02
1001649,2019-03-04,3,0,2019-03
1001649,2019-03-11,5,10,2019-03
1001649,2019-03-18,6,10,2019-03
1001649,2019-03-25,6,10,2019-03
1001649,2019-04-01,3,0,2019-04
1001649,2019-04-08,6,10,2019-04
1001649,2019-04-15,4,0,2019-04
1001649,2019-04-22,7,10,2019-04
1001851,2019-01-07,2,0,2019-01
1001851,2019-04-15,1,0,2019-04
1001851,2019-04-22,2,0,2019-04
1007744,2019-01-14,1,0,2019-01
1007744,2019-01-21,1,0,2019-01
1007744,2019-01-28,1,0,2019-01
1007744,2019-04-08,2,0,2019-04
1008105,2019-02-04,1,0,2019-02
1008105,2019-03-25,3,0,2019-03
1008105,2019-04-29,1,0,2019-04
1008237,2019-01-21,5,10,2019-01
1008237,2019-01-28,7,10,2019-01
1008237,2019-02-04,6,10,2019-02
1008237,2019-02-11,4,0,2019-02
1008237,2019-02-18,7,10,2019-02
1008237,2019-02-25,7,10,2019-02
1008237,2019-03-04,5,10,2019-03
1008237,2019-03-25,5,10,2019-03
1008237,2019-04-01,3,0,2019-04
1008305,2019-02-25,1,0,2019-02
1008535,2018-12-31,5,10,2018-12
1008535,2019-01-07,6,10,2019-01
1008535,2019-01-14,6,10,2019-01
1008535,2019-01-21,5,10,2019-01
1008535,2019-01-28,6,10,2019-01
1008535,2019-02-04,1,0,2019-02
1008671,2018-12-31,4,0,2018-12
1008671,2019-01-07,5,10,2019-01
1008671,2019-01-14,7,10,2019-01
1008671,2019-01-21,5,10,2019-01
1008671,2019-01-28,3,0,2019-01
1008671,2019-02-04,4,0,2019-02
1008671,2019-02-11,1,0,2019-02
1008671,2019-02-25,1,0,2019-02
1008671,2019-03-04,4,0,2019-03
1008671,2019-03-11,6,10,2019-03
1008671,2019-03-18,3,0,2019-03
1008671,2019-03-25,4,0,2019-03
1008796,2018-12-31,5,10,2018-12
1008796,2019-01-07,4,0,2019-01
1008796,2019-01-14,4,0,2019-01
1008796,2019-01-21,1,0,2019-01
1017080,2019-01-07,3,0,2019-01
1017080,2019-01-14,6,10,2019-01
1017080,2019-01-21,6,10,2019-01
1017080,2019-01-28,3,0,2019-01
1017080,2019-02-11,2,0,2019-02
1017080,2019-02-25,1,0,2019-02
1017080,2019-03-04,6,10,2019-03
1017080,2019-03-11,5,10,2019-03
1017080,2019-03-25,2,0,2019-03
1017080,2019-04-01,3,0,2019-04
1017186,2019-01-14,2,0,2019-01
1017186,2019-01-28,5,10,2019-01
1017186,2019-02-04,6,10,2019-02
1017186,2019-02-11,5,10,2019-02
1017186,2019-02-18,2,0,2019-02
1017284,2019-04-15,3,0,2019-04
1017284,2019-04-22,5,10,2019-04
1017284,2019-04-29,2,0,2019-04
1017302,2019-01-21,1,0,2019-01
1017302,2019-02-18,4,0,2019-02
1017302,2019-02-25,5,10,2019-02
1017302,2019-03-04,7,10,2019-03
1017302,2019-03-11,6,10,2019-03
1017302,2019-03-18,5,10,2019-03
1017302,2019-03-25,1,0,2019-03
1017302,2019-04-01,1,0,2019-04
1017302,2019-04-08,1,0,2019-04
1017369,2018-12-31,3,0,2018-12
1017369,2019-02-11,4,0,2019-02
1017369,2019-02-25,4,0,2019-02
1017369,2019-03-04,5,10,2019-03
1017369,2019-03-11,6,10,2019-03
1017369,2019-03-18,1,0,2019-03
1017369,2019-04-08,4,0,2019-04
1017369,2019-04-15,6,10,2019-04
1017369,2019-04-22,6,10,2019-04
1017369,2019-04-29,2,0,2019-04
1017401,2018-12-31,3,0,2018-12
1017401,2019-01-07,3,0,2019-01
1017401,2019-01-14,6,10,2019-01
1017401,2019-01-21,6,10,2019-01
1017401,2019-01-28,6,10,2019-01
1017401,2019-02-04,5,10,2019-02
1017401,2019-02-11,6,10,2019-02
1017401,2019-02-18,2,0,2019-02
1017401,2019-02-25,4,0,2019-02
1017401,2019-03-04,6,10,2019-03
1017401,2019-03-11,7,10,2019-03
1017401,2019-03-18,3,0,2019-03
1017401,2019-03-25,4,0,2019-03
1017401,2019-04-01,5,10,2019-04
1017401,2019-04-08,3,0,2019-04
1017401,2019-04-15,4,0,2019-04
1017401,2019-04-22,6,10,2019-04
1017401,2019-04-29,1,0,2019-04
1017417,2019-01-07,1,0,2019-01
1017417,2019-01-14,3,0,2019-01
1017417,2019-01-21,4,0,2019-01
1017417,2019-01-28,6,10,2019-01
1017417,2019-02-04,6,10,2019-02
1017417,2019-02-11,5,10,2019-02
1017417,2019-02-18,1,0,2019-02
1017453,2018-12-31,5,10,2018-12
1017453,2019-01-07,7,10,2019-01
1017453,2019-01-14,7,10,2019-01
1017453,2019-01-21,5,10,2019-01
1017453,2019-01-28,6,10,2019-01
1017453,2019-02-04,2,0,2019-02
1017453,2019-02-11,7,10,2019-02
1017453,2019-02-18,6,10,2019-02
1017453,2019-02-25,7,10,2019-02
1017453,2019-03-04,6,10,2019-03
1017453,2019-03-11,7,10,2019-03
1017453,2019-03-18,3,0,2019-03
1017453,2019-03-25,2,0,2019-03
1017453,2019-04-01,2,0,2019-04
1017453,2019-04-08,6,10,2019-04
1017453,2019-04-15,4,0,2019-04
1017453,2019-04-22,6,10,2019-04
1017453,2019-04-29,1,0,2019-04
1017480,2019-01-14,5,10,2019-01
1017480,2019-01-21,6,10,2019-01
1017480,2019-01-28,1,0,2019-01
1017544,2018-12-31,6,10,2018-12
1017544,2019-01-07,5,10,2019-01
1017544,2019-01-14,7,10,2019-01
1017544,2019-01-21,5,10,2019-01
1017544,2019-01-28,6,10,2019-01
1017544,2019-02-04,6,10,2019-02
1017544,2019-02-11,5,10,2019-02
1017544,2019-02-18,6,10,2019-02
1017544,2019-02-25,6,10,2019-02
1017544,2019-03-04,5,10,2019-03
1017544,2019-03-11,5,10,2019-03
1017544,2019-03-18,4,0,2019-03
1017544,2019-03-25,5,10,2019-03
1017544,2019-04-01,5,10,2019-04
1017544,2019-04-15,3,0,2019-04
1025458,2018-12-31,2,0,2018-12
1025458,2019-01-07,6,10,2019-01
1025458,2019-01-14,4,0,2019-01
1025458,2019-01-21,6,10,2019-01
1025458,2019-01-28,6,10,2019-01
1025458,2019-02-04,6,10,2019-02
1025458,2019-02-11,7,10,2019-02
1025458,2019-02-18,5,10,2019-02
1025458,2019-02-25,6,10,2019-02
1025458,2019-03-04,7,10,2019-03
1025458,2019-03-11,3,0,2019-03
1025458,2019-03-18,3,0,2019-03
1025458,2019-03-25,6,10,2019-03
1025458,2019-04-01,7,10,2019-04
1025458,2019-04-08,6,10,2019-04
1025872,2019-01-14,6,10,2019-01
1025872,2019-01-21,4,0,2019-01
1025872,2019-01-28,4,0,2019-01
1025872,2019-02-04,4,0,2019-02
1025872,2019-02-11,6,10,2019-02
1025872,2019-02-18,6,10,2019-02
1025872,2019-02-25,6,10,2019-02
1025872,2019-03-04,5,10,2019-03
1025872,2019-03-11,5,10,2019-03
1025872,2019-03-25,6,10,2019-03
1025872,2019-04-01,6,10,2019-04
1025872,2019-04-08,5,10,2019-04
1025872,2019-04-15,3,0,2019-04
1025872,2019-04-22,6,10,2019-04
1025872,2019-04-29,2,0,2019-04
1026087,2019-01-07,3,0,2019-01
1026087,2019-01-14,7,10,2019-01
1026087,2019-01-21,5,10,2019-01
1026087,2019-01-28,1,0,2019-01
1026087,2019-02-04,7,10,2019-02
1026087,2019-02-11,4,0,2019-02
1026087,2019-03-04,4,0,2019-03
1026087,2019-03-11,5,10,2019-03
1026087,2019-03-18,1,0,2019-03
1026087,2019-03-25,2,0,2019-03
1026087,2019-04-08,1,0,2019-04
1026087,2019-04-15,2,0,2019-04
1026267,2018-12-31,6,10,2018-12
1026267,2019-01-07,7,10,2019-01
1026267,2019-01-14,7,10,2019-01
1026267,2019-01-21,6,10,2019-01
1026267,2019-01-28,6,10,2019-01
1026267,2019-02-04,6,10,2019-02
1026267,2019-02-11,1,0,2019-02
1026267,2019-02-18,6,10,2019-02
1026267,2019-02-25,7,10,2019-02
1026267,2019-03-04,4,0,2019-03
1026267,2019-03-11,5,10,2019-03
1026267,2019-03-18,5,10,2019-03
1026267,2019-03-25,6,10,2019-03
1026267,2019-04-01,7,10,2019-04
1026267,2019-04-08,7,10,2019-04
1026267,2019-04-15,7,10,2019-04
1026267,2019-04-22,5,10,2019-04
1026267,2019-04-29,2,0,2019-04
1026536,2019-04-08,1,0,2019-04
1026536,2019-04-15,1,0,2019-04
1026945,2019-01-28,1,0,2019-01
1026945,2019-02-04,6,10,2019-02
1026945,2019-02-11,5,10,2019-02
1026945,2019-02-18,3,0,2019-02
1026945,2019-02-25,6,10,2019-02
1026945,2019-03-04,5,10,2019-03
1026945,2019-03-11,5,10,2019-03
1026945,2019-03-18,2,0,2019-03
1026945,2019-04-08,2,0,2019-04
1028182,2018-12-31,5,10,2018-12
1028182,2019-01-07,7,10,2019-01
1028182,2019-01-14,7,10,2019-01
1028182,2019-01-21,5,10,2019-01
1028422,2018-12-31,4,0,2018-12
1028422,2019-01-07,3,0,2019-01
1028422,2019-01-14,1,0,2019-01
1047513,2018-12-31,4,0,2018-12
1047513,2019-01-07,7,10,2019-01
1047513,2019-01-14,4,0,2019-01
1047513,2019-01-21,1,0,2019-01
1048777,2018-12-31,3,0,2018-12
1048777,2019-01-07,4,0,2019-01
1048777,2019-01-28,1,0,2019-01
1048777,2019-02-04,1,0,2019-02
1048777,2019-02-11,1,0,2019-02
1048777,2019-03-11,1,0,2019-03
1048993,2018-12-31,4,0,2018-12
1048993,2019-01-07,6,10,2019-01
1048993,2019-01-14,6,10,2019-01
1048993,2019-01-21,5,10,2019-01
1048993,2019-01-28,4,0,2019-01
1048993,2019-02-04,6,10,2019-02
1048993,2019-02-11,6,10,2019-02
1048993,2019-02-18,5,10,2019-02
1048993,2019-02-25,7,10,2019-02
1048993,2019-03-04,3,0,2019-03
1048993,2019-03-11,3,0,2019-03
1048993,2019-03-18,3,0,2019-03
1048993,2019-03-25,5,10,2019-03
1048993,2019-04-01,7,10,2019-04
1048993,2019-04-08,7,10,2019-04
1048993,2019-04-15,7,10,2019-04
1048993,2019-04-22,5,10,2019-04
1048993,2019-04-29,2,0,2019-04
1049090,2018-12-31,5,10,2018-12
1049090,2019-01-07,7,10,2019-01
1049090,2019-01-14,2,0,2019-01
1049090,2019-01-21,1,0,2019-01
1049090,2019-01-28,6,10,2019-01
1049090,2019-02-04,7,10,2019-02
1049090,2019-02-11,6,10,2019-02
1049090,2019-02-18,3,0,2019-02
1049090,2019-02-25,2,0,2019-02
1049323,2019-04-15,2,0,2019-04
1049323,2019-04-22,4,0,2019-04
1049323,2019-04-29,2,0,2019-04
1055518,2019-01-07,1,0,2019-01
1055518,2019-01-14,1,0,2019-01
1055905,2019-02-18,1,0,2019-02
1055905,2019-02-25,1,0,2019-02
1055905,2019-03-04,1,0,2019-03
1055905,2019-03-11,1,0,2019-03
1056149,2018-12-31,4,0,2018-12
1056149,2019-01-07,4,0,2019-01
1056149,2019-01-14,5,10,2019-01
1056149,2019-01-21,5,10,2019-01
1056149,2019-01-28,6,10,2019-01
1056149,2019-02-04,5,10,2019-02
1056149,2019-02-11,5,10,2019-02
1056149,2019-02-18,6,10,2019-02
1056149,2019-02-25,7,10,2019-02
1056149,2019-03-04,7,10,2019-03
1056149,2019-03-11,7,10,2019-03
1056149,2019-03-18,2,0,2019-03
1056155,2019-01-07,4,0,2019-01
1056155,2019-01-14,3,0,2019-01
1056155,2019-01-28,1,0,2019-01
1056280,2018-12-31,6,10,2018-12
1056280,2019-01-07,1,0,2019-01
1056608,2018-12-31,5,10,2018-12
1056608,2019-01-07,4,0,2019-01
1065060,2019-03-11,2,0,2019-03
1065060,2019-03-18,6,10,2019-03
1065060,2019-03-25,6,10,2019-03
1065060,2019-04-01,2,0,2019-04
1065060,2019-04-22,1,0,2019-04
1065060,2019-04-29,2,0,2019-04
1065193,2019-02-04,1,0,2019-02
1065193,2019-02-25,1,0,2019-02
1066269,2018-12-31,6,10,2018-12
1066269,2019-01-07,4,0,2019-01
1066382,2019-04-15,2,0,2019-04
1066382,2019-04-22,5,10,2019-04
1066382,2019-04-29,1,0,2019-04
1066759,2018-12-31,2,0,2018-12
1066759,2019-01-07,7,10,2019-01
1066759,2019-01-14,7,10,2019-01
1066759,2019-01-21,3,0,2019-01
1066759,2019-01-28,5,10,2019-01
1066759,2019-02-11,6,10,2019-02
1066759,2019-02-18,6,10,2019-02
1066759,2019-02-25,2,0,2019-02
1066759,2019-03-04,2,0,2019-03
1066759,2019-03-11,3,0,2019-03
1066759,2019-03-25,6,10,2019-03
1066759,2019-04-01,6,10,2019-04
1066759,2019-04-08,1,0,2019-04
1067086,2019-03-04,2,0,2019-03
1067086,2019-03-11,4,0,2019-03
1067086,2019-03-18,5,10,2019-03
1067086,2019-03-25,7,10,2019-03
1067086,2019-04-01,7,10,2019-04
1067086,2019-04-15,1,0,2019-04
1067350,2018-12-31,1,0,2018-12
1067350,2019-01-14,5,10,2019-01
1067350,2019-01-28,4,0,2019-01
1067350,2019-02-04,4,0,2019-02
1067350,2019-02-11,4,0,2019-02
1067350,2019-02-18,2,0,2019-02
1067350,2019-02-25,5,10,2019-02
1067350,2019-03-04,3,0,2019-03
1067350,2019-03-11,3,0,2019-03
1067350,2019-03-18,2,0,2019-03
1067350,2019-03-25,5,10,2019-03
1067350,2019-04-01,5,10,2019-04
1074136,2019-04-29,1,0,2019-04
1074436,2018-12-31,2,0,2018-12
1074633,2018-12-31,1,0,2018-12
1074633,2019-01-14,3,0,2019-01
1074633,2019-01-21,6,10,2019-01
1074633,2019-01-28,4,0,2019-01
1074633,2019-02-04,3,0,2019-02
1074633,2019-02-18,2,0,2019-02
1074711,2019-04-22,1,0,2019-04
1074746,2019-04-15,2,0,2019-04
1074886,2019-04-15,5,10,2019-04
1074886,2019-04-22,7,10,2019-04
1074886,2019-04-29,2,0,2019-04
1074959,2019-04-08,1,0,2019-04
1075004,2018-12-31,1,0,2018-12
1075004,2019-01-07,4,0,2019-01
1075004,2019-01-14,5,10,2019-01
1075004,2019-01-21,7,10,2019-01
1075004,2019-01-28,7,10,2019-01
1075004,2019-02-04,5,10,2019-02
1075004,2019-02-18,2,0,2019-02
1075386,2019-01-14,4,0,2019-01
1075386,2019-01-21,5,10,2019-01
1075592,2019-01-07,1,0,2019-01
1075592,2019-01-14,5,10,2019-01
1075592,2019-01-21,2,0,2019-01
1075592,2019-01-28,5,10,2019-01
1075592,2019-02-25,6,10,2019-02
1075592,2019-03-04,7,10,2019-03
1075592,2019-03-11,7,10,2019-03
1075592,2019-03-18,4,0,2019-03
1075592,2019-03-25,7,10,2019-03
1075592,2019-04-01,5,10,2019-04
1075592,2019-04-08,5,10,2019-04
1075592,2019-04-22,3,0,2019-04
1084322,2018-12-31,5,10,2018-12
1084322,2019-01-07,7,10,2019-01
1084322,2019-01-14,7,10,2019-01
1084322,2019-01-21,1,0,2019-01
1084322,2019-01-28,5,10,2019-01
1084322,2019-02-04,6,10,2019-02
1084322,2019-02-11,1,0,2019-02
1084322,2019-02-18,4,0,2019-02
1084322,2019-02-25,5,10,2019-02
1084322,2019-03-04,5,10,2019-03
1084322,2019-03-11,5,10,2019-03
1084322,2019-03-18,6,10,2019-03
1084322,2019-03-25,3,0,2019-03
1086727,2019-04-22,2,0,2019-04
1086727,2019-04-29,2,0,2019-04
1087220,2018-12-31,4,0,2018-12
1087220,2019-01-07,7,10,2019-01
1087220,2019-01-14,6,10,2019-01
1087220,2019-01-21,6,10,2019-01
1087220,2019-01-28,7,10,2019-01
1087220,2019-02-04,7,10,2019-02
1087220,2019-02-11,6,10,2019-02
1087220,2019-02-18,5,10,2019-02
1087220,2019-02-25,6,10,2019-02
1087220,2019-03-04,7,10,2019-03
1087220,2019-03-11,7,10,2019-03
1087220,2019-03-18,6,10,2019-03
1087220,2019-03-25,5,10,2019-03
1087220,2019-04-01,5,10,2019-04
1087220,2019-04-22,4,0,2019-04
1087220,2019-04-29,1,0,2019-04
1087511,2019-01-14,6,10,2019-01
1087511,2019-01-21,5,10,2019-01
1087511,2019-01-28,2,0,2019-01
1087511,2019-02-04,7,10,2019-02
1087511,2019-02-11,7,10,2019-02
1087511,2019-02-18,7,10,2019-02
1087511,2019-02-25,6,10,2019-02
1087511,2019-03-11,7,10,2019-03
1087511,2019-03-18,3,0,2019-03
1087511,2019-03-25,5,10,2019-03
1087511,2019-04-01,7,10,2019-04
1087511,2019-04-08,6,10,2019-04
1087511,2019-04-15,5,10,2019-04
1087511,2019-04-22,2,0,2019-04
1087511,2019-04-29,2,0,2019-04
1099565,2018-12-31,2,0,2018-12
1099565,2019-01-07,3,0,2019-01
1099565,2019-01-14,3,0,2019-01
1099565,2019-01-21,3,0,2019-01
1099565,2019-01-28,7,10,2019-01
1099565,2019-02-04,2,0,2019-02
1099565,2019-02-11,4,0,2019-02
1099565,2019-02-25,1,0,2019-02
1100793,2018-12-31,6,10,2018-12
1100793,2019-01-07,7,10,2019-01
1100793,2019-01-14,6,10,2019-01
1100793,2019-01-21,6,10,2019-01
1100793,2019-01-28,6,10,2019-01
1100793,2019-02-25,5,10,2019-02
1100793,2019-03-04,5,10,2019-03
1100793,2019-03-11,3,0,2019-03
1100793,2019-03-18,3,0,2019-03
1100793,2019-03-25,5,10,2019-03
1100793,2019-04-01,5,10,2019-04
1100793,2019-04-08,7,10,2019-04
1100793,2019-04-15,4,0,2019-04
1100793,2019-04-22,7,10,2019-04
1100793,2019-04-29,2,0,2019-04
1101260,2018-12-31,3,0,2018-12
1101260,2019-01-07,6,10,2019-01
1101260,2019-01-14,3,0,2019-01
1129239,2018-12-31,1,0,2018-12
1129239,2019-01-07,5,10,2019-01
1129239,2019-01-14,6,10,2019-01
1129239,2019-01-21,6,10,2019-01
1129239,2019-01-28,1,0,2019-01
1129239,2019-03-11,4,0,2019-03
1129239,2019-03-18,3,0,2019-03
1129239,2019-03-25,7,10,2019-03
1129239,2019-04-01,7,10,2019-04
1129239,2019-04-08,7,10,2019-04
1129239,2019-04-15,1,0,2019-04
1129787,2019-01-07,2,0,2019-01
1129787,2019-01-14,7,10,2019-01
1129787,2019-01-21,6,10,2019-01
1129787,2019-01-28,5,10,2019-01
1129787,2019-02-04,3,0,2019-02
1129787,2019-02-11,7,10,2019-02
1129787,2019-02-18,7,10,2019-02
1129787,2019-02-25,7,10,2019-02
1129787,2019-03-04,7,10,2019-03
1129787,2019-03-11,7,10,2019-03
1129787,2019-03-18,1,0,2019-03
1129787,2019-03-25,4,0,2019-03
1129787,2019-04-01,7,10,2019-04
1129787,2019-04-08,2,0,2019-04
1129787,2019-04-15,6,10,2019-04
1129787,2019-04-22,3,0,2019-04
1129787,2019-04-29,2,0,2019-04
1130140,2018-12-31,6,10,2018-12
1130140,2019-01-07,5,10,2019-01
1130140,2019-01-14,3,0,2019-01
1130140,2019-01-21,5,10,2019-01
1130140,2019-01-28,6,10,2019-01
1130140,2019-02-04,7,10,2019-02
1130140,2019-02-11,6,10,2019-02
1130140,2019-02-18,5,10,2019-02
1130140,2019-02-25,7,10,2019-02
1130140,2019-03-04,7,10,2019-03
1130140,2019-03-11,6,10,2019-03
1130140,2019-03-18,6,10,2019-03
1130140,2019-03-25,5,10,2019-03
1130140,2019-04-01,7,10,2019-04
1130140,2019-04-08,5,10,2019-04
1130140,2019-04-15,4,0,2019-04
1130140,2019-04-22,2,0,2019-04
1130140,2019-04-29,1,0,2019-04
1130526,2019-01-07,3,0,2019-01
1131135,2019-01-28,1,0,2019-01
1131135,2019-03-04,1,0,2019-03
1131135,2019-03-25,1,0,2019-03
1131135,2019-04-29,2,0,2019-04
1132682,2019-01-14,7,10,2019-01
1132682,2019-01-21,5,10,2019-01
1132682,2019-01-28,7,10,2019-01
1132682,2019-02-04,2,0,2019-02
1132682,2019-02-11,4,0,2019-02
1132682,2019-02-18,6,10,2019-02
1132682,2019-02-25,4,0,2019-02
1132682,2019-03-04,7,10,2019-03
1132682,2019-03-11,5,10,2019-03
1132682,2019-03-25,7,10,2019-03
1132682,2019-04-01,6,10,2019-04
1132682,2019-04-15,7,10,2019-04
1132682,2019-04-22,7,10,2019-04
1132682,2019-04-29,2,0,2019-04
1144226,2019-04-15,1,0,2019-04
1144412,2018-12-31,4,0,2018-12
1144412,2019-01-07,1,0,2019-01
1144412,2019-02-11,1,0,2019-02
1144691,2018-12-31,3,0,2018-12
1144691,2019-01-14,5,10,2019-01
1144691,2019-01-21,6,10,2019-01
1144691,2019-01-28,3,0,2019-01
1144691,2019-02-18,4,0,2019-02
1144691,2019-02-25,2,0,2019-02
1144691,2019-03-04,6,10,2019-03
1144691,2019-03-11,3,0,2019-03
1144691,2019-03-18,1,0,2019-03
1144691,2019-03-25,3,0,2019-03
1144691,2019-04-01,1,0,2019-04
1144691,2019-04-08,2,0,2019-04
1144691,2019-04-22,4,0,2019-04
1144691,2019-04-29,2,0,2019-04
1145715,2019-02-18,1,0,2019-02
1155153,2019-02-04,4,0,2019-02
1155153,2019-02-11,6,10,2019-02
1155153,2019-02-18,6,10,2019-02
1155153,2019-02-25,5,10,2019-02
1155153,2019-03-04,2,0,2019-03
1155153,2019-03-11,7,10,2019-03
1155153,2019-03-18,2,0,2019-03
1155153,2019-03-25,4,0,2019-03
1155172,2018-12-31,6,10,2018-12
1155172,2019-01-07,7,10,2019-01
1155172,2019-01-14,7,10,2019-01
1155172,2019-01-21,4,0,2019-01
1155418,2019-01-07,1,0,2019-01
1165247,2018-12-31,6,10,2018-12
1165247,2019-01-07,7,10,2019-01
1165247,2019-01-14,6,10,2019-01
1165247,2019-01-21,7,10,2019-01
1165247,2019-01-28,7,10,2019-01
1165247,2019-02-04,5,10,2019-02
1165247,2019-02-11,5,10,2019-02
1165247,2019-02-18,7,10,2019-02
1165247,2019-02-25,6,10,2019-02
1165247,2019-03-04,4,0,2019-03
1165247,2019-03-11,5,10,2019-03
1165247,2019-03-18,5,10,2019-03
1165247,2019-03-25,2,0,2019-03
1165247,2019-04-22,7,10,2019-04
1165247,2019-04-29,2,0,2019-04
1165270,2019-01-07,5,10,2019-01
1165270,2019-01-14,6,10,2019-01
1165270,2019-01-21,6,10,2019-01
1165270,2019-01-28,7,10,2019-01
1165270,2019-02-04,6,10,2019-02
1165270,2019-02-11,5,10,2019-02
1165270,2019-02-18,5,10,2019-02
1165270,2019-02-25,6,10,2019-02
1165270,2019-03-04,4,0,2019-03
1165270,2019-03-11,7,10,2019-03
1165270,2019-03-18,2,0,2019-03
1165270,2019-03-25,5,10,2019-03
1165270,2019-04-01,3,0,2019-04
1165270,2019-04-08,6,10,2019-04
1165270,2019-04-15,5,10,2019-04
1165270,2019-04-22,6,10,2019-04
1165270,2019-04-29,1,0,2019-04
1165404,2019-03-25,2,0,2019-03
1165552,2018-12-31,5,10,2018-12
1165552,2019-01-07,4,0,2019-01
1165552,2019-01-14,5,10,2019-01
1165552,2019-01-21,5,10,2019-01
1165669,2019-02-04,5,10,2019-02
1165669,2019-02-11,2,0,2019-02
1165669,2019-02-25,2,0,2019-02
1165669,2019-03-04,5,10,2019-03
1165669,2019-03-11,4,0,2019-03
1165669,2019-03-18,1,0,2019-03
1199689,2019-02-11,1,0,2019-02
1206551,2018-12-31,5,10,2018-12
1206551,2019-01-07,3,0,2019-01
1207143,2018-12-31,3,0,2018-12
1207143,2019-01-14,4,0,2019-01
1207143,2019-01-21,2,0,2019-01
1207143,2019-01-28,1,0,2019-01
1207143,2019-02-11,2,0,2019-02
1207282,2018-12-31,5,10,2018-12
1207282,2019-01-07,4,0,2019-01
1207282,2019-01-14,5,10,2019-01
1207282,2019-01-21,5,10,2019-01
1207282,2019-01-28,6,10,2019-01
1207282,2019-02-04,7,10,2019-02
1207282,2019-02-11,6,10,2019-02
1207282,2019-02-18,5,10,2019-02
1207282,2019-02-25,1,0,2019-02
1207282,2019-03-04,4,0,2019-03
1207282,2019-03-11,7,10,2019-03
1207282,2019-03-18,5,10,2019-03
1207282,2019-03-25,5,10,2019-03
1207282,2019-04-01,6,10,2019-04
1207282,2019-04-08,4,0,2019-04
1207282,2019-04-15,1,0,2019-04
1207282,2019-04-22,2,0,2019-04
1207282,2019-04-29,2,0,2019-04
1207875,2018-12-31,3,0,2018-12
1207875,2019-01-07,3,0,2019-01
1207875,2019-01-14,4,0,2019-01
1207875,2019-01-21,7,10,2019-01
1207875,2019-01-28,7,10,2019-01
1207875,2019-02-04,4,0,2019-02
1207875,2019-02-11,4,0,2019-02
1207875,2019-02-18,7,10,2019-02
1207875,2019-02-25,7,10,2019-02
1207875,2019-03-04,7,10,2019-03
1207875,2019-03-11,7,10,2019-03
1207875,2019-03-18,2,0,2019-03
1207875,2019-03-25,5,10,2019-03
1207875,2019-04-01,7,10,2019-04
1207875,2019-04-08,7,10,2019-04
1207875,2019-04-15,7,10,2019-04
1207875,2019-04-22,3,0,2019-04
1215194,2018-12-31,1,0,2018-12
1215194,2019-01-07,1,0,2019-01
1215221,2019-01-14,3,0,2019-01
1215221,2019-02-11,3,0,2019-02
1215221,2019-02-18,2,0,2019-02
1215221,2019-02-25,5,10,2019-02
1215221,2019-03-04,2,0,2019-03
1215301,2018-12-31,2,0,2018-12
1215301,2019-01-07,6,10,2019-01
1215301,2019-01-14,4,0,2019-01
1215301,2019-01-21,4,0,2019-01
1215301,2019-01-28,5,10,2019-01
1215301,2019-02-04,6,10,2019-02
1215301,2019-02-11,7,10,2019-02
1215301,2019-02-18,7,10,2019-02
1215301,2019-02-25,6,10,2019-02
1215301,2019-03-04,7,10,2019-03
1215301,2019-03-11,7,10,2019-03
1215301,2019-03-18,3,0,2019-03
1215301,2019-03-25,1,0,2019-03
1215301,2019-04-22,3,0,2019-04
1215301,2019-04-29,1,0,2019-04
1215321,2018-12-31,4,0,2018-12
1215321,2019-01-07,5,10,2019-01
1215321,2019-01-14,6,10,2019-01
1215321,2019-01-21,7,10,2019-01
1215321,2019-01-28,6,10,2019-01
1215321,2019-02-04,6,10,2019-02
1215321,2019-02-11,5,10,2019-02
1215321,2019-02-18,6,10,2019-02
1215321,2019-02-25,6,10,2019-02
1215321,2019-03-04,4,0,2019-03
1215321,2019-03-11,1,0,2019-03
1215321,2019-03-18,6,10,2019-03
1215321,2019-03-25,5,10,2019-03
1215321,2019-04-01,5,10,2019-04
1215321,2019-04-08,5,10,2019-04
1215321,2019-04-15,6,10,2019-04
1215321,2019-04-22,5,10,2019-04
1215321,2019-04-29,2,0,2019-04
1215501,2018-12-31,1,0,2018-12
1217191,2018-12-31,6,10,2018-12
1217191,2019-01-07,7,10,2019-01
1217191,2019-01-14,7,10,2019-01
1217191,2019-01-21,6,10,2019-01
1217191,2019-01-28,7,10,2019-01
1217191,2019-02-04,7,10,2019-02
1217191,2019-02-11,7,10,2019-02
1217191,2019-02-18,7,10,2019-02
1217191,2019-02-25,7,10,2019-02
1217191,2019-03-04,7,10,2019-03
1217191,2019-03-11,7,10,2019-03
1217191,2019-03-18,3,0,2019-03
1217191,2019-03-25,7,10,2019-03
1217191,2019-04-01,7,10,2019-04
1217191,2019-04-08,7,10,2019-04
1217191,2019-04-15,7,10,2019-04
1217191,2019-04-22,7,10,2019-04
1217191,2019-04-29,2,0,2019-04
1217447,2019-01-14,3,0,2019-01
1217447,2019-01-28,2,0,2019-01
1217447,2019-02-04,1,0,2019-02
1217447,2019-02-11,3,0,2019-02
1217447,2019-02-18,3,0,2019-02
1217447,2019-02-25,3,0,2019-02
1217447,2019-03-04,6,10,2019-03
1217447,2019-03-11,6,10,2019-03
1217447,2019-03-18,6,10,2019-03
1217447,2019-03-25,4,0,2019-03
1217447,2019-04-01,6,10,2019-04
1217447,2019-04-08,3,0,2019-04
1217447,2019-04-15,7,10,2019-04
1217447,2019-04-22,7,10,2019-04
1218173,2018-12-31,6,10,2018-12
1218173,2019-01-07,6,10,2019-01
1218173,2019-01-14,3,0,2019-01
1224748,2018-12-31,6,10,2018-12
1224748,2019-01-07,7,10,2019-01
1224748,2019-01-14,7,10,2019-01
1225573,2018-12-31,5,10,2018-12
1225573,2019-01-07,3,0,2019-01
1238128,2018-12-31,1,0,2018-12
1238128,2019-01-07,4,0,2019-01
1238128,2019-01-14,5,10,2019-01
1238128,2019-01-28,1,0,2019-01
1238384,2019-01-07,2,0,2019-01
1238384,2019-01-14,6,10,2019-01
1238384,2019-01-21,3,0,2019-01
1238384,2019-01-28,5,10,2019-01
1238384,2019-02-04,1,0,2019-02
1238384,2019-03-11,3,0,2019-03
1238384,2019-03-18,5,10,2019-03
1238384,2019-03-25,1,0,2019-03
1238384,2019-04-01,2,0,2019-04
1238384,2019-04-08,4,0,2019-04
1238931,2019-01-14,1,0,2019-01
1250648,2019-01-07,1,0,2019-01
1250648,2019-02-04,1,0,2019-02
1250648,2019-02-18,1,0,2019-02
1250648,2019-02-25,4,0,2019-02
1250648,2019-03-04,6,10,2019-03
1250648,2019-03-11,5,10,2019-03
1250648,2019-04-01,1,0,2019-04
1250648,2019-04-08,7,10,2019-04
1250648,2019-04-15,7,10,2019-04
1250746,2018-12-31,3,0,2018-12
1250746,2019-01-07,7,10,2019-01
1250746,2019-01-14,7,10,2019-01
1250746,2019-01-21,7,10,2019-01
1250746,2019-01-28,6,10,2019-01
1250746,2019-02-04,7,10,2019-02
1250746,2019-02-11,7,10,2019-02
1250746,2019-02-18,7,10,2019-02
1250746,2019-02-25,5,10,2019-02
1250746,2019-03-04,4,0,2019-03
1250746,2019-03-11,7,10,2019-03
1250746,2019-03-18,3,0,2019-03
1250746,2019-03-25,2,0,2019-03
1250746,2019-04-01,7,10,2019-04
1250746,2019-04-08,7,10,2019-04
1250746,2019-04-15,7,10,2019-04
1250746,2019-04-22,3,0,2019-04
1250863,2019-01-07,4,0,2019-01
1250863,2019-01-14,3,0,2019-01
1250863,2019-01-21,2,0,2019-01
1250863,2019-02-04,6,10,2019-02
1250863,2019-02-11,6,10,2019-02
1250863,2019-02-18,3,0,2019-02
1250863,2019-02-25,4,0,2019-02
1250863,2019-03-04,5,10,2019-03
1250863,2019-03-11,6,10,2019-03
1250863,2019-03-25,4,0,2019-03
1250863,2019-04-01,3,0,2019-04
1250863,2019-04-08,2,0,2019-04
1250863,2019-04-15,5,10,2019-04
1250863,2019-04-22,6,10,2019-04
1250863,2019-04-29,2,0,2019-04
1250924,2018-12-31,6,10,2018-12
1250924,2019-01-07,7,10,2019-01
1250924,2019-01-28,6,10,2019-01
1250924,2019-02-04,7,10,2019-02
1250924,2019-02-11,4,0,2019-02
1250924,2019-02-18,4,0,2019-02
1250924,2019-02-25,5,10,2019-02
1250924,2019-03-04,5,10,2019-03
1250924,2019-03-11,4,0,2019-03
1250924,2019-03-18,1,0,2019-03
1250924,2019-03-25,2,0,2019-03
1250924,2019-04-01,4,0,2019-04
1250924,2019-04-08,5,10,2019-04
1250924,2019-04-15,3,0,2019-04
1250924,2019-04-22,1,0,2019-04
1250924,2019-04-29,1,0,2019-04
1273639,2018-12-31,1,0,2018-12
1273639,2019-01-07,1,0,2019-01
1273639,2019-01-14,3,0,2019-01
1273639,2019-01-21,3,0,2019-01
1273639,2019-02-11,3,0,2019-02
1273639,2019-02-18,3,0,2019-02
1273639,2019-02-25,6,10,2019-02
1273639,2019-03-04,5,10,2019-03
1273639,2019-03-11,6,10,2019-03
1273639,2019-03-18,6,10,2019-03
1273639,2019-03-25,4,0,2019-03
1273639,2019-04-15,2,0,2019-04
1273639,2019-04-22,7,10,2019-04
1273639,2019-04-29,2,0,2019-04
1273701,2018-12-31,5,10,2018-12
1273701,2019-01-07,7,10,2019-01
1273701,2019-01-14,3,0,2019-01
1273701,2019-02-04,5,10,2019-02
1273701,2019-02-11,3,0,2019-02
1273701,2019-02-18,5,10,2019-02
1273701,2019-02-25,5,10,2019-02
1273701,2019-03-04,7,10,2019-03
1273701,2019-03-11,4,0,2019-03
1273701,2019-03-18,4,0,2019-03
1273701,2019-03-25,6,10,2019-03
1273701,2019-04-01,5,10,2019-04
1273701,2019-04-08,2,0,2019-04
1273916,2018-12-31,6,10,2018-12
1273916,2019-01-07,4,0,2019-01
1273916,2019-01-21,2,0,2019-01
1273916,2019-01-28,6,10,2019-01
1273916,2019-02-04,4,0,2019-02
1273916,2019-02-11,2,0,2019-02
1273916,2019-02-18,3,0,2019-02
1273916,2019-02-25,1,0,2019-02
1273916,2019-03-04,7,10,2019-03
1273916,2019-03-11,4,0,2019-03
1273916,2019-03-18,6,10,2019-03
1273916,2019-03-25,5,10,2019-03
1273916,2019-04-01,7,10,2019-04
1273916,2019-04-08,6,10,2019-04
1273916,2019-04-15,3,0,2019-04
1273916,2019-04-22,3,0,2019-04
1273916,2019-04-29,2,0,2019-04
1283166,2018-12-31,6,10,2018-12
1283166,2019-01-07,2,0,2019-01
1283237,2018-12-31,6,10,2018-12
1283237,2019-01-07,5,10,2019-01
1283237,2019-01-14,6,10,2019-01
1283237,2019-01-21,7,10,2019-01
1283237,2019-01-28,6,10,2019-01
1283237,2019-02-04,7,10,2019-02
1283237,2019-02-11,7,10,2019-02
1283237,2019-02-18,7,10,2019-02
1283237,2019-02-25,7,10,2019-02
1283237,2019-03-04,7,10,2019-03
1283237,2019-03-11,6,10,2019-03
1283237,2019-03-18,4,0,2019-03
1283237,2019-03-25,7,10,2019-03
1283237,2019-04-01,6,10,2019-04
1283237,2019-04-08,5,10,2019-04
1283237,2019-04-15,5,10,2019-04
1283237,2019-04-22,6,10,2019-04
1283237,2019-04-29,2,0,2019-04
1283953,2019-04-29,2,0,2019-04
1284510,2019-01-21,1,0,2019-01
1284510,2019-01-28,6,10,2019-01
1315120,2018-12-31,5,10,2018-12
1315120,2019-01-07,7,10,2019-01
1315120,2019-01-14,7,10,2019-01
1315120,2019-01-21,4,0,2019-01
1315120,2019-01-28,5,10,2019-01
1315617,2018-12-31,2,0,2018-12
1315617,2019-01-14,3,0,2019-01
1315617,2019-01-28,3,0,2019-01
1315617,2019-02-04,4,0,2019-02
1315617,2019-02-11,2,0,2019-02
1315617,2019-02-25,2,0,2019-02
1315617,2019-03-04,1,0,2019-03
1315617,2019-03-11,3,0,2019-03
1315617,2019-03-18,2,0,2019-03
1315617,2019-03-25,5,10,2019-03
1315617,2019-04-01,5,10,2019-04
1315617,2019-04-08,4,0,2019-04
1315617,2019-04-15,5,10,2019-04
1315761,2018-12-31,5,10,2018-12
1315761,2019-01-07,7,10,2019-01
1315761,2019-01-14,7,10,2019-01
1315761,2019-01-21,4,0,2019-01
1315761,2019-01-28,5,10,2019-01
1315960,2019-01-14,2,0,2019-01
1315960,2019-01-21,1,0,2019-01
1316550,2018-12-31,5,10,2018-12
1316550,2019-01-07,4,0,2019-01
1316550,2019-01-21,4,0,2019-01
1316550,2019-01-28,6,10,2019-01
1316550,2019-02-04,3,0,2019-02
1316550,2019-02-11,5,10,2019-02
1316550,2019-02-18,6,10,2019-02
1316550,2019-02-25,2,0,2019-02
1316550,2019-03-04,5,10,2019-03
1316550,2019-03-18,5,10,2019-03
1316550,2019-03-25,6,10,2019-03
1316550,2019-04-08,3,0,2019-04
1316550,2019-04-15,1,0,2019-04
1316550,2019-04-22,6,10,2019-04
1316585,2019-01-28,3,0,2019-01
1316585,2019-02-04,5,10,2019-02
1316585,2019-02-11,2,0,2019-02
1316585,2019-02-18,4,0,2019-02
1316585,2019-02-25,2,0,2019-02
1316585,2019-03-04,5,10,2019-03
1316585,2019-03-11,4,0,2019-03
1346565,2018-12-31,2,0,2018-12
1346565,2019-01-07,2,0,2019-01
1346565,2019-01-14,2,0,2019-01
1346565,2019-01-21,1,0,2019-01
1346565,2019-01-28,1,0,2019-01
1346565,2019-02-04,1,0,2019-02
1346565,2019-02-11,2,0,2019-02
1346565,2019-02-18,2,0,2019-02
1347047,2019-01-07,5,10,2019-01
1347047,2019-01-14,7,10,2019-01
1347047,2019-01-21,5,10,2019-01
1347047,2019-01-28,3,0,2019-01
1347047,2019-02-04,7,10,2019-02
1347047,2019-02-11,7,10,2019-02
1347047,2019-02-18,7,10,2019-02
1347047,2019-02-25,7,10,2019-02
1347047,2019-03-04,6,10,2019-03
1347047,2019-03-11,6,10,2019-03
1347047,2019-03-18,5,10,2019-03
1347047,2019-03-25,6,10,2019-03
1347047,2019-04-01,3,0,2019-04
1347047,2019-04-15,7,10,2019-04
1347047,2019-04-22,6,10,2019-04
1347047,2019-04-29,2,0,2019-04
1347213,2019-01-14,1,0,2019-01
1347213,2019-01-21,6,10,2019-01
1347213,2019-01-28,1,0,2019-01
1347213,2019-02-04,6,10,2019-02
1347213,2019-02-11,7,10,2019-02
1347213,2019-02-18,6,10,2019-02
1347213,2019-02-25,4,0,2019-02
1347213,2019-03-04,6,10,2019-03
1347213,2019-03-11,7,10,2019-03
1347213,2019-03-18,6,10,2019-03
1347213,2019-03-25,7,10,2019-03
1347213,2019-04-01,6,10,2019-04
1347213,2019-04-08,7,10,2019-04
1347213,2019-04-15,7,10,2019-04
1347213,2019-04-22,7,10,2019-04
1347213,2019-04-29,1,0,2019-04
1347309,2019-04-22,6,10,2019-04
1347309,2019-04-29,2,0,2019-04
1354798,2018-12-31,1,0,2018-12
1354798,2019-01-07,1,0,2019-01
1354798,2019-01-14,2,0,2019-01
1354798,2019-01-21,4,0,2019-01
1354798,2019-01-28,3,0,2019-01
1354798,2019-02-04,1,0,2019-02
1354859,2018-12-31,5,10,2018-12
1354859,2019-01-07,3,0,2019-01
1355069,2019-01-14,4,0,2019-01
1355158,2019-01-14,1,0,2019-01
1355410,2019-01-14,1,0,2019-01
1356890,2018-12-31,5,10,2018-12
1356890,2019-01-07,4,0,2019-01
1356890,2019-01-14,6,10,2019-01
1356890,2019-01-21,6,10,2019-01
1356890,2019-01-28,4,0,2019-01
1356890,2019-02-04,3,0,2019-02
1356890,2019-02-11,5,10,2019-02
1357071,2018-12-31,5,10,2018-12
1357071,2019-01-07,7,10,2019-01
1357071,2019-01-14,7,10,2019-01
1357071,2019-01-21,4,0,2019-01
1357071,2019-01-28,5,10,2019-01
1357071,2019-02-04,5,10,2019-02
1357071,2019-02-11,7,10,2019-02
1357071,2019-02-18,7,10,2019-02
1357071,2019-02-25,2,0,2019-02
1357198,2019-01-21,2,0,2019-01
1357313,2018-12-31,3,0,2018-12
1357369,2019-02-11,3,0,2019-02
1357369,2019-02-18,7,10,2019-02
1357369,2019-02-25,3,0,2019-02
1357369,2019-03-04,7,10,2019-03
1357369,2019-03-11,7,10,2019-03
1357369,2019-03-18,2,0,2019-03
1357369,2019-03-25,3,0,2019-03
1357369,2019-04-01,7,10,2019-04
1357369,2019-04-08,1,0,2019-04
1357452,2018-12-31,1,0,2018-12
1357452,2019-01-14,4,0,2019-01
1357452,2019-01-21,5,10,2019-01
1357452,2019-02-04,4,0,2019-02
1357452,2019-02-11,7,10,2019-02
1357452,2019-02-18,7,10,2019-02
1357452,2019-02-25,2,0,2019-02
1357506,2018-12-31,4,0,2018-12
1357506,2019-01-07,4,0,2019-01
1357506,2019-01-14,5,10,2019-01
1357515,2019-01-14,3,0,2019-01
1357639,2018-12-31,1,0,2018-12
1357639,2019-01-07,3,0,2019-01
1357639,2019-01-14,5,10,2019-01
1357639,2019-01-21,3,0,2019-01
1377290,2019-03-04,3,0,2019-03
1377366,2019-02-18,1,0,2019-02
1377392,2018-12-31,1,0,2018-12
1377392,2019-01-07,4,0,2019-01
1377392,2019-01-14,3,0,2019-01
1377392,2019-01-21,3,0,2019-01
1377392,2019-02-11,5,10,2019-02
1377392,2019-02-18,3,0,2019-02
1377392,2019-02-25,4,0,2019-02
1377392,2019-03-04,7,10,2019-03
1377392,2019-03-11,7,10,2019-03
1377392,2019-03-18,7,10,2019-03
1377392,2019-03-25,5,10,2019-03
1377392,2019-04-15,5,10,2019-04
1377392,2019-04-22,7,10,2019-04
1377392,2019-04-29,1,0,2019-04
1384748,2019-03-04,1,0,2019-03
1384748,2019-03-11,6,10,2019-03
1384748,2019-03-18,5,10,2019-03
1384748,2019-03-25,1,0,2019-03
1384748,2019-04-22,5,10,2019-04
1384748,2019-04-29,2,0,2019-04
1385018,2018-12-31,5,10,2018-12
1385348,2019-01-14,6,10,2019-01
1385348,2019-01-21,6,10,2019-01
1400246,2019-02-04,2,0,2019-02
1400246,2019-02-11,7,10,2019-02
1400246,2019-02-18,6,10,2019-02
1400246,2019-02-25,5,10,2019-02
1400246,2019-03-04,4,0,2019-03
1400246,2019-03-11,5,10,2019-03
1400246,2019-03-18,5,10,2019-03
1400246,2019-03-25,2,0,2019-03
1400246,2019-04-01,3,0,2019-04
1400246,2019-04-08,1,0,2019-04
1400246,2019-04-22,1,0,2019-04
1400587,2018-12-31,2,0,2018-12
1400587,2019-01-14,7,10,2019-01
1400587,2019-01-21,2,0,2019-01
1400695,2019-01-21,1,0,2019-01
1400814,2019-01-21,1,0,2019-01
1400814,2019-01-28,1,0,2019-01
1401807,2018-12-31,6,10,2018-12
1401807,2019-01-07,7,10,2019-01
1401807,2019-01-14,7,10,2019-01
1401807,2019-01-21,3,0,2019-01
1401807,2019-01-28,4,0,2019-01
1401807,2019-02-25,1,0,2019-02
1401807,2019-03-04,1,0,2019-03
1401807,2019-03-11,6,10,2019-03
1401807,2019-03-18,4,0,2019-03
1401807,2019-03-25,4,0,2019-03
1401807,2019-04-01,4,0,2019-04
1401807,2019-04-08,5,10,2019-04
1401807,2019-04-15,6,10,2019-04
1401807,2019-04-22,3,0,2019-04
1401807,2019-04-29,2,0,2019-04
1401969,2019-01-07,5,10,2019-01
1401969,2019-01-14,6,10,2019-01
1401969,2019-01-21,4,0,2019-01
1401969,2019-01-28,6,10,2019-01
1401969,2019-02-04,6,10,2019-02
1401969,2019-02-11,5,10,2019-02
1401969,2019-02-18,5,10,2019-02
1401969,2019-03-18,6,10,2019-03
1401969,2019-03-25,5,10,2019-03
1401969,2019-04-01,6,10,2019-04
1401969,2019-04-08,6,10,2019-04
1401969,2019-04-15,1,0,2019-04
1402173,2018-12-31,4,0,2018-12
1402173,2019-01-07,5,10,2019-01
1402173,2019-01-21,1,0,2019-01
1402173,2019-02-25,1,0,2019-02
1402173,2019-03-11,3,0,2019-03
1402173,2019-03-18,2,0,2019-03
1402173,2019-03-25,1,0,2019-03
1402173,2019-04-01,5,10,2019-04
1402173,2019-04-15,3,0,2019-04
1402173,2019-04-22,2,0,2019-04
1403161,2018-12-31,6,10,2018-12
1403161,2019-01-07,2,0,2019-01
1403161,2019-01-14,5,10,2019-01
1403161,2019-01-21,5,10,2019-01
1403161,2019-01-28,4,0,2019-01
1403161,2019-02-11,7,10,2019-02
1403161,2019-02-18,5,10,2019-02
1403161,2019-02-25,5,10,2019-02
1403161,2019-03-04,7,10,2019-03
1403161,2019-03-11,4,0,2019-03
1403161,2019-03-18,2,0,2019-03
1403161,2019-03-25,2,0,2019-03
1403325,2019-01-14,2,0,2019-01
1410172,2019-01-07,4,0,2019-01
1410172,2019-01-14,6,10,2019-01
1410172,2019-01-21,6,10,2019-01
1410172,2019-01-28,7,10,2019-01
1410172,2019-02-04,1,0,2019-02
1410197,2018-12-31,1,0,2018-12
1410197,2019-01-07,3,0,2019-01
1410197,2019-01-14,5,10,2019-01
1410197,2019-01-21,2,0,2019-01
1410197,2019-01-28,5,10,2019-01
1410197,2019-02-04,5,10,2019-02
1410197,2019-02-11,3,0,2019-02
1410197,2019-02-18,4,0,2019-02
1410197,2019-02-25,5,10,2019-02
1410197,2019-03-04,5,10,2019-03
1410197,2019-03-11,5,10,2019-03
1410197,2019-03-25,3,0,2019-03
1410197,2019-04-01,5,10,2019-04
1410197,2019-04-08,5,10,2019-04
1410197,2019-04-15,4,0,2019-04
1410197,2019-04-22,5,10,2019-04
1410197,2019-04-29,1,0,2019-04
1410346,2018-12-31,3,0,2018-12
1410346,2019-01-07,4,0,2019-01
1410346,2019-01-14,2,0,2019-01
1410625,2018-12-31,6,10,2018-12
1410625,2019-01-07,6,10,2019-01
1410625,2019-01-14,7,10,2019-01
1410625,2019-01-21,3,0,2019-01
1410886,2019-01-07,4,0,2019-01
1410886,2019-01-14,7,10,2019-01
1410886,2019-01-21,5,10,2019-01
1415631,2018-12-31,4,0,2018-12
1415631,2019-01-07,4,0,2019-01
1415658,2019-01-07,1,0,2019-01
1415960,2019-01-14,3,0,2019-01
1415960,2019-01-21,1,0,2019-01
1415960,2019-01-28,2,0,2019-01
1415960,2019-03-11,1,0,2019-03
1415960,2019-03-18,1,0,2019-03
1415960,2019-03-25,1,0,2019-03
1415960,2019-04-01,1,0,2019-04
1415960,2019-04-08,2,0,2019-04
1415960,2019-04-15,4,0,2019-04
1417454,2018-12-31,2,0,2018-12
1417454,2019-01-07,2,0,2019-01
1417695,2019-01-07,2,0,2019-01
1417695,2019-01-14,7,10,2019-01
1417695,2019-01-21,1,0,2019-01
1418422,2019-01-07,1,0,2019-01
1418422,2019-01-28,1,0,2019-01
1418422,2019-02-04,1,0,2019-02
1418422,2019-02-11,5,10,2019-02
1418422,2019-02-18,1,0,2019-02
1418653,2019-01-07,1,0,2019-01
1418728,2019-01-07,2,0,2019-01
1418728,2019-01-14,5,10,2019-01
1418728,2019-01-21,3,0,2019-01
1419031,2019-01-14,1,0,2019-01
1419031,2019-01-21,1,0,2019-01
1419303,2019-01-14,7,10,2019-01
1419303,2019-01-21,6,10,2019-01
1419303,2019-01-28,6,10,2019-01
1419303,2019-02-04,7,10,2019-02
1419303,2019-02-11,7,10,2019-02
1419303,2019-02-18,7,10,2019-02
1419303,2019-02-25,2,0,2019-02
1419303,2019-04-08,2,0,2019-04
1419303,2019-04-15,1,0,2019-04
1419312,2018-12-31,5,10,2018-12
1419312,2019-01-07,6,10,2019-01
1419312,2019-01-14,7,10,2019-01
1419312,2019-01-21,5,10,2019-01
1419312,2019-01-28,7,10,2019-01
1419312,2019-02-04,3,0,2019-02
1419312,2019-02-11,4,0,2019-02
1419312,2019-02-18,6,10,2019-02
1419312,2019-02-25,7,10,2019-02
1419312,2019-03-04,7,10,2019-03
1419312,2019-03-11,7,10,2019-03
1419312,2019-03-18,4,0,2019-03
1419312,2019-03-25,1,0,2019-03
1419312,2019-04-15,2,0,2019-04
1419312,2019-04-22,6,10,2019-04
1419312,2019-04-29,2,0,2019-04
1419374,2018-12-31,6,10,2018-12
1419374,2019-01-07,7,10,2019-01
1419374,2019-01-14,6,10,2019-01
1419374,2019-01-21,6,10,2019-01
1419374,2019-01-28,6,10,2019-01
1419374,2019-02-04,7,10,2019-02
1419374,2019-02-11,7,10,2019-02
1419374,2019-02-18,7,10,2019-02
1419374,2019-02-25,2,0,2019-02
1419374,2019-03-04,6,10,2019-03
1419374,2019-03-11,7,10,2019-03
1419374,2019-03-18,4,0,2019-03
1419438,2018-12-31,6,10,2018-12
1419438,2019-01-07,7,10,2019-01
1419438,2019-01-14,2,0,2019-01
1419491,2018-12-31,5,10,2018-12
1419491,2019-01-07,5,10,2019-01
1419491,2019-01-14,1,0,2019-01
1419860,2018-12-31,2,0,2018-12
1419860,2019-01-07,7,10,2019-01
1419860,2019-01-14,7,10,2019-01
1419860,2019-01-21,1,0,2019-01
1419860,2019-02-04,3,0,2019-02
1419860,2019-02-11,7,10,2019-02
1419860,2019-02-18,6,10,2019-02
1419860,2019-03-11,6,10,2019-03
1419860,2019-03-18,7,10,2019-03
1419860,2019-03-25,7,10,2019-03
1419860,2019-04-15,1,0,2019-04
1420015,2019-04-08,5,10,2019-04
1420015,2019-04-15,7,10,2019-04
1420015,2019-04-22,5,10,2019-04
1420015,2019-04-29,2,0,2019-04
1420114,2019-01-14,4,0,2019-01
1420114,2019-01-21,1,0,2019-01
1420114,2019-01-28,2,0,2019-01
1420114,2019-02-11,1,0,2019-02
1420182,2019-01-07,2,0,2019-01
1427801,2018-12-31,5,10,2018-12
1427801,2019-01-07,7,10,2019-01
1427801,2019-01-14,7,10,2019-01
1427801,2019-01-21,4,0,2019-01
1427891,2019-01-07,1,0,2019-01
1427891,2019-01-14,1,0,2019-01
1427891,2019-01-21,6,10,2019-01
1427891,2019-01-28,1,0,2019-01
1428425,2018-12-31,5,10,2018-12
1428425,2019-01-07,7,10,2019-01
1428425,2019-01-14,4,0,2019-01
1428480,2019-01-14,1,0,2019-01
1428480,2019-01-21,6,10,2019-01
1428480,2019-01-28,1,0,2019-01
1428480,2019-02-04,2,0,2019-02
1428480,2019-02-11,5,10,2019-02
1428480,2019-02-18,2,0,2019-02
1428480,2019-02-25,3,0,2019-02
1428480,2019-03-04,6,10,2019-03
1428480,2019-03-18,3,0,2019-03
1428480,2019-03-25,4,0,2019-03
1428480,2019-04-01,4,0,2019-04
1428557,2019-03-04,3,0,2019-03
1428557,2019-03-11,7,10,2019-03
1428557,2019-03-18,7,10,2019-03
1428557,2019-03-25,7,10,2019-03
1428557,2019-04-01,5,10,2019-04
1428557,2019-04-08,1,0,2019-04
1428617,2019-01-07,1,0,2019-01
1428617,2019-01-14,2,0,2019-01
1428706,2019-03-18,2,0,2019-03
1428706,2019-03-25,4,0,2019-03
1428706,2019-04-01,1,0,2019-04
1428730,2019-02-11,1,0,2019-02
1428730,2019-02-18,1,0,2019-02
1429019,2019-01-14,6,10,2019-01
1429019,2019-01-21,4,0,2019-01
1429091,2019-01-28,1,0,2019-01
1429091,2019-04-01,2,0,2019-04
1429091,2019-04-08,3,0,2019-04
1429091,2019-04-22,1,0,2019-04
1429295,2018-12-31,6,10,2018-12
1429295,2019-01-07,4,0,2019-01
1429295,2019-01-14,7,10,2019-01
1429295,2019-01-21,5,10,2019-01
1429295,2019-01-28,4,0,2019-01
1429295,2019-02-04,1,0,2019-02
1429474,2019-01-28,1,0,2019-01
1429474,2019-04-15,1,0,2019-04
1429474,2019-04-29,1,0,2019-04
1437050,2019-01-28,5,10,2019-01
1437050,2019-02-04,2,0,2019-02
1437050,2019-02-18,3,0,2019-02
1437130,2018-12-31,2,0,2018-12
1437130,2019-01-07,7,10,2019-01
1437130,2019-01-14,6,10,2019-01
1437130,2019-01-21,5,10,2019-01
1437130,2019-01-28,6,10,2019-01
1437130,2019-02-04,7,10,2019-02
1437130,2019-02-11,7,10,2019-02
1437130,2019-02-18,7,10,2019-02
1437130,2019-02-25,2,0,2019-02
1437533,2018-12-31,6,10,2018-12
1437533,2019-01-07,7,10,2019-01
1437533,2019-01-14,2,0,2019-01
1437610,2019-01-14,4,0,2019-01
1437610,2019-01-21,6,10,2019-01
1437610,2019-01-28,5,10,2019-01
1437610,2019-02-04,6,10,2019-02
1437610,2019-02-11,7,10,2019-02
1437610,2019-02-18,7,10,2019-02
1437610,2019-02-25,2,0,2019-02
1437706,2018-12-31,5,10,2018-12
1437706,2019-01-07,7,10,2019-01
1437706,2019-01-14,7,10,2019-01
1437706,2019-01-21,5,10,2019-01
1437706,2019-01-28,1,0,2019-01
1437706,2019-02-04,5,10,2019-02
1437706,2019-02-11,7,10,2019-02
1437706,2019-02-18,7,10,2019-02
1437706,2019-02-25,2,0,2019-02
1437706,2019-03-18,3,0,2019-03
1437706,2019-03-25,2,0,2019-03
1437706,2019-04-01,2,0,2019-04
1437706,2019-04-08,2,0,2019-04
1437706,2019-04-15,5,10,2019-04
1437706,2019-04-22,6,10,2019-04
1437706,2019-04-29,1,0,2019-04
1437763,2019-01-14,1,0,2019-01
1437763,2019-01-21,2,0,2019-01
1437763,2019-01-28,5,10,2019-01
1437763,2019-02-04,2,0,2019-02
1437763,2019-02-11,1,0,2019-02
1437763,2019-02-25,2,0,2019-02
1437763,2019-03-04,4,0,2019-03
1437763,2019-03-11,1,0,2019-03
1438166,2019-01-07,2,0,2019-01
1438166,2019-01-14,7,10,2019-01
1438166,2019-01-21,6,10,2019-01
1438166,2019-01-28,5,10,2019-01
1438166,2019-02-04,1,0,2019-02
1438166,2019-02-11,7,10,2019-02
1438166,2019-02-18,6,10,2019-02
1438166,2019-02-25,3,0,2019-02
1438166,2019-03-04,6,10,2019-03
1438166,2019-03-11,6,10,2019-03
1438166,2019-03-18,2,0,2019-03
1438166,2019-03-25,6,10,2019-03
1438166,2019-04-01,6,10,2019-04
1438166,2019-04-08,2,0,2019-04
1438166,2019-04-15,4,0,2019-04
1438166,2019-04-22,6,10,2019-04
1438166,2019-04-29,1,0,2019-04
1467218,2018-12-31,1,0,2018-12
1467442,2018-12-31,1,0,2018-12
1467442,2019-03-25,1,0,2019-03
1467926,2019-01-28,1,0,2019-01
1468432,2018-12-31,1,0,2018-12
1468432,2019-02-18,1,0,2019-02
1468432,2019-02-25,1,0,2019-02
1468432,2019-03-04,2,0,2019-03
1468432,2019-03-11,5,10,2019-03
1468432,2019-03-18,4,0,2019-03
1468432,2019-03-25,5,10,2019-03
1468432,2019-04-15,3,0,2019-04
1468432,2019-04-22,7,10,2019-04
1468432,2019-04-29,2,0,2019-04
1469161,2019-01-14,2,0,2019-01
1469248,2019-01-14,1,0,2019-01
1469248,2019-01-21,6,10,2019-01
1469248,2019-01-28,7,10,2019-01
1469248,2019-02-04,6,10,2019-02
1469248,2019-02-11,6,10,2019-02
1469248,2019-02-18,7,10,2019-02
1469248,2019-02-25,7,10,2019-02
1469248,2019-03-04,7,10,2019-03
1469248,2019-03-11,7,10,2019-03
1469248,2019-03-18,5,10,2019-03
1469248,2019-03-25,7,10,2019-03
1469248,2019-04-01,7,10,2019-04
1469248,2019-04-08,7,10,2019-04
1469248,2019-04-15,7,10,2019-04
1469248,2019-04-22,7,10,2019-04
1469248,2019-04-29,2,0,2019-04
1469259,2019-01-21,1,0,2019-01
1469565,2019-01-14,1,0,2019-01
1469947,2019-03-04,7,10,2019-03
1469947,2019-03-11,5,10,2019-03
1469947,2019-03-18,5,10,2019-03
1469947,2019-03-25,7,10,2019-03
1469947,2019-04-01,7,10,2019-04
1469947,2019-04-08,5,10,2019-04
1469947,2019-04-15,2,0,2019-04
1469947,2019-04-22,6,10,2019-04
1469947,2019-04-29,1,0,2019-04
1477098,2018-12-31,6,10,2018-12
1477098,2019-01-07,5,10,2019-01
1477098,2019-01-14,7,10,2019-01
1477098,2019-01-21,5,10,2019-01
1477098,2019-01-28,6,10,2019-01
1477098,2019-02-04,6,10,2019-02
1477098,2019-02-11,5,10,2019-02
1477098,2019-02-18,6,10,2019-02
1477098,2019-02-25,6,10,2019-02
1477098,2019-03-04,4,0,2019-03
1477098,2019-03-11,5,10,2019-03
1477098,2019-03-18,6,10,2019-03
1477098,2019-03-25,6,10,2019-03
1477098,2019-04-01,4,0,2019-04
1477098,2019-04-08,4,0,2019-04
1477098,2019-04-15,5,10,2019-04
1477098,2019-04-22,7,10,2019-04
1477098,2019-04-29,2,0,2019-04
1488138,2019-01-07,6,10,2019-01
1488138,2019-01-14,4,0,2019-01
1488138,2019-01-21,3,0,2019-01
1488138,2019-01-28,2,0,2019-01
1488138,2019-02-04,2,0,2019-02
1488138,2019-02-11,3,0,2019-02
1488138,2019-02-18,3,0,2019-02
1488138,2019-02-25,4,0,2019-02
1488138,2019-03-04,2,0,2019-03
1488138,2019-03-11,4,0,2019-03
1488138,2019-03-18,1,0,2019-03
1488180,2019-03-25,1,0,2019-03
1488450,2019-03-25,1,0,2019-03
1488450,2019-04-01,4,0,2019-04
1488450,2019-04-08,7,10,2019-04
1488450,2019-04-15,7,10,2019-04
1488450,2019-04-22,7,10,2019-04
1488450,2019-04-29,1,0,2019-04
1488526,2018-12-31,2,0,2018-12
1488526,2019-01-07,4,0,2019-01
1488526,2019-01-14,1,0,2019-01
1488526,2019-01-28,2,0,2019-01
1488752,2019-04-15,3,0,2019-04
1488752,2019-04-22,7,10,2019-04
1488752,2019-04-29,1,0,2019-04
1488979,2018-12-31,6,10,2018-12
1488979,2019-01-07,6,10,2019-01
1488979,2019-01-14,5,10,2019-01
1488979,2019-01-21,5,10,2019-01
1488979,2019-01-28,2,0,2019-01
1488979,2019-03-04,6,10,2019-03
1488979,2019-03-11,6,10,2019-03
1488979,2019-03-18,6,10,2019-03
1488979,2019-03-25,7,10,2019-03
1488979,2019-04-01,7,10,2019-04
1488979,2019-04-08,7,10,2019-04
1488979,2019-04-15,7,10,2019-04
1488979,2019-04-22,7,10,2019-04
1488979,2019-04-29,2,0,2019-04
1489262,2018-12-31,2,0,2018-12
1489262,2019-01-07,2,0,2019-01
1489262,2019-01-14,5,10,2019-01
1489262,2019-01-21,4,0,2019-01
1489262,2019-01-28,6,10,2019-01
1489262,2019-02-04,6,10,2019-02
1489262,2019-02-11,4,0,2019-02
1489262,2019-02-18,6,10,2019-02
1489262,2019-02-25,4,0,2019-02
1489262,2019-03-11,6,10,2019-03
1489262,2019-03-18,2,0,2019-03
1489262,2019-03-25,7,10,2019-03
1489262,2019-04-01,4,0,2019-04
1489262,2019-04-08,5,10,2019-04
1489262,2019-04-15,4,0,2019-04
1489262,2019-04-22,6,10,2019-04
1490303,2019-01-14,1,0,2019-01
1490303,2019-01-21,1,0,2019-01
1490437,2018-12-31,5,10,2018-12
1490437,2019-01-07,6,10,2019-01
1490437,2019-01-14,6,10,2019-01
1490437,2019-01-21,2,0,2019-01
1498682,2019-02-04,1,0,2019-02
1498682,2019-02-11,5,10,2019-02
1498682,2019-02-18,3,0,2019-02
1498682,2019-02-25,6,10,2019-02
1498682,2019-03-04,7,10,2019-03
1498682,2019-03-11,7,10,2019-03
1498682,2019-03-18,7,10,2019-03
1498682,2019-03-25,2,0,2019-03
1498682,2019-04-15,1,0,2019-04
1498682,2019-04-22,7,10,2019-04
1498682,2019-04-29,2,0,2019-04
1499303,2018-12-31,5,10,2018-12
1499303,2019-01-07,2,0,2019-01
1500531,2019-02-25,1,0,2019-02
1502392,2018-12-31,5,10,2018-12
1502392,2019-01-07,4,0,2019-01
1502900,2019-01-07,1,0,2019-01
1502900,2019-01-14,3,0,2019-01
1511161,2019-01-14,2,0,2019-01
1511161,2019-03-18,1,0,2019-03
1511876,2019-01-14,6,10,2019-01
1512535,2018-12-31,4,0,2018-12
1512535,2019-01-07,6,10,2019-01
1512535,2019-01-14,7,10,2019-01
1512535,2019-01-21,4,0,2019-01
1512535,2019-04-01,4,0,2019-04
1512535,2019-04-08,5,10,2019-04
1558504,2018-12-31,1,0,2018-12
1558504,2019-01-14,1,0,2019-01
1558504,2019-03-18,1,0,2019-03
1558504,2019-03-25,4,0,2019-03
1559469,2018-12-31,4,0,2018-12
1559469,2019-01-07,7,10,2019-01
1559469,2019-01-14,5,10,2019-01
1559469,2019-01-21,3,0,2019-01
1559469,2019-01-28,7,10,2019-01
1559469,2019-02-04,6,10,2019-02
1559469,2019-02-11,4,0,2019-02
1559469,2019-02-18,6,10,2019-02
1559469,2019-02-25,3,0,2019-02
1559469,2019-03-04,7,10,2019-03
1559469,2019-03-11,7,10,2019-03
1559469,2019-03-18,5,10,2019-03
1559469,2019-03-25,7,10,2019-03
1559469,2019-04-01,7,10,2019-04
1559469,2019-04-08,7,10,2019-04
1559469,2019-04-15,6,10,2019-04
1559469,2019-04-22,1,0,2019-04
1562993,2019-01-21,1,0,2019-01
1562993,2019-01-28,5,10,2019-01
1562993,2019-02-04,6,10,2019-02
1562993,2019-02-11,5,10,2019-02
1562993,2019-02-18,5,10,2019-02
1562993,2019-02-25,5,10,2019-02
1562993,2019-03-04,6,10,2019-03
1562993,2019-03-11,6,10,2019-03
1562993,2019-03-18,5,10,2019-03
1562993,2019-03-25,6,10,2019-03
1562993,2019-04-01,5,10,2019-04
1562993,2019-04-08,5,10,2019-04
1562993,2019-04-15,3,0,2019-04
1562993,2019-04-22,6,10,2019-04
1562993,2019-04-29,2,0,2019-04
1575192,2018-12-31,2,0,2018-12
1575192,2019-01-07,3,0,2019-01
1575192,2019-01-14,1,0,2019-01
1575288,2019-01-07,1,0,2019-01
1575539,2019-01-14,2,0,2019-01
1575539,2019-01-21,4,0,2019-01
1575539,2019-02-11,1,0,2019-02
1575539,2019-04-22,2,0,2019-04
1575539,2019-04-29,1,0,2019-04
1576137,2018-12-31,5,10,2018-12
1576137,2019-01-07,1,0,2019-01
1576266,2018-12-31,3,0,2018-12
1576266,2019-01-07,3,0,2019-01
1592549,2019-01-28,3,0,2019-01
1592937,2018-12-31,3,0,2018-12
1592937,2019-01-07,2,0,2019-01
1592937,2019-01-14,1,0,2019-01
1593163,2019-01-14,1,0,2019-01
1593163,2019-01-28,2,0,2019-01
1593163,2019-02-11,3,0,2019-02
1593163,2019-02-18,2,0,2019-02
1593163,2019-02-25,2,0,2019-02
1593163,2019-03-04,4,0,2019-03
1593163,2019-03-11,1,0,2019-03
1593163,2019-03-18,3,0,2019-03
1593163,2019-03-25,7,10,2019-03
1593163,2019-04-01,2,0,2019-04
1593163,2019-04-08,4,0,2019-04
1593411,2018-12-31,6,10,2018-12
1593411,2019-01-07,7,10,2019-01
1593411,2019-01-14,6,10,2019-01
1593411,2019-01-21,7,10,2019-01
1593411,2019-01-28,6,10,2019-01
1593411,2019-02-04,7,10,2019-02
1593411,2019-02-11,5,10,2019-02
1593411,2019-02-18,7,10,2019-02
1593411,2019-02-25,6,10,2019-02
1593411,2019-03-04,6,10,2019-03
1593411,2019-03-11,5,10,2019-03
1593411,2019-03-18,2,0,2019-03
1593411,2019-03-25,5,10,2019-03
1593411,2019-04-01,1,0,2019-04
1593411,2019-04-08,2,0,2019-04
1593411,2019-04-15,4,0,2019-04
1593411,2019-04-22,1,0,2019-04
1593411,2019-04-29,1,0,2019-04
1593438,2018-12-31,1,0,2018-12
1593438,2019-01-07,1,0,2019-01
1593729,2018-12-31,3,0,2018-12
1593729,2019-01-07,7,10,2019-01
1593729,2019-01-14,3,0,2019-01
1593777,2018-12-31,3,0,2018-12
1593777,2019-01-07,1,0,2019-01
1594092,2019-02-18,2,0,2019-02
1594092,2019-02-25,3,0,2019-02
1594092,2019-03-04,2,0,2019-03
1594092,2019-03-18,1,0,2019-03
1595169,2019-02-18,1,0,2019-02
1595169,2019-03-11,1,0,2019-03
1595169,2019-03-25,2,0,2019-03
1595169,2019-04-01,4,0,2019-04
1595169,2019-04-08,2,0,2019-04
1595720,2019-03-25,6,10,2019-03
1595720,2019-04-01,2,0,2019-04
1595720,2019-04-08,7,10,2019-04
1595720,2019-04-15,5,10,2019-04
1595788,2018-12-31,6,10,2018-12
1595788,2019-01-07,4,0,2019-01
1595788,2019-01-14,6,10,2019-01
1595977,2019-01-07,1,0,2019-01
1596289,2018-12-31,6,10,2018-12
1596289,2019-01-07,7,10,2019-01
1596289,2019-01-14,6,10,2019-01
1596289,2019-01-21,5,10,2019-01
1596289,2019-01-28,6,10,2019-01
1596289,2019-02-04,6,10,2019-02
1596289,2019-02-11,3,0,2019-02
1596289,2019-02-18,5,10,2019-02
1596289,2019-02-25,5,10,2019-02
1596289,2019-03-04,5,10,2019-03
1596289,2019-03-11,4,0,2019-03
1596289,2019-03-18,3,0,2019-03
1596289,2019-03-25,5,10,2019-03
1596289,2019-04-01,5,10,2019-04
1596289,2019-04-08,5,10,2019-04
1596289,2019-04-15,3,0,2019-04
1596289,2019-04-22,5,10,2019-04
1596289,2019-04-29,1,0,2019-04
1596326,2018-12-31,3,0,2018-12
1596326,2019-01-07,3,0,2019-01
1596326,2019-01-14,2,0,2019-01
1596326,2019-01-21,4,0,2019-01
1596326,2019-02-04,1,0,2019-02
1596326,2019-02-11,2,0,2019-02
1596326,2019-02-18,2,0,2019-02
1596326,2019-02-25,4,0,2019-02
1596326,2019-03-04,2,0,2019-03
1596326,2019-03-11,5,10,2019-03
1596326,2019-03-18,2,0,2019-03
1596326,2019-03-25,1,0,2019-03
1596326,2019-04-01,3,0,2019-04
1596326,2019-04-08,5,10,2019-04
1596326,2019-04-15,4,0,2019-04
1596326,2019-04-22,5,10,2019-04
1596326,2019-04-29,2,0,2019-04
1605644,2018-12-31,5,10,2018-12
1605644,2019-01-07,5,10,2019-01
1605644,2019-01-14,6,10,2019-01
1605644,2019-01-21,5,10,2019-01
1605735,2018-12-31,2,0,2018-12
1605735,2019-01-07,1,0,2019-01
1605735,2019-01-14,1,0,2019-01
1605796,2018-12-31,5,10,2018-12
1605796,2019-01-07,5,10,2019-01
1605961,2019-01-28,2,0,2019-01
1605985,2019-01-14,2,0,2019-01
1605985,2019-01-21,4,0,2019-01
1607172,2019-04-22,5,10,2019-04
1607172,2019-04-29,1,0,2019-04
1609379,2019-01-07,4,0,2019-01
1609379,2019-01-14,2,0,2019-01
1610144,2018-12-31,2,0,2018-12
1610144,2019-01-07,6,10,2019-01
1610144,2019-01-21,5,10,2019-01
1610144,2019-02-04,1,0,2019-02
1610513,2019-01-21,2,0,2019-01
1610513,2019-01-28,2,0,2019-01
1610513,2019-03-25,4,0,2019-03
1610513,2019-04-01,7,10,2019-04
1610513,2019-04-08,6,10,2019-04
1610513,2019-04-15,2,0,2019-04
1610513,2019-04-22,7,10,2019-04
1610513,2019-04-29,2,0,2019-04
1611022,2018-12-31,2,0,2018-12
1611022,2019-01-07,4,0,2019-01
1611022,2019-01-14,5,10,2019-01
1611022,2019-01-21,3,0,2019-01
1611022,2019-01-28,2,0,2019-01
1611022,2019-02-04,2,0,2019-02
1611022,2019-02-11,4,0,2019-02
1611022,2019-02-18,5,10,2019-02
1611022,2019-02-25,2,0,2019-02
1611022,2019-03-04,5,10,2019-03
1611022,2019-03-11,6,10,2019-03
1611022,2019-03-18,3,0,2019-03
1611022,2019-03-25,7,10,2019-03
1611022,2019-04-01,6,10,2019-04
1611022,2019-04-08,7,10,2019-04
1611022,2019-04-15,6,10,2019-04
1611022,2019-04-22,7,10,2019-04
1611022,2019-04-29,2,0,2019-04
1611067,2018-12-31,3,0,2018-12
1611067,2019-01-07,5,10,2019-01
1611067,2019-01-14,3,0,2019-01
1611067,2019-01-21,1,0,2019-01
1611067,2019-01-28,2,0,2019-01
1611067,2019-02-18,2,0,2019-02
1611067,2019-02-25,5,10,2019-02
1611067,2019-03-04,7,10,2019-03
1611067,2019-03-11,6,10,2019-03
1611067,2019-03-18,7,10,2019-03
1611067,2019-03-25,7,10,2019-03
1611067,2019-04-01,4,0,2019-04
1611067,2019-04-08,7,10,2019-04
1611067,2019-04-15,7,10,2019-04
1611067,2019-04-22,7,10,2019-04
1611073,2018-12-31,4,0,2018-12
1611073,2019-01-07,4,0,2019-01
1611073,2019-01-14,3,0,2019-01
1611073,2019-01-21,1,0,2019-01
1611073,2019-02-04,2,0,2019-02
1611073,2019-02-11,1,0,2019-02
1611073,2019-02-18,2,0,2019-02
1611073,2019-02-25,4,0,2019-02
1611073,2019-03-04,3,0,2019-03
1611073,2019-03-11,6,10,2019-03
1611073,2019-03-18,5,10,2019-03
1611073,2019-03-25,5,10,2019-03
1611073,2019-04-01,7,10,2019-04
1611073,2019-04-08,6,10,2019-04
1611073,2019-04-15,5,10,2019-04
1611073,2019-04-22,4,0,2019-04
1611073,2019-04-29,1,0,2019-04
1620525,2018-12-31,2,0,2018-12
1620525,2019-01-07,3,0,2019-01
1620525,2019-01-14,2,0,2019-01
1620525,2019-01-21,3,0,2019-01
1620525,2019-01-28,2,0,2019-01
1620525,2019-02-04,5,10,2019-02
1620525,2019-02-11,5,10,2019-02
1620525,2019-03-18,2,0,2019-03
1620525,2019-04-29,1,0,2019-04
1621092,2018-12-31,1,0,2018-12
1621092,2019-01-07,2,0,2019-01
1621092,2019-03-04,1,0,2019-03
1621405,2018-12-31,4,0,2018-12
1621405,2019-01-07,7,10,2019-01
1621405,2019-01-14,4,0,2019-01
1621405,2019-01-21,6,10,2019-01
1621405,2019-01-28,5,10,2019-01
1621405,2019-02-04,3,0,2019-02
1621405,2019-02-11,1,0,2019-02
1621405,2019-03-11,3,0,2019-03
1621405,2019-03-18,5,10,2019-03
1621405,2019-03-25,1,0,2019-03
1621405,2019-04-01,3,0,2019-04
1621405,2019-04-08,5,10,2019-04
1621405,2019-04-15,3,0,2019-04
1621405,2019-04-22,5,10,2019-04
1621405,2019-04-29,1,0,2019-04
1621719,2018-12-31,6,10,2018-12
1621719,2019-01-07,7,10,2019-01
1621719,2019-01-14,7,10,2019-01
1621719,2019-01-21,6,10,2019-01
1621719,2019-01-28,5,10,2019-01
1621719,2019-02-04,7,10,2019-02
1621719,2019-02-11,6,10,2019-02
1621719,2019-02-18,7,10,2019-02
1621719,2019-02-25,2,0,2019-02
1621719,2019-03-04,3,0,2019-03
1621719,2019-03-11,7,10,2019-03
1621719,2019-03-18,3,0,2019-03
1621719,2019-03-25,5,10,2019-03
1621719,2019-04-01,2,0,2019-04
1621972,2019-01-14,4,0,2019-01
1621972,2019-01-21,1,0,2019-01
1621972,2019-02-04,4,0,2019-02
1621972,2019-02-11,2,0,2019-02
1622160,2019-02-11,4,0,2019-02
1622462,2019-01-21,6,10,2019-01
1622462,2019-01-28,3,0,2019-01
1622622,2018-12-31,6,10,2018-12
1622622,2019-01-07,2,0,2019-01
1622622,2019-01-14,3,0,2019-01
1622622,2019-01-21,2,0,2019-01
1623037,2018-12-31,4,0,2018-12
1623037,2019-01-07,6,10,2019-01
1623037,2019-01-14,5,10,2019-01
1623037,2019-01-21,4,0,2019-01
1623037,2019-01-28,4,0,2019-01
1623037,2019-02-04,6,10,2019-02
1623037,2019-02-11,7,10,2019-02
1623037,2019-02-18,5,10,2019-02
1623037,2019-04-01,3,0,2019-04
1623037,2019-04-08,4,0,2019-04
1623037,2019-04-15,3,0,2019-04
1623037,2019-04-22,1,0,2019-04
1623195,2018-12-31,6,10,2018-12
1623195,2019-01-07,2,0,2019-01
1623195,2019-01-14,6,10,2019-01
1624426,2019-02-04,2,0,2019-02
1625232,2019-04-29,1,0,2019-04
1635428,2018-12-31,4,0,2018-12
1635428,2019-01-07,7,10,2019-01
1635428,2019-01-14,7,10,2019-01
1635428,2019-01-21,2,0,2019-01
1635482,2019-02-11,7,10,2019-02
1635482,2019-02-18,6,10,2019-02
1635482,2019-02-25,7,10,2019-02
1635482,2019-03-25,4,0,2019-03
1635482,2019-04-01,4,0,2019-04
1635737,2019-01-14,1,0,2019-01
1635801,2019-04-01,2,0,2019-04
1635801,2019-04-15,1,0,2019-04
1635974,2018-12-31,5,10,2018-12
1635974,2019-01-07,3,0,2019-01
1635974,2019-01-14,1,0,2019-01
1636572,2019-01-07,4,0,2019-01
1636800,2019-01-14,3,0,2019-01
1636800,2019-01-21,1,0,2019-01
1636825,2018-12-31,3,0,2018-12
1636825,2019-01-07,5,10,2019-01
1636825,2019-01-14,2,0,2019-01
1636825,2019-01-21,2,0,2019-01
1636825,2019-04-01,1,0,2019-04
1637321,2018-12-31,4,0,2018-12
1637321,2019-01-07,3,0,2019-01
1637321,2019-01-14,5,10,2019-01
1637321,2019-04-15,2,0,2019-04
1637580,2018-12-31,5,10,2018-12
1637580,2019-01-07,2,0,2019-01
1637910,2019-01-14,2,0,2019-01
1637910,2019-01-21,3,0,2019-01
1637910,2019-01-28,4,0,2019-01
1638181,2018-12-31,3,0,2018-12
1638181,2019-01-07,7,10,2019-01
1638181,2019-01-14,3,0,2019-01
1638181,2019-01-21,4,0,2019-01
1638181,2019-01-28,4,0,2019-01
1638181,2019-02-25,5,10,2019-02
1638181,2019-03-04,2,0,2019-03
1638181,2019-03-11,2,0,2019-03
1638181,2019-03-25,1,0,2019-03
1638181,2019-04-01,1,0,2019-04
1639632,2018-12-31,2,0,2018-12
1639632,2019-01-07,4,0,2019-01
1639632,2019-01-14,3,0,2019-01
1639632,2019-01-21,7,10,2019-01
1639632,2019-01-28,5,10,2019-01
1639632,2019-02-04,6,10,2019-02
1639632,2019-02-11,6,10,2019-02
1639632,2019-02-18,6,10,2019-02
1639632,2019-02-25,7,10,2019-02
1639632,2019-03-04,5,10,2019-03
1639632,2019-03-11,7,10,2019-03
1639632,2019-03-18,4,0,2019-03
1639632,2019-03-25,7,10,2019-03
1639632,2019-04-01,4,0,2019-04
1639632,2019-04-08,6,10,2019-04
1639632,2019-04-15,5,10,2019-04
1639632,2019-04-22,5,10,2019-04
1639632,2019-04-29,2,0,2019-04
1648887,2018-12-31,2,0,2018-12
1648887,2019-01-14,4,0,2019-01
1648887,2019-01-21,5,10,2019-01
1648887,2019-01-28,1,0,2019-01
1648887,2019-02-04,1,0,2019-02
1648887,2019-02-25,4,0,2019-02
1648887,2019-03-04,2,0,2019-03
1648887,2019-03-11,4,0,2019-03
1648887,2019-03-18,2,0,2019-03
1648887,2019-03-25,2,0,2019-03
1648895,2019-04-22,2,0,2019-04
1649066,2018-12-31,3,0,2018-12
1649066,2019-01-07,6,10,2019-01
1649066,2019-01-14,5,10,2019-01
1649066,2019-01-21,4,0,2019-01
1649066,2019-04-08,2,0,2019-04
1649066,2019-04-15,1,0,2019-04
1649088,2018-12-31,3,0,2018-12
1649088,2019-01-07,4,0,2019-01
1649088,2019-01-14,4,0,2019-01
1649088,2019-01-21,5,10,2019-01
1649088,2019-01-28,1,0,2019-01
1649088,2019-02-04,2,0,2019-02
1649579,2019-03-25,1,0,2019-03
1649579,2019-04-01,1,0,2019-04
1649579,2019-04-08,4,0,2019-04
1649579,2019-04-15,1,0,2019-04
1649579,2019-04-22,3,0,2019-04
1649579,2019-04-29,1,0,2019-04
1650450,2018-12-31,5,10,2018-12
1650450,2019-01-07,2,0,2019-01
1659785,2018-12-31,5,10,2018-12
1659785,2019-01-07,6,10,2019-01
1659785,2019-01-14,7,10,2019-01
1659785,2019-01-21,5,10,2019-01
1659785,2019-02-04,1,0,2019-02
1659785,2019-02-18,4,0,2019-02
1659785,2019-02-25,1,0,2019-02
1659785,2019-04-01,1,0,2019-04
1659785,2019-04-08,1,0,2019-04
1659785,2019-04-15,3,0,2019-04
1659785,2019-04-22,6,10,2019-04
1661046,2018-12-31,5,10,2018-12
1661046,2019-01-07,5,10,2019-01
1661046,2019-01-21,3,0,2019-01
1661046,2019-01-28,5,10,2019-01
1661046,2019-02-04,5,10,2019-02
1661046,2019-02-18,4,0,2019-02
1661046,2019-02-25,5,10,2019-02
1661046,2019-03-04,4,0,2019-03
1661046,2019-03-11,7,10,2019-03
1661046,2019-03-18,2,0,2019-03
1661082,2019-01-07,3,0,2019-01
1661082,2019-01-14,4,0,2019-01
1661082,2019-01-21,5,10,2019-01
1661163,2018-12-31,1,0,2018-12
1661163,2019-01-07,3,0,2019-01
1661163,2019-01-14,4,0,2019-01
1661176,2019-01-28,3,0,2019-01
1661176,2019-02-04,2,0,2019-02
1661345,2019-04-15,1,0,2019-04
1661345,2019-04-22,3,0,2019-04
1661511,2018-12-31,2,0,2018-12
1661511,2019-01-07,7,10,2019-01
1661511,2019-01-14,7,10,2019-01
1661511,2019-01-21,7,10,2019-01
1661511,2019-01-28,3,0,2019-01
1661511,2019-02-04,1,0,2019-02
1661567,2019-04-15,3,0,2019-04
1661567,2019-04-22,4,0,2019-04
1661567,2019-04-29,2,0,2019-04
1662072,2018-12-31,1,0,2018-12
1662072,2019-01-07,4,0,2019-01
1662072,2019-01-14,4,0,2019-01
1662072,2019-01-21,5,10,2019-01
1662072,2019-01-28,2,0,2019-01
1662072,2019-02-04,1,0,2019-02
1662072,2019-02-18,2,0,2019-02
1662072,2019-04-01,1,0,2019-04
1663074,2018-12-31,2,0,2018-12
1663074,2019-01-07,2,0,2019-01
1663074,2019-01-14,1,0,2019-01
1663074,2019-01-21,1,0,2019-01
1663074,2019-01-28,2,0,2019-01
1663074,2019-03-25,2,0,2019-03
1663074,2019-04-01,2,0,2019-04
1672605,2018-12-31,3,0,2018-12
1672605,2019-01-07,1,0,2019-01
1679145,2018-12-31,1,0,2018-12
1679167,2018-12-31,2,0,2018-12
1679167,2019-01-14,3,0,2019-01
1679167,2019-02-25,4,0,2019-02
1679167,2019-03-04,4,0,2019-03
1679167,2019-03-11,1,0,2019-03
1679167,2019-03-25,5,10,2019-03
1679167,2019-04-01,2,0,2019-04
1679167,2019-04-08,4,0,2019-04
1679167,2019-04-15,2,0,2019-04
1679167,2019-04-22,5,10,2019-04
1679167,2019-04-29,1,0,2019-04
1679288,2018-12-31,5,10,2018-12
1679288,2019-01-07,6,10,2019-01
1679288,2019-01-14,7,10,2019-01
1679288,2019-01-21,2,0,2019-01
1679288,2019-02-11,3,0,2019-02
1679677,2019-01-14,4,0,2019-01
1679677,2019-01-21,1,0,2019-01
1679814,2018-12-31,3,0,2018-12
1679814,2019-01-07,2,0,2019-01
1679814,2019-01-28,1,0,2019-01
1679814,2019-04-15,6,10,2019-04
1679814,2019-04-22,3,0,2019-04
1681083,2018-12-31,4,0,2018-12
1687147,2018-12-31,4,0,2018-12
1687147,2019-01-07,6,10,2019-01
1687147,2019-01-14,7,10,2019-01
1687147,2019-01-21,2,0,2019-01
1687860,2018-12-31,3,0,2018-12
1687860,2019-01-07,2,0,2019-01
1688156,2018-12-31,4,0,2018-12
1688156,2019-01-07,7,10,2019-01
1688156,2019-01-14,7,10,2019-01
1688156,2019-01-21,6,10,2019-01
1688156,2019-01-28,1,0,2019-01
1688182,2018-12-31,6,10,2018-12
1688182,2019-01-07,3,0,2019-01
1688851,2018-12-31,3,0,2018-12
1688851,2019-01-07,2,0,2019-01
1688939,2019-04-08,5,10,2019-04
1688939,2019-04-15,4,0,2019-04
1688939,2019-04-22,5,10,2019-04
1696419,2018-12-31,1,0,2018-12
1696951,2018-12-31,3,0,2018-12
1696951,2019-01-07,6,10,2019-01
1696951,2019-01-14,6,10,2019-01
1696951,2019-01-21,4,0,2019-01
1696951,2019-01-28,7,10,2019-01
1696951,2019-02-04,4,0,2019-02
1697008,2019-01-28,7,10,2019-01
1697008,2019-02-04,1,0,2019-02
1697008,2019-02-18,2,0,2019-02
1697008,2019-03-11,4,0,2019-03
1697219,2018-12-31,4,0,2018-12
1697219,2019-01-14,5,10,2019-01
1697219,2019-01-21,6,10,2019-01
1697324,2018-12-31,3,0,2018-12
1697324,2019-01-07,1,0,2019-01
1697488,2018-12-31,5,10,2018-12
1697488,2019-01-07,6,10,2019-01
1697488,2019-01-14,7,10,2019-01
1697488,2019-01-21,6,10,2019-01
1697488,2019-01-28,6,10,2019-01
1697488,2019-02-04,6,10,2019-02
1697488,2019-02-11,7,10,2019-02
1697488,2019-02-18,7,10,2019-02
1697488,2019-02-25,2,0,2019-02
1697488,2019-04-08,2,0,2019-04
1697488,2019-04-15,5,10,2019-04
1697488,2019-04-22,4,0,2019-04
1702939,2018-12-31,2,0,2018-12
1702939,2019-01-07,2,0,2019-01
1703506,2018-12-31,6,10,2018-12
1703506,2019-01-07,5,10,2019-01
1703506,2019-01-14,4,0,2019-01
1704216,2018-12-31,5,10,2018-12
1704216,2019-01-07,5,10,2019-01
1704216,2019-01-14,4,0,2019-01
1718262,2019-02-11,1,0,2019-02
1718262,2019-03-04,1,0,2019-03
1718631,2019-02-11,5,10,2019-02
1718631,2019-03-25,1,0,2019-03
1718803,2019-01-07,1,0,2019-01
1718803,2019-04-01,1,0,2019-04
1718803,2019-04-08,1,0,2019-04
1718803,2019-04-15,2,0,2019-04
1719115,2019-01-28,1,0,2019-01
1719216,2018-12-31,5,10,2018-12
1719216,2019-01-07,4,0,2019-01
1719216,2019-01-14,1,0,2019-01
1719216,2019-01-21,3,0,2019-01
1719216,2019-04-08,2,0,2019-04
1719216,2019-04-15,4,0,2019-04
1719216,2019-04-22,4,0,2019-04
1719425,2019-03-25,3,0,2019-03
1719425,2019-04-01,6,10,2019-04
1719425,2019-04-08,5,10,2019-04
1719425,2019-04-15,3,0,2019-04
1719425,2019-04-22,5,10,2019-04
1719593,2019-01-14,1,0,2019-01
1719653,2019-01-07,1,0,2019-01
1719702,2018-12-31,5,10,2018-12
1719702,2019-01-07,2,0,2019-01
1719733,2019-01-21,4,0,2019-01
1719733,2019-02-18,2,0,2019-02
1719733,2019-02-25,1,0,2019-02
1725233,2018-12-31,3,0,2018-12
1725233,2019-01-07,7,10,2019-01
1725233,2019-01-14,6,10,2019-01
1725233,2019-01-21,1,0,2019-01
1725319,2018-12-31,3,0,2018-12
1725319,2019-01-07,2,0,2019-01
1725319,2019-01-14,6,10,2019-01
1725319,2019-01-21,4,0,2019-01
1725319,2019-01-28,2,0,2019-01
1730083,2018-12-31,1,0,2018-12
1730594,2019-02-25,5,10,2019-02
1730594,2019-03-04,6,10,2019-03
1730594,2019-03-11,7,10,2019-03
1730594,2019-03-18,6,10,2019-03
1730594,2019-03-25,7,10,2019-03
1730594,2019-04-01,7,10,2019-04
1730594,2019-04-08,5,10,2019-04
1730594,2019-04-15,3,0,2019-04
1731548,2019-01-07,1,0,2019-01
1731548,2019-01-14,1,0,2019-01
1731548,2019-03-04,1,0,2019-03
1731548,2019-03-11,1,0,2019-03
1731548,2019-03-18,1,0,2019-03
1731548,2019-03-25,1,0,2019-03
1731548,2019-04-15,2,0,2019-04
1731548,2019-04-22,4,0,2019-04
1731548,2019-04-29,1,0,2019-04
1731992,2018-12-31,6,10,2018-12
1731992,2019-01-07,6,10,2019-01
1731992,2019-01-14,7,10,2019-01
1731992,2019-01-21,5,10,2019-01
1731992,2019-01-28,6,10,2019-01
1731992,2019-02-04,6,10,2019-02
1731992,2019-02-11,6,10,2019-02
1731992,2019-02-18,3,0,2019-02
1731992,2019-02-25,6,10,2019-02
1731992,2019-03-04,7,10,2019-03
1731992,2019-03-11,5,10,2019-03
1731992,2019-03-18,6,10,2019-03
1731992,2019-03-25,1,0,2019-03
1732088,2018-12-31,3,0,2018-12
1732632,2018-12-31,5,10,2018-12
1732632,2019-01-07,5,10,2019-01
1732632,2019-01-14,2,0,2019-01
1737425,2018-12-31,3,0,2018-12
1737425,2019-01-07,6,10,2019-01
1737425,2019-01-14,6,10,2019-01
1737425,2019-01-21,3,0,2019-01
1737425,2019-01-28,6,10,2019-01
1737425,2019-02-04,3,0,2019-02
1737487,2019-01-14,6,10,2019-01
1737487,2019-01-21,4,0,2019-01
1737487,2019-02-04,5,10,2019-02
1737487,2019-02-11,5,10,2019-02
1737487,2019-02-25,2,0,2019-02
1737635,2018-12-31,3,0,2018-12
1737635,2019-01-07,4,0,2019-01
1737635,2019-01-14,4,0,2019-01
1737635,2019-01-21,5,10,2019-01
1737635,2019-01-28,5,10,2019-01
1737635,2019-02-04,7,10,2019-02
1737635,2019-02-11,6,10,2019-02
1737635,2019-02-18,1,0,2019-02
1737635,2019-02-25,5,10,2019-02
1737635,2019-03-04,4,0,2019-03
1737635,2019-03-11,1,0,2019-03
1737635,2019-03-18,5,10,2019-03
1737635,2019-03-25,6,10,2019-03
1737635,2019-04-01,4,0,2019-04
1737635,2019-04-08,3,0,2019-04
1737635,2019-04-15,7,10,2019-04
1737635,2019-04-22,2,0,2019-04
1738069,2019-01-07,2,0,2019-01
1738128,2019-01-07,1,0,2019-01
1738128,2019-01-14,2,0,2019-01
1738128,2019-03-25,2,0,2019-03
1738128,2019-04-01,5,10,2019-04
1738128,2019-04-08,3,0,2019-04
1738128,2019-04-15,7,10,2019-04
1738128,2019-04-22,7,10,2019-04
1738128,2019-04-29,2,0,2019-04
1738522,2018-12-31,6,10,2018-12
1738522,2019-01-07,6,10,2019-01
1744089,2018-12-31,6,10,2018-12
1744089,2019-01-07,7,10,2019-01
1744089,2019-01-14,6,10,2019-01
1744089,2019-01-21,7,10,2019-01
1744089,2019-01-28,6,10,2019-01
1744089,2019-02-04,6,10,2019-02
1744089,2019-02-11,7,10,2019-02
1744089,2019-02-18,7,10,2019-02
1744089,2019-02-25,6,10,2019-02
1744089,2019-03-04,6,10,2019-03
1744089,2019-03-11,6,10,2019-03
1744089,2019-03-18,6,10,2019-03
1744089,2019-03-25,6,10,2019-03
1744089,2019-04-01,6,10,2019-04
1744089,2019-04-08,6,10,2019-04
1744089,2019-04-15,6,10,2019-04
1744089,2019-04-22,6,10,2019-04
1744089,2019-04-29,1,0,2019-04
1744090,2018-12-31,5,10,2018-12
1744090,2019-01-07,1,0,2019-01
1744181,2018-12-31,1,0,2018-12
1744181,2019-01-14,2,0,2019-01
1744181,2019-01-28,3,0,2019-01
1744319,2018-12-31,3,0,2018-12
1744319,2019-01-14,1,0,2019-01
1744319,2019-04-15,1,0,2019-04
1744481,2018-12-31,6,10,2018-12
1744481,2019-01-07,4,0,2019-01
1745336,2018-12-31,4,0,2018-12
1745336,2019-01-07,2,0,2019-01
1745336,2019-02-04,3,0,2019-02
1745336,2019-02-11,3,0,2019-02
1745336,2019-02-18,5,10,2019-02
1745336,2019-02-25,1,0,2019-02
1751824,2019-01-14,4,0,2019-01
1751824,2019-01-21,4,0,2019-01
1763754,2018-12-31,1,0,2018-12
1763754,2019-01-14,3,0,2019-01
1763754,2019-01-21,1,0,2019-01
1763754,2019-01-28,2,0,2019-01
1763754,2019-02-04,1,0,2019-02
1763754,2019-02-18,2,0,2019-02
1763754,2019-02-25,5,10,2019-02
1763754,2019-03-04,5,10,2019-03
1763754,2019-03-25,2,0,2019-03
1763754,2019-04-01,6,10,2019-04
1763754,2019-04-08,1,0,2019-04
1763787,2019-01-28,6,10,2019-01
1763787,2019-02-04,7,10,2019-02
1763787,2019-02-11,7,10,2019-02
1763787,2019-02-18,6,10,2019-02
1763787,2019-02-25,2,0,2019-02
1763787,2019-03-04,5,10,2019-03
1763787,2019-03-11,7,10,2019-03
1763787,2019-03-18,5,10,2019-03
1763787,2019-03-25,4,0,2019-03
1763787,2019-04-01,5,10,2019-04
1763787,2019-04-08,4,0,2019-04
1763787,2019-04-15,6,10,2019-04
1763787,2019-04-22,6,10,2019-04
1763864,2018-12-31,5,10,2018-12
1763864,2019-01-07,6,10,2019-01
1763864,2019-01-14,6,10,2019-01
1763864,2019-01-21,2,0,2019-01
1764069,2019-01-07,1,0,2019-01
1764069,2019-01-28,5,10,2019-01
1764069,2019-02-04,1,0,2019-02
1764069,2019-02-11,1,0,2019-02
1764149,2018-12-31,6,10,2018-12
1764149,2019-01-07,2,0,2019-01
1764243,2018-12-31,5,10,2018-12
1764243,2019-01-07,6,10,2019-01
1764243,2019-01-14,6,10,2019-01
1764243,2019-01-21,4,0,2019-01
1768695,2019-01-14,4,0,2019-01
1768695,2019-01-21,1,0,2019-01
1768695,2019-03-04,3,0,2019-03
1768695,2019-03-11,5,10,2019-03
1768695,2019-03-18,2,0,2019-03
1768695,2019-03-25,1,0,2019-03
1768777,2018-12-31,1,0,2018-12
1768777,2019-01-07,4,0,2019-01
1768777,2019-01-14,7,10,2019-01
1769513,2019-01-14,2,0,2019-01
1769513,2019-01-21,2,0,2019-01
1769513,2019-01-28,1,0,2019-01
1773497,2018-12-31,3,0,2018-12
1773497,2019-01-14,1,0,2019-01
1773497,2019-01-21,3,0,2019-01
1773497,2019-03-11,2,0,2019-03
1773548,2019-04-01,2,0,2019-04
1773805,2019-04-22,5,10,2019-04
1773805,2019-04-29,2,0,2019-04
1773888,2018-12-31,3,0,2018-12
1773888,2019-01-07,4,0,2019-01
1773888,2019-01-14,4,0,2019-01
1773888,2019-01-21,1,0,2019-01
1773919,2018-12-31,3,0,2018-12
1773919,2019-01-14,5,10,2019-01
1773919,2019-01-21,4,0,2019-01
1773961,2018-12-31,4,0,2018-12
1773961,2019-01-21,4,0,2019-01
1773961,2019-01-28,3,0,2019-01
1773961,2019-02-11,1,0,2019-02
1773961,2019-02-18,5,10,2019-02
1773961,2019-02-25,2,0,2019-02
1773961,2019-03-04,7,10,2019-03
1773961,2019-03-11,7,10,2019-03
1773961,2019-03-18,1,0,2019-03
1773961,2019-03-25,4,0,2019-03
1773961,2019-04-01,7,10,2019-04
1773961,2019-04-08,4,0,2019-04
1773961,2019-04-22,3,0,2019-04
1773961,2019-04-29,2,0,2019-04
1773978,2018-12-31,1,0,2018-12
1773978,2019-01-07,5,10,2019-01
1773978,2019-01-14,7,10,2019-01
1773978,2019-01-21,6,10,2019-01
1773978,2019-01-28,6,10,2019-01
1773978,2019-02-04,7,10,2019-02
1773978,2019-02-11,6,10,2019-02
1773978,2019-02-18,2,0,2019-02
1773978,2019-02-25,5,10,2019-02
1773978,2019-03-04,6,10,2019-03
1773978,2019-03-11,6,10,2019-03
1773978,2019-03-18,5,10,2019-03
1773978,2019-03-25,1,0,2019-03
1773978,2019-04-01,6,10,2019-04
1773978,2019-04-08,3,0,2019-04
1773978,2019-04-15,3,0,2019-04
1773978,2019-04-22,5,10,2019-04
1773978,2019-04-29,2,0,2019-04
1778708,2018-12-31,6,10,2018-12
1778708,2019-01-07,7,10,2019-01
1778708,2019-01-14,7,10,2019-01
1778708,2019-01-21,3,0,2019-01
1778715,2019-03-25,1,0,2019-03
1778715,2019-04-01,1,0,2019-04
1778715,2019-04-08,3,0,2019-04
1778715,2019-04-15,2,0,2019-04
1778715,2019-04-22,3,0,2019-04
1778715,2019-04-29,2,0,2019-04
1778759,2018-12-31,5,10,2018-12
1778759,2019-01-07,7,10,2019-01
1778759,2019-01-14,4,0,2019-01
1778795,2019-03-25,5,10,2019-03
1778795,2019-04-01,4,0,2019-04
1778795,2019-04-08,5,10,2019-04
1778795,2019-04-15,3,0,2019-04
1778842,2019-04-08,4,0,2019-04
1778842,2019-04-15,4,0,2019-04
1779242,2018-12-31,4,0,2018-12
1779242,2019-01-07,6,10,2019-01
1779242,2019-01-14,7,10,2019-01
1779242,2019-01-28,3,0,2019-01
1779242,2019-02-04,3,0,2019-02
1779342,2019-02-11,4,0,2019-02
1779509,2019-01-07,1,0,2019-01
1779509,2019-02-04,2,0,2019-02
1779509,2019-02-11,6,10,2019-02
1779586,2018-12-31,5,10,2018-12
1779586,2019-01-07,6,10,2019-01
1779586,2019-01-14,7,10,2019-01
1779586,2019-01-21,3,0,2019-01
1779586,2019-01-28,4,0,2019-01
1779623,2019-02-04,4,0,2019-02
1779623,2019-02-11,7,10,2019-02
1779700,2019-02-18,2,0,2019-02
1779700,2019-02-25,7,10,2019-02
1779700,2019-03-04,7,10,2019-03
1779700,2019-03-11,7,10,2019-03
1779700,2019-03-18,4,0,2019-03
1779700,2019-03-25,7,10,2019-03
1779700,2019-04-01,7,10,2019-04
1779700,2019-04-08,2,0,2019-04
1783396,2018-12-31,2,0,2018-12
1783396,2019-01-07,6,10,2019-01
1783396,2019-01-21,2,0,2019-01
1783396,2019-01-28,6,10,2019-01
1783396,2019-02-04,7,10,2019-02
1783396,2019-02-11,6,10,2019-02
1783396,2019-02-18,4,0,2019-02
1783396,2019-02-25,3,0,2019-02
1783396,2019-03-04,7,10,2019-03
1783396,2019-03-11,7,10,2019-03
1783396,2019-03-18,4,0,2019-03
1783396,2019-03-25,4,0,2019-03
1783396,2019-04-01,3,0,2019-04
1783396,2019-04-22,1,0,2019-04
1783542,2018-12-31,3,0,2018-12
1783542,2019-01-07,5,10,2019-01
1783542,2019-01-14,1,0,2019-01
1783691,2019-01-14,1,0,2019-01
1783752,2018-12-31,4,0,2018-12
1783752,2019-01-07,1,0,2019-01
1789101,2018-12-31,4,0,2018-12
1789101,2019-01-07,1,0,2019-01
1789101,2019-01-14,3,0,2019-01
1789101,2019-01-28,1,0,2019-01
1789112,2018-12-31,5,10,2018-12
1789112,2019-01-07,5,10,2019-01
1789112,2019-01-14,3,0,2019-01
1789112,2019-01-21,2,0,2019-01
1789112,2019-01-28,4,0,2019-01
1789112,2019-02-04,3,0,2019-02
1789112,2019-02-11,3,0,2019-02
1789112,2019-02-18,5,10,2019-02
1789112,2019-02-25,5,10,2019-02
1789112,2019-03-04,3,0,2019-03
1789112,2019-03-11,1,0,2019-03
1789112,2019-03-18,1,0,2019-03
1789112,2019-03-25,3,0,2019-03
1789112,2019-04-01,3,0,2019-04
1789112,2019-04-22,1,0,2019-04
1789112,2019-04-29,2,0,2019-04
1789201,2019-01-14,1,0,2019-01
1789201,2019-03-04,3,0,2019-03
1789201,2019-03-11,1,0,2019-03
1798886,2019-01-14,3,0,2019-01
1798886,2019-01-21,5,10,2019-01
1798886,2019-01-28,4,0,2019-01
1798886,2019-02-04,5,10,2019-02
1798886,2019-02-18,2,0,2019-02
1798886,2019-02-25,7,10,2019-02
1798886,2019-03-04,1,0,2019-03
1799074,2018-12-31,5,10,2018-12
1799074,2019-01-07,7,10,2019-01
1799074,2019-01-14,4,0,2019-01
1807666,2018-12-31,6,10,2018-12
1807666,2019-01-07,7,10,2019-01
1807666,2019-01-14,6,10,2019-01
1807666,2019-01-21,5,10,2019-01
1808671,2018-12-31,5,10,2018-12
1808671,2019-01-07,1,0,2019-01
1808691,2019-01-14,3,0,2019-01
1808691,2019-01-21,1,0,2019-01
1808691,2019-02-11,4,0,2019-02
1808691,2019-02-18,6,10,2019-02
1808691,2019-02-25,7,10,2019-02
1808691,2019-03-04,2,0,2019-03
1808691,2019-03-11,7,10,2019-03
1808691,2019-03-18,6,10,2019-03
1808691,2019-03-25,6,10,2019-03
1808723,2018-12-31,4,0,2018-12
1808723,2019-01-07,5,10,2019-01
1808723,2019-01-14,1,0,2019-01
1808723,2019-01-21,2,0,2019-01
1808723,2019-01-28,1,0,2019-01
1813003,2018-12-31,6,10,2018-12
1813003,2019-01-07,6,10,2019-01
1813003,2019-01-14,7,10,2019-01
1813003,2019-01-21,2,0,2019-01
1813003,2019-01-28,6,10,2019-01
1813003,2019-02-04,4,0,2019-02
1813238,2019-02-18,1,0,2019-02
1813288,2018-12-31,6,10,2018-12
1813288,2019-01-07,1,0,2019-01
1817498,2018-12-31,6,10,2018-12
1817498,2019-01-07,3,0,2019-01
1817948,2018-12-31,1,0,2018-12
1817948,2019-01-07,3,0,2019-01
1817948,2019-01-14,1,0,2019-01
1817948,2019-01-21,2,0,2019-01
1817948,2019-01-28,3,0,2019-01
1817948,2019-02-18,1,0,2019-02
1818221,2018-12-31,1,0,2018-12
1818292,2019-01-07,5,10,2019-01
1818292,2019-01-14,6,10,2019-01
1818292,2019-01-21,6,10,2019-01
1818292,2019-01-28,6,10,2019-01
1818292,2019-02-04,5,10,2019-02
1818292,2019-02-11,5,10,2019-02
1818292,2019-02-18,5,10,2019-02
1818292,2019-02-25,4,0,2019-02
1818292,2019-03-04,6,10,2019-03
1818292,2019-03-11,5,10,2019-03
1818292,2019-03-18,5,10,2019-03
1818292,2019-03-25,6,10,2019-03
1818292,2019-04-01,4,0,2019-04
1818292,2019-04-08,6,10,2019-04
1818292,2019-04-15,5,10,2019-04
1818292,2019-04-22,5,10,2019-04
1818355,2019-01-14,5,10,2019-01
1818355,2019-01-21,4,0,2019-01
1819005,2018-12-31,1,0,2018-12
1819005,2019-01-07,5,10,2019-01
1819005,2019-01-14,5,10,2019-01
1819005,2019-01-21,3,0,2019-01
1819005,2019-01-28,4,0,2019-01
1819005,2019-02-04,3,0,2019-02
1819005,2019-02-11,4,0,2019-02
1819005,2019-02-18,7,10,2019-02
1819005,2019-02-25,7,10,2019-02
1819005,2019-03-04,7,10,2019-03
1819005,2019-03-11,7,10,2019-03
1819005,2019-03-18,2,0,2019-03
1819005,2019-03-25,6,10,2019-03
1819005,2019-04-01,2,0,2019-04
1819005,2019-04-08,4,0,2019-04
1819051,2018-12-31,6,10,2018-12
1819051,2019-01-07,7,10,2019-01
1819051,2019-01-14,7,10,2019-01
1819051,2019-01-21,4,0,2019-01
1825785,2019-02-11,1,0,2019-02
1825785,2019-02-18,1,0,2019-02
1825785,2019-03-04,1,0,2019-03
1825785,2019-04-01,1,0,2019-04
1825785,2019-04-15,1,0,2019-04
1825936,2019-01-14,1,0,2019-01
1836400,2018-12-31,3,0,2018-12
1836400,2019-01-07,3,0,2019-01
1836400,2019-01-14,2,0,2019-01
1836400,2019-01-21,1,0,2019-01
1836576,2019-01-07,4,0,2019-01
1836576,2019-01-14,1,0,2019-01
1836794,2018-12-31,4,0,2018-12
1836794,2019-01-07,6,10,2019-01
1836794,2019-01-14,5,10,2019-01
1836794,2019-01-21,6,10,2019-01
1836794,2019-01-28,4,0,2019-01
1836794,2019-02-04,5,10,2019-02
1846210,2018-12-31,3,0,2018-12
1846210,2019-01-07,6,10,2019-01
1846210,2019-01-14,7,10,2019-01
1846210,2019-01-21,1,0,2019-01
1846210,2019-01-28,4,0,2019-01
1846210,2019-02-04,7,10,2019-02
1846210,2019-02-11,6,10,2019-02
1846210,2019-02-18,6,10,2019-02
1846210,2019-02-25,7,10,2019-02
1846210,2019-03-04,3,0,2019-03
1846210,2019-03-11,7,10,2019-03
1846210,2019-03-18,1,0,2019-03
1846210,2019-03-25,5,10,2019-03
1846210,2019-04-01,4,0,2019-04
1846210,2019-04-15,3,0,2019-04
1846210,2019-04-22,6,10,2019-04
1846210,2019-04-29,2,0,2019-04
1846239,2018-12-31,1,0,2018-12
1846239,2019-01-14,2,0,2019-01
1846698,2018-12-31,3,0,2018-12
1846698,2019-01-07,6,10,2019-01
1846698,2019-01-14,1,0,2019-01
1847289,2018-12-31,1,0,2018-12
1847289,2019-01-07,5,10,2019-01
1847289,2019-01-14,3,0,2019-01
1847289,2019-01-21,3,0,2019-01
1847289,2019-01-28,4,0,2019-01
1847289,2019-02-11,3,0,2019-02
1847289,2019-02-18,5,10,2019-02
1847289,2019-02-25,7,10,2019-02
1847289,2019-03-04,6,10,2019-03
1847289,2019-03-11,7,10,2019-03
1847289,2019-03-18,7,10,2019-03
1847289,2019-03-25,7,10,2019-03
1847289,2019-04-01,6,10,2019-04
1847289,2019-04-08,7,10,2019-04
1847289,2019-04-15,7,10,2019-04
1847289,2019-04-22,6,10,2019-04
1847289,2019-04-29,1,0,2019-04
1847331,2018-12-31,4,0,2018-12
1847331,2019-01-07,7,10,2019-01
1847331,2019-01-14,7,10,2019-01
1847331,2019-01-21,6,10,2019-01
1847331,2019-01-28,3,0,2019-01
1847331,2019-02-04,1,0,2019-02
1847331,2019-02-11,3,0,2019-02
1847331,2019-03-04,2,0,2019-03
1847331,2019-03-11,4,0,2019-03
1847331,2019-03-18,7,10,2019-03
1847331,2019-03-25,6,10,2019-03
1847331,2019-04-01,1,0,2019-04
1847331,2019-04-08,2,0,2019-04
1847331,2019-04-15,2,0,2019-04
1847331,2019-04-22,2,0,2019-04
1847331,2019-04-29,1,0,2019-04
1847347,2019-01-07,6,10,2019-01
1847347,2019-01-14,6,10,2019-01
1847347,2019-01-21,2,0,2019-01
1851185,2018-12-31,1,0,2018-12
1851278,2018-12-31,1,0,2018-12
1851356,2018-12-31,3,0,2018-12
1851356,2019-01-07,7,10,2019-01
1851356,2019-01-14,2,0,2019-01
1851356,2019-02-04,3,0,2019-02
1851356,2019-02-11,7,10,2019-02
1851356,2019-02-18,7,10,2019-02
1851356,2019-02-25,7,10,2019-02
1851356,2019-03-04,6,10,2019-03
1851356,2019-03-11,7,10,2019-03
1851356,2019-03-18,3,0,2019-03
1851356,2019-03-25,4,0,2019-03
1851356,2019-04-01,5,10,2019-04
1851356,2019-04-08,5,10,2019-04
1851356,2019-04-15,2,0,2019-04
1851356,2019-04-22,7,10,2019-04
1851356,2019-04-29,1,0,2019-04
1851420,2018-12-31,3,0,2018-12
1851420,2019-01-07,2,0,2019-01
1851420,2019-04-15,1,0,2019-04
1851420,2019-04-22,7,10,2019-04
1851420,2019-04-29,2,0,2019-04
1851440,2019-01-07,7,10,2019-01
1851440,2019-01-14,6,10,2019-01
1851440,2019-01-21,6,10,2019-01
1851440,2019-01-28,3,0,2019-01
1851440,2019-02-04,6,10,2019-02
1851440,2019-02-11,7,10,2019-02
1851448,2018-12-31,3,0,2018-12
1851448,2019-01-07,4,0,2019-01
1851503,2018-12-31,2,0,2018-12
1851517,2018-12-31,2,0,2018-12
1851517,2019-04-01,1,0,2019-04
1856067,2018-12-31,1,0,2018-12
1856067,2019-01-07,1,0,2019-01
1856139,2018-12-31,1,0,2018-12
1856139,2019-01-07,6,10,2019-01
1856246,2019-01-07,1,0,2019-01
1856246,2019-03-25,2,0,2019-03
1856246,2019-04-01,3,0,2019-04
1856246,2019-04-15,2,0,2019-04
1856347,2018-12-31,2,0,2018-12
1856347,2019-01-07,6,10,2019-01
1856347,2019-01-14,6,10,2019-01
1856347,2019-01-21,4,0,2019-01
1856347,2019-01-28,3,0,2019-01
1856347,2019-02-04,1,0,2019-02
1856486,2018-12-31,2,0,2018-12
1856486,2019-01-07,7,10,2019-01
1856486,2019-01-14,7,10,2019-01
1856486,2019-01-21,5,10,2019-01
1856486,2019-02-04,1,0,2019-02
1856486,2019-02-11,2,0,2019-02
1856554,2018-12-31,1,0,2018-12
1856554,2019-01-07,2,0,2019-01
1856554,2019-01-28,1,0,2019-01
1856669,2018-12-31,1,0,2018-12
1856669,2019-01-07,2,0,2019-01
1856669,2019-01-14,1,0,2019-01
1856669,2019-01-21,1,0,2019-01
1856837,2019-01-14,2,0,2019-01
1856837,2019-04-15,3,0,2019-04
1856837,2019-04-22,3,0,2019-04
1856877,2018-12-31,2,0,2018-12
1856915,2018-12-31,1,0,2018-12
1856915,2019-01-07,2,0,2019-01
1856915,2019-01-14,3,0,2019-01
1857122,2019-01-07,1,0,2019-01
1871755,2019-01-07,2,0,2019-01
1871755,2019-02-04,1,0,2019-02
1871781,2019-01-07,2,0,2019-01
1871781,2019-03-04,7,10,2019-03
1871781,2019-03-11,6,10,2019-03
1871781,2019-03-18,5,10,2019-03
1871803,2019-01-07,2,0,2019-01
1871803,2019-01-14,6,10,2019-01
1871803,2019-01-21,4,0,2019-01
1871818,2019-01-07,4,0,2019-01
1871818,2019-01-14,1,0,2019-01
1871886,2019-01-07,6,10,2019-01
1871886,2019-01-14,3,0,2019-01
1871898,2019-01-07,5,10,2019-01
1871935,2019-01-07,4,0,2019-01
1871935,2019-01-14,1,0,2019-01
1871952,2019-01-07,4,0,2019-01
1871966,2019-01-07,4,0,2019-01
1872728,2019-01-07,3,0,2019-01
1872728,2019-01-14,4,0,2019-01
1876552,2019-01-07,4,0,2019-01
1876552,2019-01-14,4,0,2019-01
1876572,2019-01-14,1,0,2019-01
1876572,2019-01-21,4,0,2019-01
1876572,2019-01-28,3,0,2019-01
1876572,2019-02-04,6,10,2019-02
1876572,2019-02-11,5,10,2019-02
1876572,2019-02-18,4,0,2019-02
1876572,2019-02-25,1,0,2019-02
1876572,2019-03-11,1,0,2019-03
1876572,2019-03-18,3,0,2019-03
1876572,2019-04-01,2,0,2019-04
1876629,2019-01-14,4,0,2019-01
1876629,2019-01-21,5,10,2019-01
1876629,2019-01-28,1,0,2019-01
1876629,2019-02-04,6,10,2019-02
1876629,2019-02-11,4,0,2019-02
1876629,2019-02-18,7,10,2019-02
1876629,2019-02-25,1,0,2019-02
1876687,2019-01-07,5,10,2019-01
1876687,2019-01-14,3,0,2019-01
1876784,2019-01-07,5,10,2019-01
1876784,2019-01-14,7,10,2019-01
1876784,2019-01-21,7,10,2019-01
1876784,2019-01-28,1,0,2019-01
1877136,2019-01-07,3,0,2019-01
1877136,2019-01-14,5,10,2019-01
1877136,2019-02-18,5,10,2019-02
1877136,2019-02-25,5,10,2019-02
1877136,2019-03-04,5,10,2019-03
1877136,2019-03-11,7,10,2019-03
1877136,2019-03-18,4,0,2019-03
1877136,2019-03-25,6,10,2019-03
1877136,2019-04-01,3,0,2019-04
1877136,2019-04-08,1,0,2019-04
1877178,2019-01-14,1,0,2019-01
1877178,2019-01-21,5,10,2019-01
1877178,2019-01-28,4,0,2019-01
1877178,2019-02-04,6,10,2019-02
1877178,2019-02-11,7,10,2019-02
1877178,2019-02-18,6,10,2019-02
1877178,2019-02-25,2,0,2019-02
1877178,2019-03-04,3,0,2019-03
1877178,2019-03-11,1,0,2019-03
1878074,2019-01-07,3,0,2019-01
1878074,2019-01-14,2,0,2019-01
1878074,2019-01-28,5,10,2019-01
1878074,2019-02-04,7,10,2019-02
1878074,2019-02-11,7,10,2019-02
1878074,2019-02-18,7,10,2019-02
1878074,2019-02-25,7,10,2019-02
1878074,2019-03-04,3,0,2019-03
1878074,2019-03-11,3,0,2019-03
1878074,2019-03-18,7,10,2019-03
1878074,2019-03-25,6,10,2019-03
1878074,2019-04-01,7,10,2019-04
1878074,2019-04-08,3,0,2019-04
1878074,2019-04-15,3,0,2019-04
1878074,2019-04-22,7,10,2019-04
1878074,2019-04-29,2,0,2019-04
1881984,2019-01-07,2,0,2019-01
1881984,2019-01-14,5,10,2019-01
1881984,2019-01-21,4,0,2019-01
1881984,2019-01-28,5,10,2019-01
1881984,2019-02-04,5,10,2019-02
1881984,2019-02-11,7,10,2019-02
1881984,2019-02-18,3,0,2019-02
1881984,2019-02-25,6,10,2019-02
1881984,2019-03-04,6,10,2019-03
1881984,2019-03-11,4,0,2019-03
1881984,2019-03-18,4,0,2019-03
1881984,2019-03-25,3,0,2019-03
1881984,2019-04-01,5,10,2019-04
1881984,2019-04-08,5,10,2019-04
1881984,2019-04-15,4,0,2019-04
1881984,2019-04-22,6,10,2019-04
1881984,2019-04-29,2,0,2019-04
1882106,2019-01-07,4,0,2019-01
1882106,2019-01-14,7,10,2019-01
1882106,2019-01-21,7,10,2019-01
1882106,2019-01-28,7,10,2019-01
1882106,2019-02-18,6,10,2019-02
1882106,2019-02-25,4,0,2019-02
1882106,2019-03-11,5,10,2019-03
1882106,2019-03-18,2,0,2019-03
1882106,2019-03-25,5,10,2019-03
1882106,2019-04-01,5,10,2019-04
1882106,2019-04-08,2,0,2019-04
1882106,2019-04-15,3,0,2019-04
1882106,2019-04-22,6,10,2019-04
1882172,2019-01-14,1,0,2019-01
1882188,2019-01-07,2,0,2019-01
1882188,2019-01-14,4,0,2019-01
1882188,2019-01-21,6,10,2019-01
1882188,2019-01-28,5,10,2019-01
1882188,2019-02-04,6,10,2019-02
1882188,2019-02-11,6,10,2019-02
1882188,2019-02-18,5,10,2019-02
1882188,2019-02-25,5,10,2019-02
1882188,2019-03-04,5,10,2019-03
1882188,2019-03-11,5,10,2019-03
1882188,2019-03-18,5,10,2019-03
1882188,2019-03-25,5,10,2019-03
1882188,2019-04-01,5,10,2019-04
1882188,2019-04-08,4,0,2019-04
1882188,2019-04-15,2,0,2019-04
1882188,2019-04-22,5,10,2019-04
1882188,2019-04-29,1,0,2019-04
1882198,2019-01-07,4,0,2019-01
1882569,2019-01-07,2,0,2019-01
1882569,2019-01-14,6,10,2019-01
1882573,2019-01-07,4,0,2019-01
1882573,2019-01-14,2,0,2019-01
1882771,2019-03-25,2,0,2019-03
1882771,2019-04-01,1,0,2019-04
1882887,2019-01-07,3,0,2019-01
1882887,2019-01-14,1,0,2019-01
1882954,2019-01-07,3,0,2019-01
1882954,2019-01-14,1,0,2019-01
1883023,2019-01-07,2,0,2019-01
1883023,2019-01-14,3,0,2019-01
1887355,2019-01-14,3,0,2019-01
1887355,2019-01-21,4,0,2019-01
1887355,2019-01-28,1,0,2019-01
1887355,2019-02-04,3,0,2019-02
1887355,2019-02-11,2,0,2019-02
1887463,2019-01-14,1,0,2019-01
1887471,2019-01-07,2,0,2019-01
1887471,2019-01-14,6,10,2019-01
1887471,2019-01-21,4,0,2019-01
1887555,2019-01-28,1,0,2019-01
1892019,2019-01-14,2,0,2019-01
1892870,2019-01-07,1,0,2019-01
1892870,2019-01-14,2,0,2019-01
1892889,2019-01-07,1,0,2019-01
1892889,2019-01-14,1,0,2019-01
1892999,2019-01-07,2,0,2019-01
1897266,2019-01-07,1,0,2019-01
1897266,2019-01-14,4,0,2019-01
1897266,2019-01-21,1,0,2019-01
1897337,2019-01-07,1,0,2019-01
1897337,2019-01-14,4,0,2019-01
1897337,2019-01-21,1,0,2019-01
1897337,2019-01-28,4,0,2019-01
1897337,2019-02-04,2,0,2019-02
1897520,2019-01-07,1,0,2019-01
1897520,2019-01-14,5,10,2019-01
1897607,2019-01-14,1,0,2019-01
1897672,2019-01-07,1,0,2019-01
1897672,2019-01-14,2,0,2019-01
1897715,2019-01-14,3,0,2019-01
1897715,2019-01-28,1,0,2019-01
1897715,2019-02-11,3,0,2019-02
1897715,2019-02-18,1,0,2019-02
1897776,2019-01-14,5,10,2019-01
1897776,2019-01-21,5,10,2019-01
1897776,2019-01-28,6,10,2019-01
1897776,2019-02-04,1,0,2019-02
1897820,2019-01-07,1,0,2019-01
1897820,2019-01-14,2,0,2019-01
1897820,2019-01-28,1,0,2019-01
1897881,2019-01-14,3,0,2019-01
1898292,2019-01-14,6,10,2019-01
1898292,2019-01-21,6,10,2019-01
1898292,2019-01-28,7,10,2019-01
1898292,2019-02-04,5,10,2019-02
1898292,2019-04-15,5,10,2019-04
1898292,2019-04-22,6,10,2019-04
1898292,2019-04-29,1,0,2019-04
1908143,2019-01-14,3,0,2019-01
1908143,2019-02-11,1,0,2019-02
1908143,2019-02-25,2,0,2019-02
1908143,2019-03-04,7,10,2019-03
1908143,2019-03-11,7,10,2019-03
1908143,2019-03-18,5,10,2019-03
1908474,2019-01-14,1,0,2019-01
1908521,2019-01-14,5,10,2019-01
1908521,2019-01-21,3,0,2019-01
1908521,2019-01-28,2,0,2019-01
1908521,2019-02-04,2,0,2019-02
1908521,2019-02-11,4,0,2019-02
1908521,2019-02-18,5,10,2019-02
1908547,2019-01-28,1,0,2019-01
1908547,2019-02-11,5,10,2019-02
1908547,2019-02-18,6,10,2019-02
1908547,2019-02-25,6,10,2019-02
1908547,2019-03-04,6,10,2019-03
1908547,2019-03-11,5,10,2019-03
1908547,2019-03-18,4,0,2019-03
1908547,2019-03-25,6,10,2019-03
1908547,2019-04-01,5,10,2019-04
1908547,2019-04-08,1,0,2019-04
1908595,2019-01-14,1,0,2019-01
1908595,2019-01-21,2,0,2019-01
1908595,2019-02-18,5,10,2019-02
1908595,2019-02-25,4,0,2019-02
1908595,2019-03-04,6,10,2019-03
1908595,2019-03-11,7,10,2019-03
1908595,2019-03-18,6,10,2019-03
1908595,2019-03-25,6,10,2019-03
1908595,2019-04-01,2,0,2019-04
1908595,2019-04-08,1,0,2019-04
1908622,2019-01-14,1,0,2019-01
1908643,2019-01-14,5,10,2019-01
1908643,2019-01-21,3,0,2019-01
1908643,2019-01-28,5,10,2019-01
1908643,2019-02-04,5,10,2019-02
1908643,2019-02-11,7,10,2019-02
1908643,2019-02-18,6,10,2019-02
1908643,2019-02-25,5,10,2019-02
1908643,2019-03-04,6,10,2019-03
1908643,2019-03-11,7,10,2019-03
1908643,2019-03-18,5,10,2019-03
1908643,2019-03-25,6,10,2019-03
1908643,2019-04-01,6,10,2019-04
1908643,2019-04-08,1,0,2019-04
1908791,2019-01-14,1,0,2019-01
1908791,2019-01-28,2,0,2019-01
1908810,2019-01-14,1,0,2019-01
1908810,2019-01-28,5,10,2019-01
1908810,2019-02-04,7,10,2019-02
1908810,2019-02-11,5,10,2019-02
1908810,2019-02-18,5,10,2019-02
1908810,2019-02-25,7,10,2019-02
1908810,2019-03-04,5,10,2019-03
1908810,2019-03-11,5,10,2019-03
1908810,2019-03-18,4,0,2019-03
1908810,2019-03-25,6,10,2019-03
1908810,2019-04-01,7,10,2019-04
1908810,2019-04-08,7,10,2019-04
1908810,2019-04-15,6,10,2019-04
1908810,2019-04-22,1,0,2019-04
1908825,2019-01-28,2,0,2019-01
1908825,2019-02-11,1,0,2019-02
1909166,2019-01-14,5,10,2019-01
1909166,2019-01-21,4,0,2019-01
1909166,2019-02-04,3,0,2019-02
1909166,2019-02-11,7,10,2019-02
1909166,2019-02-18,4,0,2019-02
1909166,2019-02-25,5,10,2019-02
1909166,2019-03-04,6,10,2019-03
1909166,2019-03-11,6,10,2019-03
1909166,2019-03-18,4,0,2019-03
1909166,2019-03-25,4,0,2019-03
1909166,2019-04-01,7,10,2019-04
1909166,2019-04-08,6,10,2019-04
1909166,2019-04-15,4,0,2019-04
1909166,2019-04-22,6,10,2019-04
1909166,2019-04-29,2,0,2019-04
1909221,2019-01-14,3,0,2019-01
1909221,2019-01-21,4,0,2019-01
1909221,2019-01-28,4,0,2019-01
1909221,2019-02-04,6,10,2019-02
1909221,2019-02-11,6,10,2019-02
1909221,2019-02-18,6,10,2019-02
1909349,2019-01-14,3,0,2019-01
1909552,2019-01-14,1,0,2019-01
1909552,2019-01-28,1,0,2019-01
1913310,2019-01-21,6,10,2019-01
1913310,2019-01-28,5,10,2019-01
1913310,2019-02-04,7,10,2019-02
1913310,2019-02-11,5,10,2019-02
1913310,2019-02-18,6,10,2019-02
1913310,2019-02-25,6,10,2019-02
1913310,2019-03-04,6,10,2019-03
1913310,2019-03-11,7,10,2019-03
1913310,2019-03-18,4,0,2019-03
1913310,2019-03-25,7,10,2019-03
1913310,2019-04-01,6,10,2019-04
1913310,2019-04-08,5,10,2019-04
1913310,2019-04-15,7,10,2019-04
1913310,2019-04-22,7,10,2019-04
1913310,2019-04-29,2,0,2019-04
1913322,2019-01-14,1,0,2019-01
1913322,2019-01-28,4,0,2019-01
1913322,2019-02-11,1,0,2019-02
1913322,2019-02-18,4,0,2019-02
1913322,2019-02-25,3,0,2019-02
1913322,2019-03-11,3,0,2019-03
1913322,2019-03-25,2,0,2019-03
1913322,2019-04-08,2,0,2019-04
1913322,2019-04-22,1,0,2019-04
1913329,2019-01-14,1,0,2019-01
1913329,2019-01-21,2,0,2019-01
1913329,2019-01-28,4,0,2019-01
1913329,2019-02-04,3,0,2019-02
1913329,2019-02-11,6,10,2019-02
1913329,2019-02-18,4,0,2019-02
1913329,2019-02-25,2,0,2019-02
1913329,2019-03-04,2,0,2019-03
1913329,2019-03-11,1,0,2019-03
1913329,2019-03-18,2,0,2019-03
1913329,2019-03-25,1,0,2019-03
1913329,2019-04-08,3,0,2019-04
1913329,2019-04-15,6,10,2019-04
1913329,2019-04-22,6,10,2019-04
1913329,2019-04-29,1,0,2019-04
1913347,2019-01-14,1,0,2019-01
1913361,2019-01-14,2,0,2019-01
1913377,2019-02-18,1,0,2019-02
1913377,2019-02-25,4,0,2019-02
1913377,2019-03-04,4,0,2019-03
1913377,2019-03-11,1,0,2019-03
1913377,2019-03-18,2,0,2019-03
1913377,2019-04-01,2,0,2019-04
1913377,2019-04-08,1,0,2019-04
1913377,2019-04-22,3,0,2019-04
1913377,2019-04-29,2,0,2019-04
1913392,2019-01-14,1,0,2019-01
1913392,2019-01-21,3,0,2019-01
1913410,2019-01-14,3,0,2019-01
1913410,2019-03-04,1,0,2019-03
1913410,2019-03-11,1,0,2019-03
1913427,2019-01-14,3,0,2019-01
1913427,2019-01-21,1,0,2019-01
1913427,2019-04-22,1,0,2019-04
1913427,2019-04-29,1,0,2019-04
1913444,2019-01-14,1,0,2019-01
1913462,2019-01-14,3,0,2019-01
1913475,2019-01-14,3,0,2019-01
1913475,2019-02-11,1,0,2019-02
1914272,2019-01-28,1,0,2019-01
1914343,2019-01-14,5,10,2019-01
1914343,2019-01-21,6,10,2019-01
1914343,2019-01-28,6,10,2019-01
1914343,2019-02-04,4,0,2019-02
1918033,2019-02-18,5,10,2019-02
1918033,2019-02-25,6,10,2019-02
1918033,2019-03-04,6,10,2019-03
1918033,2019-03-11,7,10,2019-03
1918033,2019-03-18,3,0,2019-03
1918159,2019-01-28,1,0,2019-01
1918159,2019-03-11,3,0,2019-03
1918326,2019-01-14,1,0,2019-01
1918672,2019-01-14,1,0,2019-01
1918672,2019-01-21,4,0,2019-01
1918672,2019-01-28,5,10,2019-01
1918672,2019-02-04,1,0,2019-02
1918672,2019-02-11,5,10,2019-02
1918713,2019-01-14,4,0,2019-01
1918713,2019-01-21,4,0,2019-01
1918713,2019-01-28,5,10,2019-01
1918713,2019-02-04,5,10,2019-02
1918713,2019-02-11,7,10,2019-02
1918713,2019-02-18,6,10,2019-02
1918713,2019-02-25,1,0,2019-02
1918729,2019-01-14,1,0,2019-01
1918729,2019-01-21,1,0,2019-01
1918895,2019-01-14,1,0,2019-01
1918895,2019-02-04,4,0,2019-02
1918895,2019-02-11,6,10,2019-02
1918895,2019-02-18,6,10,2019-02
1918895,2019-02-25,7,10,2019-02
1918895,2019-03-04,7,10,2019-03
1918895,2019-03-11,7,10,2019-03
1918895,2019-03-18,4,0,2019-03
1918895,2019-03-25,4,0,2019-03
1918895,2019-04-01,6,10,2019-04
1918895,2019-04-08,4,0,2019-04
1918926,2019-01-14,1,0,2019-01
1918926,2019-01-21,4,0,2019-01
1918926,2019-01-28,6,10,2019-01
1918926,2019-02-04,4,0,2019-02
1918969,2019-01-14,3,0,2019-01
1919546,2019-01-14,2,0,2019-01
1919546,2019-01-21,4,0,2019-01
1919546,2019-01-28,4,0,2019-01
1923101,2019-01-14,3,0,2019-01
1923101,2019-01-21,5,10,2019-01
1923101,2019-01-28,6,10,2019-01
1923101,2019-02-04,7,10,2019-02
1923101,2019-02-11,6,10,2019-02
1923101,2019-02-18,5,10,2019-02
1923101,2019-02-25,6,10,2019-02
1923101,2019-03-04,6,10,2019-03
1923101,2019-03-11,7,10,2019-03
1923101,2019-03-18,4,0,2019-03
1923101,2019-03-25,6,10,2019-03
1923101,2019-04-01,7,10,2019-04
1923101,2019-04-08,7,10,2019-04
1923101,2019-04-15,7,10,2019-04
1923101,2019-04-22,6,10,2019-04
1923101,2019-04-29,2,0,2019-04
1923137,2019-01-14,2,0,2019-01
1923137,2019-01-21,2,0,2019-01
1923283,2019-01-14,1,0,2019-01
1923297,2019-01-14,2,0,2019-01
1923297,2019-01-21,4,0,2019-01
1923426,2019-01-14,1,0,2019-01
1923426,2019-01-21,1,0,2019-01
1923426,2019-01-28,1,0,2019-01
1923426,2019-02-11,2,0,2019-02
1923426,2019-02-18,2,0,2019-02
1923426,2019-02-25,1,0,2019-02
1923426,2019-03-11,2,0,2019-03
1923426,2019-04-01,1,0,2019-04
1923505,2019-01-21,4,0,2019-01
1923505,2019-01-28,2,0,2019-01
1923811,2019-03-04,1,0,2019-03
1923827,2019-01-14,3,0,2019-01
1923827,2019-01-21,5,10,2019-01
1923827,2019-01-28,4,0,2019-01
1923827,2019-02-04,4,0,2019-02
1923827,2019-02-11,7,10,2019-02
1923827,2019-02-18,7,10,2019-02
1923827,2019-02-25,1,0,2019-02
1923907,2019-01-14,2,0,2019-01
1923907,2019-01-21,6,10,2019-01
1923907,2019-01-28,4,0,2019-01
1923907,2019-02-04,7,10,2019-02
1923907,2019-02-11,6,10,2019-02
1923907,2019-02-18,6,10,2019-02
1923907,2019-02-25,2,0,2019-02
1923907,2019-03-04,2,0,2019-03
1923907,2019-03-11,6,10,2019-03
1923907,2019-03-18,5,10,2019-03
1923907,2019-03-25,5,10,2019-03
1923907,2019-04-01,4,0,2019-04
1923907,2019-04-08,4,0,2019-04
1923907,2019-04-15,3,0,2019-04
1923989,2019-01-21,3,0,2019-01
1923989,2019-01-28,2,0,2019-01
1924020,2019-01-28,1,0,2019-01
1924020,2019-02-04,1,0,2019-02
1924039,2019-01-14,3,0,2019-01
1924039,2019-01-21,2,0,2019-01
1924039,2019-01-28,4,0,2019-01
1924039,2019-02-04,7,10,2019-02
1924039,2019-02-11,7,10,2019-02
1924039,2019-02-18,6,10,2019-02
1924039,2019-02-25,1,0,2019-02
1924039,2019-03-04,1,0,2019-03
1924039,2019-03-11,6,10,2019-03
1924039,2019-03-18,2,0,2019-03
1924039,2019-03-25,4,0,2019-03
1924039,2019-04-01,5,10,2019-04
1924039,2019-04-08,2,0,2019-04
1924039,2019-04-15,6,10,2019-04
1924039,2019-04-22,4,0,2019-04
1924376,2019-01-14,3,0,2019-01
1924376,2019-01-21,7,10,2019-01
1924376,2019-02-11,3,0,2019-02
1924376,2019-02-18,3,0,2019-02
1924376,2019-04-01,7,10,2019-04
1924376,2019-04-08,7,10,2019-04
1924376,2019-04-15,7,10,2019-04
1924376,2019-04-22,6,10,2019-04
1924376,2019-04-29,2,0,2019-04
1928262,2019-01-21,1,0,2019-01
1928262,2019-02-04,6,10,2019-02
1928262,2019-02-11,5,10,2019-02
1928262,2019-02-18,1,0,2019-02
1928262,2019-03-04,6,10,2019-03
1928262,2019-03-11,5,10,2019-03
1928262,2019-03-18,5,10,2019-03
1928262,2019-03-25,6,10,2019-03
1928262,2019-04-01,4,0,2019-04
1928262,2019-04-08,6,10,2019-04
1928262,2019-04-15,4,0,2019-04
1928262,2019-04-22,7,10,2019-04
1928262,2019-04-29,2,0,2019-04
1928367,2019-01-14,2,0,2019-01
1928367,2019-01-21,5,10,2019-01
1928367,2019-01-28,6,10,2019-01
1928367,2019-02-04,3,0,2019-02
1928367,2019-02-11,5,10,2019-02
1928367,2019-02-18,7,10,2019-02
1928367,2019-02-25,5,10,2019-02
1928367,2019-03-04,7,10,2019-03
1928367,2019-03-11,4,0,2019-03
1928367,2019-04-01,6,10,2019-04
1928367,2019-04-08,6,10,2019-04
1928367,2019-04-15,6,10,2019-04
1928367,2019-04-22,5,10,2019-04
1928592,2019-01-14,1,0,2019-01
1928683,2019-01-14,2,0,2019-01
1928683,2019-01-21,6,10,2019-01
1928683,2019-01-28,1,0,2019-01
1928735,2019-01-14,2,0,2019-01
1928735,2019-01-21,5,10,2019-01
1928735,2019-01-28,1,0,2019-01
1928735,2019-02-04,2,0,2019-02
1928735,2019-02-11,5,10,2019-02
1928735,2019-02-18,6,10,2019-02
1928735,2019-02-25,2,0,2019-02
1928735,2019-03-11,1,0,2019-03
1928735,2019-03-18,5,10,2019-03
1928735,2019-03-25,5,10,2019-03
1928735,2019-04-01,5,10,2019-04
1928735,2019-04-08,5,10,2019-04
1928735,2019-04-15,6,10,2019-04
1928735,2019-04-22,3,0,2019-04
1928735,2019-04-29,1,0,2019-04
1928762,2019-01-14,2,0,2019-01
1928762,2019-01-21,6,10,2019-01
1928762,2019-02-04,5,10,2019-02
1928762,2019-02-11,7,10,2019-02
1928762,2019-02-18,7,10,2019-02
1928762,2019-02-25,2,0,2019-02
1928856,2019-01-14,2,0,2019-01
1928856,2019-01-21,7,10,2019-01
1928856,2019-01-28,7,10,2019-01
1928856,2019-02-04,6,10,2019-02
1928856,2019-02-11,7,10,2019-02
1928856,2019-02-18,7,10,2019-02
1928856,2019-02-25,6,10,2019-02
1928856,2019-03-04,7,10,2019-03
1928856,2019-03-11,6,10,2019-03
1928856,2019-03-18,7,10,2019-03
1928856,2019-03-25,6,10,2019-03
1928856,2019-04-01,5,10,2019-04
1928856,2019-04-08,7,10,2019-04
1928856,2019-04-15,6,10,2019-04
1928856,2019-04-22,7,10,2019-04
1928856,2019-04-29,2,0,2019-04
1928870,2019-01-14,1,0,2019-01
1928870,2019-01-21,5,10,2019-01
1928870,2019-01-28,5,10,2019-01
1928870,2019-02-04,6,10,2019-02
1928870,2019-02-11,6,10,2019-02
1928870,2019-02-18,5,10,2019-02
1928870,2019-02-25,1,0,2019-02
1929080,2019-01-14,1,0,2019-01
1929208,2019-01-14,1,0,2019-01
1934190,2019-01-21,4,0,2019-01
1934190,2019-01-28,1,0,2019-01
1934256,2019-01-21,1,0,2019-01
1934256,2019-01-28,2,0,2019-01
1934256,2019-02-04,3,0,2019-02
1934256,2019-02-11,7,10,2019-02
1934256,2019-02-18,7,10,2019-02
1934256,2019-02-25,2,0,2019-02
1934517,2019-01-21,5,10,2019-01
1934517,2019-01-28,1,0,2019-01
1934576,2019-01-21,4,0,2019-01
1934576,2019-01-28,7,10,2019-01
1934576,2019-02-04,7,10,2019-02
1934576,2019-02-11,6,10,2019-02
1934576,2019-02-18,6,10,2019-02
1934576,2019-02-25,7,10,2019-02
1934576,2019-03-04,7,10,2019-03
1934576,2019-03-11,7,10,2019-03
1934576,2019-03-18,3,0,2019-03
1934576,2019-03-25,6,10,2019-03
1934576,2019-04-01,6,10,2019-04
1934576,2019-04-08,7,10,2019-04
1934576,2019-04-15,7,10,2019-04
1934576,2019-04-22,5,10,2019-04
1934576,2019-04-29,2,0,2019-04
1944055,2019-02-04,6,10,2019-02
1944055,2019-02-11,7,10,2019-02
1944055,2019-02-18,6,10,2019-02
1944055,2019-02-25,2,0,2019-02
1944878,2019-01-21,4,0,2019-01
1944878,2019-01-28,5,10,2019-01
1944878,2019-02-04,5,10,2019-02
1944878,2019-02-11,7,10,2019-02
1944878,2019-02-18,7,10,2019-02
1944878,2019-02-25,2,0,2019-02
1949830,2019-01-21,2,0,2019-01
1949830,2019-02-18,1,0,2019-02
1949830,2019-02-25,6,10,2019-02
1949830,2019-03-04,3,0,2019-03
1949830,2019-04-15,1,0,2019-04
1949830,2019-04-22,3,0,2019-04
1949830,2019-04-29,1,0,2019-04
1949900,2019-01-21,4,0,2019-01
1949900,2019-01-28,3,0,2019-01
1949900,2019-02-04,5,10,2019-02
1949900,2019-02-11,5,10,2019-02
1949900,2019-02-18,6,10,2019-02
1949900,2019-02-25,5,10,2019-02
1949900,2019-03-04,5,10,2019-03
1949900,2019-03-11,1,0,2019-03
1949990,2019-01-21,3,0,2019-01
1949990,2019-01-28,5,10,2019-01
1949990,2019-02-04,1,0,2019-02
1950034,2019-01-21,1,0,2019-01
1950034,2019-01-28,1,0,2019-01
1950034,2019-02-04,2,0,2019-02
1950034,2019-02-11,6,10,2019-02
1950034,2019-02-18,2,0,2019-02
1950034,2019-02-25,7,10,2019-02
1950034,2019-03-04,6,10,2019-03
1950034,2019-03-11,7,10,2019-03
1950034,2019-03-18,6,10,2019-03
1950034,2019-03-25,1,0,2019-03
1950047,2019-01-21,3,0,2019-01
1950047,2019-01-28,7,10,2019-01
1950047,2019-02-04,7,10,2019-02
1950047,2019-02-11,7,10,2019-02
1950047,2019-02-18,7,10,2019-02
1950047,2019-02-25,7,10,2019-02
1950047,2019-03-04,7,10,2019-03
1950047,2019-03-11,7,10,2019-03
1950047,2019-03-18,7,10,2019-03
1950047,2019-03-25,1,0,2019-03
1950092,2019-01-21,1,0,2019-01
1950092,2019-02-11,5,10,2019-02
1950092,2019-02-18,7,10,2019-02
1950092,2019-02-25,2,0,2019-02
1950227,2019-01-21,4,0,2019-01
1950227,2019-01-28,7,10,2019-01
1950227,2019-02-04,2,0,2019-02
1950295,2019-01-21,1,0,2019-01
1950295,2019-01-28,2,0,2019-01
1950295,2019-02-04,1,0,2019-02
1950346,2019-01-21,2,0,2019-01
1950346,2019-01-28,1,0,2019-01
1955229,2019-01-21,2,0,2019-01
1955229,2019-01-28,4,0,2019-01
1955436,2019-01-21,4,0,2019-01
1955436,2019-01-28,7,10,2019-01
1955436,2019-02-04,7,10,2019-02
1955436,2019-02-11,7,10,2019-02
1955436,2019-02-18,7,10,2019-02
1955436,2019-02-25,7,10,2019-02
1955436,2019-03-04,7,10,2019-03
1955436,2019-03-11,7,10,2019-03
1955436,2019-03-18,6,10,2019-03
1955436,2019-03-25,7,10,2019-03
1955436,2019-04-01,7,10,2019-04
1955436,2019-04-08,7,10,2019-04
1955436,2019-04-15,6,10,2019-04
1955436,2019-04-22,7,10,2019-04
1955436,2019-04-29,2,0,2019-04
1955503,2019-02-11,1,0,2019-02
1955503,2019-02-18,5,10,2019-02
1955503,2019-02-25,2,0,2019-02
1955503,2019-03-04,1,0,2019-03
1955503,2019-03-11,2,0,2019-03
1955503,2019-03-18,4,0,2019-03
1955503,2019-03-25,4,0,2019-03
1955503,2019-04-01,5,10,2019-04
1955503,2019-04-08,5,10,2019-04
1955503,2019-04-15,5,10,2019-04
1955503,2019-04-22,5,10,2019-04
1955566,2019-01-21,1,0,2019-01
1955756,2019-01-21,2,0,2019-01
1955756,2019-01-28,3,0,2019-01
1955756,2019-02-11,2,0,2019-02
1956118,2019-02-11,2,0,2019-02
1956118,2019-03-11,3,0,2019-03
1956118,2019-03-18,4,0,2019-03
1956118,2019-03-25,4,0,2019-03
1956118,2019-04-01,4,0,2019-04
1956118,2019-04-08,1,0,2019-04
1956118,2019-04-15,3,0,2019-04
1956118,2019-04-22,1,0,2019-04
1956154,2019-01-21,2,0,2019-01
1956154,2019-01-28,6,10,2019-01
1956154,2019-02-04,5,10,2019-02
1956154,2019-02-11,7,10,2019-02
1956154,2019-02-18,5,10,2019-02
1956154,2019-02-25,1,0,2019-02
1956154,2019-04-08,3,0,2019-04
1956154,2019-04-15,3,0,2019-04
1956154,2019-04-22,2,0,2019-04
1956154,2019-04-29,1,0,2019-04
1956285,2019-02-11,3,0,2019-02
1956285,2019-02-18,5,10,2019-02
1956285,2019-02-25,3,0,2019-02
1956285,2019-03-04,3,0,2019-03
1956285,2019-03-11,3,0,2019-03
1956285,2019-03-18,2,0,2019-03
1956285,2019-03-25,4,0,2019-03
1956285,2019-04-01,1,0,2019-04
1956319,2019-01-21,1,0,2019-01
1956319,2019-01-28,7,10,2019-01
1956319,2019-02-04,5,10,2019-02
1956412,2019-01-28,2,0,2019-01
1956412,2019-02-04,4,0,2019-02
1956412,2019-02-11,6,10,2019-02
1956412,2019-02-18,5,10,2019-02
1956412,2019-02-25,1,0,2019-02
1956412,2019-04-01,3,0,2019-04
1956412,2019-04-08,1,0,2019-04
1956412,2019-04-15,4,0,2019-04
1956412,2019-04-22,6,10,2019-04
1960800,2019-01-21,1,0,2019-01
1960800,2019-02-04,1,0,2019-02
1960800,2019-03-04,5,10,2019-03
1960800,2019-03-11,3,0,2019-03
1960982,2019-01-28,1,0,2019-01
1960982,2019-04-08,1,0,2019-04
1960982,2019-04-15,4,0,2019-04
1960982,2019-04-22,4,0,2019-04
1960999,2019-01-21,1,0,2019-01
1960999,2019-01-28,5,10,2019-01
1960999,2019-02-04,4,0,2019-02
1960999,2019-02-11,7,10,2019-02
1960999,2019-02-18,3,0,2019-02
1960999,2019-03-04,6,10,2019-03
1960999,2019-03-11,6,10,2019-03
1960999,2019-03-18,1,0,2019-03
1960999,2019-03-25,6,10,2019-03
1960999,2019-04-01,4,0,2019-04
1960999,2019-04-08,1,0,2019-04
1960999,2019-04-15,1,0,2019-04
1961134,2019-02-04,5,10,2019-02
1961189,2019-01-28,3,0,2019-01
1961189,2019-02-04,6,10,2019-02
1961189,2019-02-11,3,0,2019-02
1961809,2019-01-28,2,0,2019-01
1961921,2019-01-21,3,0,2019-01
1961921,2019-01-28,7,10,2019-01
1961921,2019-02-04,6,10,2019-02
1961921,2019-02-11,7,10,2019-02
1961921,2019-02-18,6,10,2019-02
1961921,2019-02-25,7,10,2019-02
1961921,2019-03-04,6,10,2019-03
1961921,2019-03-11,6,10,2019-03
1961921,2019-03-18,5,10,2019-03
1961921,2019-03-25,6,10,2019-03
1961921,2019-04-01,7,10,2019-04
1961921,2019-04-08,6,10,2019-04
1961921,2019-04-15,6,10,2019-04
1961921,2019-04-22,7,10,2019-04
1961921,2019-04-29,2,0,2019-04
1966052,2019-01-28,1,0,2019-01
1966052,2019-02-04,6,10,2019-02
1966052,2019-02-11,4,0,2019-02
1966052,2019-02-25,3,0,2019-02
1966052,2019-03-04,1,0,2019-03
1966052,2019-03-25,3,0,2019-03
1966052,2019-04-01,6,10,2019-04
1966052,2019-04-08,4,0,2019-04
1966052,2019-04-15,2,0,2019-04
1966052,2019-04-22,1,0,2019-04
1966052,2019-04-29,2,0,2019-04
1966086,2019-01-21,2,0,2019-01
1966086,2019-01-28,5,10,2019-01
1966086,2019-02-18,5,10,2019-02
1966086,2019-02-25,2,0,2019-02
1966141,2019-01-21,1,0,2019-01
1966141,2019-01-28,2,0,2019-01
1966141,2019-02-04,1,0,2019-02
1966141,2019-02-11,2,0,2019-02
1966141,2019-02-18,1,0,2019-02
1966446,2019-01-21,2,0,2019-01
1966446,2019-01-28,6,10,2019-01
1966446,2019-02-04,2,0,2019-02
1966446,2019-02-18,1,0,2019-02
1966446,2019-03-04,1,0,2019-03
1966446,2019-04-22,2,0,2019-04
1966446,2019-04-29,1,0,2019-04
1966885,2019-01-21,2,0,2019-01
1984681,2019-01-28,6,10,2019-01
1984681,2019-02-04,6,10,2019-02
1984681,2019-02-11,7,10,2019-02
1984681,2019-02-18,6,10,2019-02
1984681,2019-02-25,4,0,2019-02
1984734,2019-01-28,6,10,2019-01
1984734,2019-02-04,7,10,2019-02
1984734,2019-02-11,7,10,2019-02
1984734,2019-02-18,4,0,2019-02
1984734,2019-02-25,3,0,2019-02
1984734,2019-03-25,2,0,2019-03
1984734,2019-04-01,7,10,2019-04
1984734,2019-04-08,6,10,2019-04
1984734,2019-04-15,1,0,2019-04
1984739,2019-01-28,2,0,2019-01
1984739,2019-02-04,1,0,2019-02
1984880,2019-01-28,6,10,2019-01
1984880,2019-02-04,5,10,2019-02
1984880,2019-02-11,7,10,2019-02
1984880,2019-02-18,6,10,2019-02
1984880,2019-02-25,7,10,2019-02
1984880,2019-03-04,7,10,2019-03
1984880,2019-03-11,7,10,2019-03
1984880,2019-03-18,6,10,2019-03
1984880,2019-03-25,7,10,2019-03
1984880,2019-04-01,6,10,2019-04
1984880,2019-04-08,5,10,2019-04
1984880,2019-04-15,7,10,2019-04
1984880,2019-04-22,5,10,2019-04
1984880,2019-04-29,2,0,2019-04
1985378,2019-03-04,2,0,2019-03
1985378,2019-03-11,5,10,2019-03
1985378,2019-03-18,1,0,2019-03
1985477,2019-01-28,2,0,2019-01
1985477,2019-02-11,3,0,2019-02
1985477,2019-02-18,6,10,2019-02
1985477,2019-02-25,6,10,2019-02
1985477,2019-03-04,7,10,2019-03
1985477,2019-03-11,5,10,2019-03
1990154,2019-01-28,1,0,2019-01
1990154,2019-02-04,1,0,2019-02
1990364,2019-01-28,2,0,2019-01
1990364,2019-02-04,6,10,2019-02
1990364,2019-02-11,6,10,2019-02
1990364,2019-02-18,6,10,2019-02
1990364,2019-02-25,6,10,2019-02
1990364,2019-03-04,6,10,2019-03
1990364,2019-03-11,5,10,2019-03
1990520,2019-01-28,4,0,2019-01
1990520,2019-02-04,3,0,2019-02
1990520,2019-02-11,7,10,2019-02
1990520,2019-02-18,4,0,2019-02
1990520,2019-02-25,1,0,2019-02
1990979,2019-01-28,2,0,2019-01
1991446,2019-01-28,5,10,2019-01
1991446,2019-02-04,5,10,2019-02
1991446,2019-02-11,6,10,2019-02
1991446,2019-02-18,7,10,2019-02
1991446,2019-02-25,7,10,2019-02
1991446,2019-03-04,5,10,2019-03
1991446,2019-03-11,7,10,2019-03
1991446,2019-03-18,3,0,2019-03
1991446,2019-03-25,7,10,2019-03
1991446,2019-04-01,7,10,2019-04
1991446,2019-04-08,7,10,2019-04
1991446,2019-04-15,6,10,2019-04
1991446,2019-04-22,6,10,2019-04
1991446,2019-04-29,2,0,2019-04
1991529,2019-01-28,2,0,2019-01
1991529,2019-02-04,3,0,2019-02
1991529,2019-02-11,1,0,2019-02
1991529,2019-02-25,2,0,2019-02
1991529,2019-03-25,2,0,2019-03
1991529,2019-04-08,2,0,2019-04
1991529,2019-04-15,1,0,2019-04
1991529,2019-04-29,1,0,2019-04
1991798,2019-02-04,3,0,2019-02
1991798,2019-02-11,1,0,2019-02
1996332,2019-03-11,1,0,2019-03
1996332,2019-03-18,1,0,2019-03
1996332,2019-03-25,2,0,2019-03
1996632,2019-01-28,4,0,2019-01
1996632,2019-02-04,5,10,2019-02
1996632,2019-02-11,2,0,2019-02
1996632,2019-02-18,3,0,2019-02
1996632,2019-02-25,6,10,2019-02
1996632,2019-03-04,5,10,2019-03
1996684,2019-01-28,3,0,2019-01
1996684,2019-02-04,7,10,2019-02
1996684,2019-02-11,6,10,2019-02
1996684,2019-02-18,7,10,2019-02
1996684,2019-02-25,7,10,2019-02
1996684,2019-03-04,7,10,2019-03
1996684,2019-03-11,3,0,2019-03
1996684,2019-03-18,2,0,2019-03
1996684,2019-03-25,7,10,2019-03
1996684,2019-04-01,7,10,2019-04
1996684,2019-04-08,7,10,2019-04
1996684,2019-04-15,7,10,2019-04
1996684,2019-04-22,7,10,2019-04
1996684,2019-04-29,1,0,2019-04
2002469,2019-02-04,1,0,2019-02
2002555,2019-01-28,1,0,2019-01
2002555,2019-02-04,1,0,2019-02
2002555,2019-02-11,2,0,2019-02
2002555,2019-02-18,6,10,2019-02
2002555,2019-02-25,3,0,2019-02
2002930,2019-01-28,1,0,2019-01
2002952,2019-01-28,3,0,2019-01
2002952,2019-02-04,5,10,2019-02
2002952,2019-02-11,4,0,2019-02
2002952,2019-02-18,4,0,2019-02
2002952,2019-02-25,1,0,2019-02
2002989,2019-01-28,3,0,2019-01
2002989,2019-02-04,3,0,2019-02
2002989,2019-02-11,4,0,2019-02
2002989,2019-02-18,3,0,2019-02
2002989,2019-02-25,2,0,2019-02
2002989,2019-03-04,1,0,2019-03
2003026,2019-01-28,1,0,2019-01
2003026,2019-02-11,4,0,2019-02
2003026,2019-02-18,7,10,2019-02
2003026,2019-02-25,6,10,2019-02
2003026,2019-03-04,5,10,2019-03
2003026,2019-03-11,7,10,2019-03
2003026,2019-03-18,2,0,2019-03
2003026,2019-03-25,5,10,2019-03
2003026,2019-04-01,7,10,2019-04
2003026,2019-04-08,6,10,2019-04
2003026,2019-04-15,6,10,2019-04
2003026,2019-04-22,6,10,2019-04
2003026,2019-04-29,1,0,2019-04
2003066,2019-01-28,1,0,2019-01
2003066,2019-02-04,2,0,2019-02
2003066,2019-04-08,3,0,2019-04
2003066,2019-04-15,3,0,2019-04
2003066,2019-04-22,2,0,2019-04
2003202,2019-01-28,3,0,2019-01
2003202,2019-02-04,7,10,2019-02
2003202,2019-02-11,7,10,2019-02
2003202,2019-02-18,4,0,2019-02
2003202,2019-02-25,2,0,2019-02
2003202,2019-03-04,7,10,2019-03
2003202,2019-03-11,4,0,2019-03
2003202,2019-03-18,4,0,2019-03
2003202,2019-03-25,7,10,2019-03
2003202,2019-04-01,4,0,2019-04
2003202,2019-04-08,4,0,2019-04
2003202,2019-04-15,7,10,2019-04
2003202,2019-04-22,4,0,2019-04
2003202,2019-04-29,2,0,2019-04
2003207,2019-02-04,2,0,2019-02
2003207,2019-02-11,4,0,2019-02
2003207,2019-02-18,5,10,2019-02
2003207,2019-02-25,1,0,2019-02
2003207,2019-03-18,1,0,2019-03
2003207,2019-03-25,1,0,2019-03
2003207,2019-04-08,1,0,2019-04
2003302,2019-01-28,3,0,2019-01
2003302,2019-02-04,3,0,2019-02
2003302,2019-02-11,7,10,2019-02
2003302,2019-02-18,2,0,2019-02
2003302,2019-02-25,1,0,2019-02
2003450,2019-02-04,4,0,2019-02
2003450,2019-02-11,5,10,2019-02
2003450,2019-02-18,2,0,2019-02
2003450,2019-02-25,3,0,2019-02
2003523,2019-03-04,1,0,2019-03
2003523,2019-03-11,3,0,2019-03
2003523,2019-03-18,3,0,2019-03
2003523,2019-03-25,4,0,2019-03
2003523,2019-04-01,6,10,2019-04
2003523,2019-04-08,6,10,2019-04
2003523,2019-04-15,5,10,2019-04
2003523,2019-04-22,7,10,2019-04
2003523,2019-04-29,2,0,2019-04
2003799,2019-02-11,3,0,2019-02
2004095,2019-02-25,4,0,2019-02
2004095,2019-03-04,3,0,2019-03
2004095,2019-03-11,7,10,2019-03
2004095,2019-03-18,4,0,2019-03
2004095,2019-03-25,7,10,2019-03
2004095,2019-04-01,5,10,2019-04
2004095,2019-04-08,7,10,2019-04
2004095,2019-04-15,1,0,2019-04
2004095,2019-04-22,5,10,2019-04
2007843,2019-02-04,1,0,2019-02
2008373,2019-02-11,1,0,2019-02
2008373,2019-02-18,1,0,2019-02
2008373,2019-03-04,1,0,2019-03
2008373,2019-03-18,3,0,2019-03
2008373,2019-03-25,5,10,2019-03
2008373,2019-04-01,5,10,2019-04
2008373,2019-04-15,1,0,2019-04
2008373,2019-04-22,1,0,2019-04
2008415,2019-02-04,1,0,2019-02
2008415,2019-02-11,3,0,2019-02
2008415,2019-03-11,3,0,2019-03
2008415,2019-03-18,6,10,2019-03
2008415,2019-04-01,2,0,2019-04
2008441,2019-02-04,1,0,2019-02
2008441,2019-02-11,1,0,2019-02
2008480,2019-03-25,2,0,2019-03
2008480,2019-04-01,3,0,2019-04
2008497,2019-03-04,6,10,2019-03
2008497,2019-03-11,6,10,2019-03
2008497,2019-03-25,1,0,2019-03
2008497,2019-04-01,6,10,2019-04
2008497,2019-04-08,6,10,2019-04
2008497,2019-04-15,6,10,2019-04
2008526,2019-01-28,1,0,2019-01
2008526,2019-02-04,5,10,2019-02
2008526,2019-02-11,5,10,2019-02
2008526,2019-02-18,6,10,2019-02
2008526,2019-02-25,3,0,2019-02
2008526,2019-03-04,1,0,2019-03
2008526,2019-03-11,3,0,2019-03
2008526,2019-03-18,4,0,2019-03
2008526,2019-03-25,6,10,2019-03
2008526,2019-04-01,5,10,2019-04
2008585,2019-01-28,2,0,2019-01
2008585,2019-02-04,2,0,2019-02
2008585,2019-02-11,6,10,2019-02
2008640,2019-02-04,2,0,2019-02
2008640,2019-02-11,7,10,2019-02
2008640,2019-02-18,7,10,2019-02
2008640,2019-02-25,1,0,2019-02
2008857,2019-02-04,1,0,2019-02
2008857,2019-02-11,1,0,2019-02
2008857,2019-02-18,1,0,2019-02
2012573,2019-02-04,1,0,2019-02
2025561,2019-02-11,2,0,2019-02
2025561,2019-02-18,1,0,2019-02
2025885,2019-02-04,3,0,2019-02
2025885,2019-02-11,6,10,2019-02
2025885,2019-02-18,7,10,2019-02
2025885,2019-02-25,2,0,2019-02
2025885,2019-03-11,4,0,2019-03
2025885,2019-03-18,2,0,2019-03
2025885,2019-03-25,2,0,2019-03
2030507,2019-02-11,4,0,2019-02
2030507,2019-02-18,7,10,2019-02
2030507,2019-02-25,3,0,2019-02
2030507,2019-03-04,1,0,2019-03
2030555,2019-02-04,2,0,2019-02
2030555,2019-02-11,7,10,2019-02
2030565,2019-02-18,1,0,2019-02
2030565,2019-02-25,5,10,2019-02
2030565,2019-03-04,3,0,2019-03
2030565,2019-03-11,1,0,2019-03
2030818,2019-02-04,5,10,2019-02
2030818,2019-02-11,6,10,2019-02
2030818,2019-02-18,2,0,2019-02
2030818,2019-03-04,2,0,2019-03
2030818,2019-03-11,6,10,2019-03
2030818,2019-03-18,5,10,2019-03
2030818,2019-03-25,5,10,2019-03
2030818,2019-04-01,3,0,2019-04
2030818,2019-04-08,4,0,2019-04
2030818,2019-04-15,6,10,2019-04
2030818,2019-04-22,4,0,2019-04
2030818,2019-04-29,2,0,2019-04
2030859,2019-02-04,2,0,2019-02
2030859,2019-02-11,7,10,2019-02
2030859,2019-02-18,1,0,2019-02
2030859,2019-03-04,2,0,2019-03
2030859,2019-03-11,2,0,2019-03
2030859,2019-03-25,2,0,2019-03
2030859,2019-04-01,4,0,2019-04
2030859,2019-04-15,2,0,2019-04
2030859,2019-04-22,3,0,2019-04
2030859,2019-04-29,2,0,2019-04
2030929,2019-02-04,5,10,2019-02
2030929,2019-02-11,6,10,2019-02
2030929,2019-02-18,7,10,2019-02
2030929,2019-02-25,7,10,2019-02
2030929,2019-03-04,7,10,2019-03
2030929,2019-03-18,5,10,2019-03
2030929,2019-04-08,4,0,2019-04
2035222,2019-02-04,3,0,2019-02
2035222,2019-02-11,6,10,2019-02
2035222,2019-02-18,2,0,2019-02
2035222,2019-02-25,5,10,2019-02
2035222,2019-03-04,5,10,2019-03
2035222,2019-03-11,7,10,2019-03
2035222,2019-03-18,4,0,2019-03
2035222,2019-03-25,4,0,2019-03
2035222,2019-04-01,4,0,2019-04
2035222,2019-04-08,1,0,2019-04
2035286,2019-02-04,4,0,2019-02
2035286,2019-02-11,2,0,2019-02
2035286,2019-02-18,4,0,2019-02
2035286,2019-02-25,7,10,2019-02
2035286,2019-03-04,7,10,2019-03
2035286,2019-03-11,7,10,2019-03
2035286,2019-03-18,1,0,2019-03
2035286,2019-03-25,7,10,2019-03
2035286,2019-04-01,6,10,2019-04
2035286,2019-04-08,4,0,2019-04
2035286,2019-04-22,6,10,2019-04
2035286,2019-04-29,1,0,2019-04
2035338,2019-02-18,1,0,2019-02
2035338,2019-02-25,3,0,2019-02
2035338,2019-03-04,3,0,2019-03
2035633,2019-02-11,4,0,2019-02
2035837,2019-02-11,1,0,2019-02
2035883,2019-02-04,3,0,2019-02
2035883,2019-02-11,2,0,2019-02
2035883,2019-02-18,3,0,2019-02
2035883,2019-02-25,3,0,2019-02
2040794,2019-02-04,3,0,2019-02
2040794,2019-02-11,7,10,2019-02
2040794,2019-02-18,7,10,2019-02
2040794,2019-02-25,2,0,2019-02
2040931,2019-02-04,2,0,2019-02
2040931,2019-02-11,7,10,2019-02
2040931,2019-02-18,6,10,2019-02
2040931,2019-02-25,5,10,2019-02
2040931,2019-03-04,5,10,2019-03
2040931,2019-03-11,4,0,2019-03
2040931,2019-03-18,4,0,2019-03
2040931,2019-03-25,5,10,2019-03
2040931,2019-04-01,4,0,2019-04
2040931,2019-04-08,2,0,2019-04
2041105,2019-02-11,1,0,2019-02
2041350,2019-02-11,3,0,2019-02
2041999,2019-02-04,2,0,2019-02
2041999,2019-02-11,5,10,2019-02
2041999,2019-02-18,6,10,2019-02
2041999,2019-02-25,3,0,2019-02
2041999,2019-03-11,4,0,2019-03
2041999,2019-03-18,4,0,2019-03
2041999,2019-03-25,2,0,2019-03
2041999,2019-04-01,1,0,2019-04
2046982,2019-02-11,2,0,2019-02
2046982,2019-03-11,1,0,2019-03
2046982,2019-04-08,1,0,2019-04
2047167,2019-02-11,4,0,2019-02
2047167,2019-02-18,6,10,2019-02
2047167,2019-02-25,3,0,2019-02
2047167,2019-03-11,2,0,2019-03
2047167,2019-03-25,1,0,2019-03
2047167,2019-04-01,1,0,2019-04
2047331,2019-02-11,1,0,2019-02
2047331,2019-04-01,1,0,2019-04
2064655,2019-02-11,6,10,2019-02
2064655,2019-02-18,7,10,2019-02
2064655,2019-02-25,6,10,2019-02
2064655,2019-03-04,7,10,2019-03
2064655,2019-03-11,7,10,2019-03
2064655,2019-03-18,4,0,2019-03
2064655,2019-03-25,6,10,2019-03
2064655,2019-04-01,6,10,2019-04
2064655,2019-04-08,6,10,2019-04
2064655,2019-04-15,3,0,2019-04
2064785,2019-02-11,6,10,2019-02
2064785,2019-02-18,7,10,2019-02
2064785,2019-02-25,7,10,2019-02
2064785,2019-03-04,7,10,2019-03
2064785,2019-03-11,7,10,2019-03
2064785,2019-03-18,1,0,2019-03
2064785,2019-03-25,1,0,2019-03
2064785,2019-04-01,7,10,2019-04
2064785,2019-04-08,7,10,2019-04
2064785,2019-04-15,7,10,2019-04
2064785,2019-04-22,5,10,2019-04
2065092,2019-02-11,1,0,2019-02
2069825,2019-02-11,5,10,2019-02
2069825,2019-02-18,6,10,2019-02
2069825,2019-02-25,5,10,2019-02
2069825,2019-03-04,7,10,2019-03
2069825,2019-03-11,3,0,2019-03
2069825,2019-03-18,2,0,2019-03
2069825,2019-03-25,4,0,2019-03
2069825,2019-04-01,6,10,2019-04
2070562,2019-02-11,5,10,2019-02
2070562,2019-02-18,7,10,2019-02
2070627,2019-02-11,5,10,2019-02
2070627,2019-02-18,3,0,2019-02
2070627,2019-02-25,1,0,2019-02
2070627,2019-03-11,2,0,2019-03
2070627,2019-03-18,1,0,2019-03
2070627,2019-03-25,3,0,2019-03
2070627,2019-04-01,3,0,2019-04
2070627,2019-04-08,2,0,2019-04
2070705,2019-02-11,4,0,2019-02
2070705,2019-02-18,6,10,2019-02
2070705,2019-02-25,4,0,2019-02
2070705,2019-03-04,7,10,2019-03
2070705,2019-03-11,3,0,2019-03
2070705,2019-03-25,4,0,2019-03
2070705,2019-04-01,6,10,2019-04
2070705,2019-04-08,4,0,2019-04
2070911,2019-02-11,4,0,2019-02
2070911,2019-02-18,7,10,2019-02
2070911,2019-02-25,7,10,2019-02
2070911,2019-03-04,7,10,2019-03
2070911,2019-03-11,6,10,2019-03
2070911,2019-03-18,6,10,2019-03
2070911,2019-03-25,2,0,2019-03
2071489,2019-02-11,4,0,2019-02
2071489,2019-02-18,7,10,2019-02
2071489,2019-02-25,2,0,2019-02
2076038,2019-02-11,4,0,2019-02
2076038,2019-02-18,5,10,2019-02
2076038,2019-02-25,3,0,2019-02
2076038,2019-03-04,2,0,2019-03
2076038,2019-03-11,1,0,2019-03
2076038,2019-04-01,1,0,2019-04
2076409,2019-02-11,3,0,2019-02
2076409,2019-02-18,7,10,2019-02
2076409,2019-02-25,2,0,2019-02
2077234,2019-02-11,3,0,2019-02
2077234,2019-02-18,4,0,2019-02
2077234,2019-02-25,1,0,2019-02
2077296,2019-02-11,3,0,2019-02
2077296,2019-02-18,7,10,2019-02
2077296,2019-02-25,4,0,2019-02
2077296,2019-03-04,5,10,2019-03
2077296,2019-03-11,5,10,2019-03
2077296,2019-03-18,2,0,2019-03
2077296,2019-03-25,1,0,2019-03
2077316,2019-02-18,1,0,2019-02
2077403,2019-02-11,1,0,2019-02
2077403,2019-02-18,4,0,2019-02
2077403,2019-02-25,7,10,2019-02
2077403,2019-03-04,7,10,2019-03
2077403,2019-03-11,7,10,2019-03
2077403,2019-03-18,6,10,2019-03
2077403,2019-03-25,1,0,2019-03
2077480,2019-02-11,3,0,2019-02
2077641,2019-02-11,2,0,2019-02
2077641,2019-02-18,3,0,2019-02
2077641,2019-02-25,7,10,2019-02
2077641,2019-03-04,7,10,2019-03
2077641,2019-03-11,6,10,2019-03
2077641,2019-03-18,2,0,2019-03
2077641,2019-03-25,7,10,2019-03
2077641,2019-04-01,7,10,2019-04
2077641,2019-04-08,7,10,2019-04
2077641,2019-04-15,6,10,2019-04
2077641,2019-04-22,7,10,2019-04
2077641,2019-04-29,2,0,2019-04
2077736,2019-02-11,4,0,2019-02
2077736,2019-02-18,1,0,2019-02
2077736,2019-02-25,3,0,2019-02
2077736,2019-03-04,6,10,2019-03
2077736,2019-03-11,4,0,2019-03
2077736,2019-03-18,6,10,2019-03
2077736,2019-03-25,4,0,2019-03
2077736,2019-04-01,4,0,2019-04
2077736,2019-04-08,1,0,2019-04
2077736,2019-04-15,5,10,2019-04
2077736,2019-04-22,5,10,2019-04
2077736,2019-04-29,2,0,2019-04
2089715,2019-03-11,2,0,2019-03
2089850,2019-02-11,2,0,2019-02
2089850,2019-02-18,7,10,2019-02
2089850,2019-02-25,7,10,2019-02
2089850,2019-03-04,7,10,2019-03
2089850,2019-03-11,4,0,2019-03
2090094,2019-02-11,1,0,2019-02
2090094,2019-02-18,6,10,2019-02
2090094,2019-02-25,6,10,2019-02
2090094,2019-03-04,7,10,2019-03
2090094,2019-03-11,4,0,2019-03
2090117,2019-02-18,1,0,2019-02
2090252,2019-02-18,1,0,2019-02
2095316,2019-02-11,1,0,2019-02
2095316,2019-02-18,6,10,2019-02
2095316,2019-02-25,4,0,2019-02
2095316,2019-03-04,6,10,2019-03
2095316,2019-03-11,5,10,2019-03
2095316,2019-03-18,4,0,2019-03
2095316,2019-03-25,4,0,2019-03
2095316,2019-04-01,7,10,2019-04
2095316,2019-04-08,1,0,2019-04
2095316,2019-04-15,3,0,2019-04
2095316,2019-04-22,4,0,2019-04
2095316,2019-04-29,2,0,2019-04
2095476,2019-02-11,1,0,2019-02
2095597,2019-02-25,1,0,2019-02
2095758,2019-02-25,3,0,2019-02
2095758,2019-03-04,7,10,2019-03
2095758,2019-03-11,5,10,2019-03
2095758,2019-03-25,6,10,2019-03
2095758,2019-04-01,2,0,2019-04
2095758,2019-04-08,3,0,2019-04
2095758,2019-04-15,2,0,2019-04
2095758,2019-04-22,5,10,2019-04
2095938,2019-02-11,1,0,2019-02
2095938,2019-02-18,2,0,2019-02
2095938,2019-02-25,1,0,2019-02
2095938,2019-03-04,3,0,2019-03
2095938,2019-03-11,2,0,2019-03
2095938,2019-03-18,3,0,2019-03
2095938,2019-03-25,4,0,2019-03
2095938,2019-04-01,1,0,2019-04
2095938,2019-04-15,4,0,2019-04
2095938,2019-04-22,2,0,2019-04
2114796,2019-02-18,2,0,2019-02
2114796,2019-02-25,7,10,2019-02
2114796,2019-03-04,6,10,2019-03
2114796,2019-03-11,7,10,2019-03
2114796,2019-03-18,3,0,2019-03
2114796,2019-03-25,5,10,2019-03
2114796,2019-04-01,6,10,2019-04
2114850,2019-02-25,1,0,2019-02
2114850,2019-03-25,2,0,2019-03
2115037,2019-02-18,2,0,2019-02
2115037,2019-02-25,2,0,2019-02
2115037,2019-03-04,4,0,2019-03
2115037,2019-03-11,5,10,2019-03
2115037,2019-03-18,4,0,2019-03
2115037,2019-03-25,4,0,2019-03
2115037,2019-04-01,5,10,2019-04
2115037,2019-04-08,4,0,2019-04
2115037,2019-04-15,7,10,2019-04
2115037,2019-04-22,4,0,2019-04
2115631,2019-02-18,1,0,2019-02
2120162,2019-02-18,4,0,2019-02
2120162,2019-02-25,3,0,2019-02
2120621,2019-02-18,2,0,2019-02
2121174,2019-02-18,4,0,2019-02
2121174,2019-02-25,7,10,2019-02
2121174,2019-03-04,7,10,2019-03
2121174,2019-03-11,5,10,2019-03
2121174,2019-03-18,1,0,2019-03
2121174,2019-03-25,5,10,2019-03
2121174,2019-04-01,4,0,2019-04
2121174,2019-04-08,1,0,2019-04
2121174,2019-04-15,2,0,2019-04
2121174,2019-04-22,5,10,2019-04
2121174,2019-04-29,2,0,2019-04
2121848,2019-02-18,3,0,2019-02
2121848,2019-02-25,6,10,2019-02
2121848,2019-03-04,6,10,2019-03
2121848,2019-03-18,3,0,2019-03
2121848,2019-03-25,6,10,2019-03
2121848,2019-04-01,4,0,2019-04
2121848,2019-04-08,1,0,2019-04
2121848,2019-04-15,4,0,2019-04
2121848,2019-04-22,6,10,2019-04
2121848,2019-04-29,1,0,2019-04
2126300,2019-02-18,3,0,2019-02
2126300,2019-02-25,4,0,2019-02
2126300,2019-03-04,4,0,2019-03
2126300,2019-03-11,1,0,2019-03
2126377,2019-02-18,3,0,2019-02
2126377,2019-02-25,1,0,2019-02
2126377,2019-03-11,5,10,2019-03
2126377,2019-03-25,6,10,2019-03
2126377,2019-04-01,7,10,2019-04
2126377,2019-04-08,5,10,2019-04
2126377,2019-04-15,1,0,2019-04
2126390,2019-02-25,2,0,2019-02
2126449,2019-02-18,2,0,2019-02
2126449,2019-02-25,7,10,2019-02
2126449,2019-03-04,4,0,2019-03
2126449,2019-04-01,2,0,2019-04
2126449,2019-04-08,4,0,2019-04
2126449,2019-04-15,1,0,2019-04
2126478,2019-02-18,1,0,2019-02
2126478,2019-02-25,4,0,2019-02
2126478,2019-03-04,4,0,2019-03
2126478,2019-03-11,6,10,2019-03
2126478,2019-03-18,1,0,2019-03
2126478,2019-03-25,5,10,2019-03
2126478,2019-04-01,6,10,2019-04
2126478,2019-04-08,4,0,2019-04
2126478,2019-04-15,4,0,2019-04
2126478,2019-04-29,1,0,2019-04
2126554,2019-02-18,3,0,2019-02
2126554,2019-02-25,7,10,2019-02
2126554,2019-03-04,6,10,2019-03
2126554,2019-03-11,4,0,2019-03
2126554,2019-03-18,2,0,2019-03
2126554,2019-03-25,2,0,2019-03
2126554,2019-04-01,6,10,2019-04
2126554,2019-04-08,6,10,2019-04
2126554,2019-04-15,3,0,2019-04
2126554,2019-04-22,3,0,2019-04
2126554,2019-04-29,1,0,2019-04
2126594,2019-02-18,2,0,2019-02
2126594,2019-02-25,1,0,2019-02
2126708,2019-02-25,2,0,2019-02
2126708,2019-03-04,3,0,2019-03
2126708,2019-03-11,6,10,2019-03
2126708,2019-03-18,5,10,2019-03
2126708,2019-03-25,4,0,2019-03
2126708,2019-04-01,3,0,2019-04
2126708,2019-04-08,3,0,2019-04
2126708,2019-04-15,5,10,2019-04
2126946,2019-02-18,3,0,2019-02
2126946,2019-02-25,2,0,2019-02
2126946,2019-03-11,1,0,2019-03
2126946,2019-03-18,1,0,2019-03
2126946,2019-03-25,3,0,2019-03
2126946,2019-04-01,1,0,2019-04
2126946,2019-04-08,1,0,2019-04
2126946,2019-04-22,1,0,2019-04
2126994,2019-02-18,3,0,2019-02
2126994,2019-02-25,7,10,2019-02
2126994,2019-03-04,7,10,2019-03
2126994,2019-03-11,6,10,2019-03
2126994,2019-03-18,6,10,2019-03
2126994,2019-03-25,1,0,2019-03
2132804,2019-02-25,3,0,2019-02
2133582,2019-02-25,5,10,2019-02
2133582,2019-03-04,5,10,2019-03
2133582,2019-03-11,5,10,2019-03
2133582,2019-03-18,1,0,2019-03
2133582,2019-03-25,1,0,2019-03
2139345,2019-02-25,1,0,2019-02
2139345,2019-04-01,2,0,2019-04
2141066,2019-03-04,1,0,2019-03
2141196,2019-02-25,2,0,2019-02
2141196,2019-03-04,4,0,2019-03
2141196,2019-03-11,4,0,2019-03
2141196,2019-03-18,2,0,2019-03
2141196,2019-03-25,4,0,2019-03
2141196,2019-04-01,2,0,2019-04
2141196,2019-04-08,3,0,2019-04
2141196,2019-04-15,5,10,2019-04
2141196,2019-04-22,1,0,2019-04
2141196,2019-04-29,1,0,2019-04
2154646,2019-02-25,6,10,2019-02
2154646,2019-03-04,7,10,2019-03
2154646,2019-03-11,7,10,2019-03
2154646,2019-03-18,7,10,2019-03
2154646,2019-03-25,7,10,2019-03
2154646,2019-04-01,7,10,2019-04
2154646,2019-04-08,3,0,2019-04
2154646,2019-04-15,6,10,2019-04
2154646,2019-04-22,3,0,2019-04
2154646,2019-04-29,1,0,2019-04
2154757,2019-04-15,1,0,2019-04
2154809,2019-02-25,1,0,2019-02
2154809,2019-03-04,4,0,2019-03
2154809,2019-03-11,5,10,2019-03
2154976,2019-02-25,5,10,2019-02
2154976,2019-03-04,7,10,2019-03
2154976,2019-03-11,7,10,2019-03
2154976,2019-03-18,3,0,2019-03
2155332,2019-02-25,5,10,2019-02
2155332,2019-03-04,7,10,2019-03
2155332,2019-03-11,7,10,2019-03
2155332,2019-03-18,4,0,2019-03
2155332,2019-03-25,2,0,2019-03
2155365,2019-02-25,6,10,2019-02
2155365,2019-03-04,6,10,2019-03
2155365,2019-03-11,7,10,2019-03
2155365,2019-03-18,4,0,2019-03
2155365,2019-03-25,7,10,2019-03
2155365,2019-04-01,7,10,2019-04
2155365,2019-04-08,7,10,2019-04
2155365,2019-04-15,5,10,2019-04
2155365,2019-04-22,7,10,2019-04
2155365,2019-04-29,2,0,2019-04
2155367,2019-02-25,4,0,2019-02
2155367,2019-03-04,1,0,2019-03
2155367,2019-03-11,3,0,2019-03
2155367,2019-03-25,2,0,2019-03
2155367,2019-04-01,3,0,2019-04
2155367,2019-04-15,4,0,2019-04
2155367,2019-04-22,3,0,2019-04
2155367,2019-04-29,1,0,2019-04
2155638,2019-02-25,1,0,2019-02
2155638,2019-03-04,2,0,2019-03
2155782,2019-02-25,4,0,2019-02
2155782,2019-03-04,2,0,2019-03
2155782,2019-03-11,6,10,2019-03
2155782,2019-03-18,3,0,2019-03
2155782,2019-03-25,6,10,2019-03
2155782,2019-04-01,4,0,2019-04
2155782,2019-04-08,4,0,2019-04
2155782,2019-04-22,7,10,2019-04
2155782,2019-04-29,2,0,2019-04
2156086,2019-02-25,4,0,2019-02
2156086,2019-03-11,2,0,2019-03
2156086,2019-03-18,7,10,2019-03
2156086,2019-03-25,7,10,2019-03
2156086,2019-04-01,3,0,2019-04
2156086,2019-04-08,1,0,2019-04
2156086,2019-04-15,3,0,2019-04
2156086,2019-04-22,7,10,2019-04
2156086,2019-04-29,1,0,2019-04
2156101,2019-02-25,4,0,2019-02
2156101,2019-03-04,1,0,2019-03
2156177,2019-02-25,5,10,2019-02
2156177,2019-03-04,1,0,2019-03
2156177,2019-03-11,4,0,2019-03
2156177,2019-03-18,2,0,2019-03
2156177,2019-03-25,2,0,2019-03
2161296,2019-02-25,4,0,2019-02
2161296,2019-03-04,7,10,2019-03
2161296,2019-03-11,5,10,2019-03
2161296,2019-03-18,5,10,2019-03
2161296,2019-03-25,7,10,2019-03
2161296,2019-04-01,6,10,2019-04
2161296,2019-04-08,7,10,2019-04
2161296,2019-04-15,3,0,2019-04
2161296,2019-04-22,6,10,2019-04
2161296,2019-04-29,2,0,2019-04
2161733,2019-02-25,2,0,2019-02
2161733,2019-03-04,4,0,2019-03
2161733,2019-03-11,6,10,2019-03
2161733,2019-03-25,1,0,2019-03
2161733,2019-04-01,6,10,2019-04
2161733,2019-04-08,1,0,2019-04
2161733,2019-04-15,1,0,2019-04
2165624,2019-04-08,1,0,2019-04
2166507,2019-02-25,4,0,2019-02
2166507,2019-03-04,7,10,2019-03
2166507,2019-03-11,7,10,2019-03
2166507,2019-03-18,2,0,2019-03
2166507,2019-04-01,7,10,2019-04
2166507,2019-04-08,5,10,2019-04
2166507,2019-04-15,5,10,2019-04
2166507,2019-04-22,5,10,2019-04
2166507,2019-04-29,1,0,2019-04
2189020,2019-02-25,4,0,2019-02
2189020,2019-03-04,5,10,2019-03
2189020,2019-03-11,6,10,2019-03
2189020,2019-03-18,4,0,2019-03
2189020,2019-03-25,6,10,2019-03
2190257,2019-02-25,4,0,2019-02
2190257,2019-03-04,7,10,2019-03
2190257,2019-03-11,7,10,2019-03
2190257,2019-03-18,7,10,2019-03
2190257,2019-03-25,7,10,2019-03
2190257,2019-04-01,7,10,2019-04
2190257,2019-04-08,6,10,2019-04
2190257,2019-04-15,2,0,2019-04
2190257,2019-04-22,3,0,2019-04
2190257,2019-04-29,1,0,2019-04
2190383,2019-02-25,3,0,2019-02
2190383,2019-03-04,3,0,2019-03
2190383,2019-03-11,6,10,2019-03
2190383,2019-03-18,3,0,2019-03
2190383,2019-03-25,5,10,2019-03
2190383,2019-04-01,6,10,2019-04
2190383,2019-04-08,1,0,2019-04
2190383,2019-04-15,4,0,2019-04
2190383,2019-04-22,7,10,2019-04
2190383,2019-04-29,2,0,2019-04
2190574,2019-02-25,4,0,2019-02
2190574,2019-03-04,7,10,2019-03
2190574,2019-03-11,7,10,2019-03
2190574,2019-03-18,4,0,2019-03
2190716,2019-02-25,4,0,2019-02
2190716,2019-03-04,7,10,2019-03
2190716,2019-03-11,5,10,2019-03
2190716,2019-03-18,3,0,2019-03
2190716,2019-03-25,7,10,2019-03
2190716,2019-04-01,4,0,2019-04
2190716,2019-04-08,4,0,2019-04
2190716,2019-04-15,4,0,2019-04
2190872,2019-02-25,1,0,2019-02
2190872,2019-04-01,4,0,2019-04
2190872,2019-04-15,1,0,2019-04
2190872,2019-04-22,4,0,2019-04
2190872,2019-04-29,1,0,2019-04
2191039,2019-02-25,4,0,2019-02
2191039,2019-03-04,7,10,2019-03
2191039,2019-03-11,6,10,2019-03
2191039,2019-03-18,6,10,2019-03
2191039,2019-03-25,7,10,2019-03
2191039,2019-04-01,5,10,2019-04
2191039,2019-04-08,4,0,2019-04
2191039,2019-04-15,5,10,2019-04
2191039,2019-04-22,4,0,2019-04
2225560,2019-03-04,1,0,2019-03
2225972,2019-03-04,3,0,2019-03
2225972,2019-03-11,7,10,2019-03
2225972,2019-03-18,4,0,2019-03
2225972,2019-03-25,3,0,2019-03
2225972,2019-04-08,1,0,2019-04
2226127,2019-02-25,2,0,2019-02
2226127,2019-03-04,3,0,2019-03
2226127,2019-03-11,4,0,2019-03
2226127,2019-03-18,4,0,2019-03
2226127,2019-03-25,3,0,2019-03
2226127,2019-04-01,3,0,2019-04
2226127,2019-04-08,5,10,2019-04
2226127,2019-04-15,3,0,2019-04
2226127,2019-04-22,2,0,2019-04
2227128,2019-02-25,2,0,2019-02
2227128,2019-03-04,2,0,2019-03
2227128,2019-03-11,7,10,2019-03
2227128,2019-03-18,4,0,2019-03
2227128,2019-03-25,6,10,2019-03
2227128,2019-04-01,6,10,2019-04
2227128,2019-04-08,2,0,2019-04
2227128,2019-04-15,4,0,2019-04
2227128,2019-04-22,6,10,2019-04
2227128,2019-04-29,1,0,2019-04
2227360,2019-02-25,2,0,2019-02
2227360,2019-03-04,5,10,2019-03
2227360,2019-03-11,4,0,2019-03
2227360,2019-03-18,6,10,2019-03
2227360,2019-03-25,4,0,2019-03
2227360,2019-04-01,6,10,2019-04
2227360,2019-04-08,7,10,2019-04
2227360,2019-04-15,4,0,2019-04
2227360,2019-04-22,4,0,2019-04
2227360,2019-04-29,1,0,2019-04
2227436,2019-02-25,2,0,2019-02
2227436,2019-03-04,1,0,2019-03
2227436,2019-03-11,5,10,2019-03
2227436,2019-03-18,7,10,2019-03
2227436,2019-03-25,7,10,2019-03
2227436,2019-04-01,7,10,2019-04
2227436,2019-04-08,2,0,2019-04
2227436,2019-04-22,7,10,2019-04
2227436,2019-04-29,2,0,2019-04
2227931,2019-02-25,2,0,2019-02
2227931,2019-03-04,7,10,2019-03
2227931,2019-03-11,7,10,2019-03
2227931,2019-03-18,3,0,2019-03
2228043,2019-03-11,6,10,2019-03
2228043,2019-03-18,2,0,2019-03
2228177,2019-02-25,2,0,2019-02
2228177,2019-03-04,5,10,2019-03
2228177,2019-04-01,6,10,2019-04
2228177,2019-04-08,5,10,2019-04
2228177,2019-04-15,2,0,2019-04
2228570,2019-02-25,2,0,2019-02
2228570,2019-03-04,7,10,2019-03
2228570,2019-03-11,7,10,2019-03
2228570,2019-03-18,7,10,2019-03
2228570,2019-03-25,7,10,2019-03
2228570,2019-04-01,7,10,2019-04
2228570,2019-04-08,3,0,2019-04
2228570,2019-04-15,2,0,2019-04
2228570,2019-04-22,7,10,2019-04
2228570,2019-04-29,2,0,2019-04
2228814,2019-03-04,3,0,2019-03
2228814,2019-03-11,1,0,2019-03
2228814,2019-03-18,5,10,2019-03
2228814,2019-03-25,1,0,2019-03
2228814,2019-04-01,2,0,2019-04
2228814,2019-04-08,4,0,2019-04
2228814,2019-04-15,3,0,2019-04
2228814,2019-04-22,5,10,2019-04
2228814,2019-04-29,1,0,2019-04
2266270,2019-03-04,3,0,2019-03
2266270,2019-03-11,6,10,2019-03
2266270,2019-03-18,4,0,2019-03
2266270,2019-04-15,1,0,2019-04
2266270,2019-04-22,1,0,2019-04
2266463,2019-03-04,1,0,2019-03
2266597,2019-03-04,2,0,2019-03
2266597,2019-03-11,2,0,2019-03
2266597,2019-03-18,6,10,2019-03
2266597,2019-03-25,7,10,2019-03
2266597,2019-04-01,5,10,2019-04
2266597,2019-04-08,1,0,2019-04
2266808,2019-03-04,6,10,2019-03
2266808,2019-03-11,6,10,2019-03
2266808,2019-03-18,4,0,2019-03
2266808,2019-03-25,4,0,2019-03
2266808,2019-04-01,6,10,2019-04
2266808,2019-04-08,7,10,2019-04
2266808,2019-04-15,7,10,2019-04
2266808,2019-04-22,7,10,2019-04
2266808,2019-04-29,2,0,2019-04
2266927,2019-03-04,6,10,2019-03
2266927,2019-03-11,3,0,2019-03
2267055,2019-03-04,6,10,2019-03
2267055,2019-03-11,7,10,2019-03
2267055,2019-03-18,5,10,2019-03
2267253,2019-03-04,1,0,2019-03
2267253,2019-03-25,1,0,2019-03
2267253,2019-04-01,3,0,2019-04
2267253,2019-04-08,1,0,2019-04
2267349,2019-03-04,3,0,2019-03
2267349,2019-03-11,3,0,2019-03
2267349,2019-03-18,3,0,2019-03
2267349,2019-03-25,2,0,2019-03
2267349,2019-04-08,3,0,2019-04
2267349,2019-04-15,1,0,2019-04
2267349,2019-04-22,4,0,2019-04
2267349,2019-04-29,2,0,2019-04
2267525,2019-03-04,2,0,2019-03
2267525,2019-03-11,7,10,2019-03
2267525,2019-03-18,6,10,2019-03
2267525,2019-03-25,7,10,2019-03
2267525,2019-04-01,7,10,2019-04
2267525,2019-04-08,7,10,2019-04
2267525,2019-04-15,5,10,2019-04
2267525,2019-04-22,7,10,2019-04
2267525,2019-04-29,1,0,2019-04
2267770,2019-03-04,1,0,2019-03
2267867,2019-03-04,6,10,2019-03
2267867,2019-03-11,7,10,2019-03
2267867,2019-03-25,3,0,2019-03
2267867,2019-04-01,5,10,2019-04
2267867,2019-04-08,6,10,2019-04
2267867,2019-04-15,1,0,2019-04
2268297,2019-03-04,4,0,2019-03
2268349,2019-03-04,6,10,2019-03
2268349,2019-03-11,6,10,2019-03
2268349,2019-03-18,7,10,2019-03
2268349,2019-03-25,6,10,2019-03
2268349,2019-04-01,7,10,2019-04
2268349,2019-04-08,7,10,2019-04
2268349,2019-04-15,4,0,2019-04
2268349,2019-04-22,7,10,2019-04
2268349,2019-04-29,2,0,2019-04
2268514,2019-03-04,1,0,2019-03
2268514,2019-03-18,1,0,2019-03
2268514,2019-03-25,3,0,2019-03
2268514,2019-04-01,4,0,2019-04
2268514,2019-04-08,3,0,2019-04
2268514,2019-04-15,2,0,2019-04
2268514,2019-04-22,2,0,2019-04
2268625,2019-03-04,6,10,2019-03
2268625,2019-03-11,2,0,2019-03
2278002,2019-03-04,5,10,2019-03
2278002,2019-03-11,5,10,2019-03
2278002,2019-03-18,2,0,2019-03
2278002,2019-03-25,7,10,2019-03
2278002,2019-04-01,4,0,2019-04
2278002,2019-04-08,4,0,2019-04
2278002,2019-04-15,3,0,2019-04
2278002,2019-04-22,2,0,2019-04
2278124,2019-03-04,1,0,2019-03
2278124,2019-03-11,1,0,2019-03
2278124,2019-04-08,4,0,2019-04
2278124,2019-04-15,7,10,2019-04
2278124,2019-04-22,7,10,2019-04
2278124,2019-04-29,2,0,2019-04
2279056,2019-03-04,1,0,2019-03
2279056,2019-03-25,3,0,2019-03
2279056,2019-04-01,5,10,2019-04
2279342,2019-03-04,5,10,2019-03
2279342,2019-03-11,7,10,2019-03
2279342,2019-03-18,7,10,2019-03
2279342,2019-03-25,6,10,2019-03
2279342,2019-04-01,6,10,2019-04
2279342,2019-04-08,7,10,2019-04
2279342,2019-04-15,6,10,2019-04
2279342,2019-04-22,7,10,2019-04
2279342,2019-04-29,1,0,2019-04
2279462,2019-03-11,1,0,2019-03
2279462,2019-03-18,1,0,2019-03
2280312,2019-03-04,2,0,2019-03
2280312,2019-03-18,2,0,2019-03
2280312,2019-03-25,6,10,2019-03
2280312,2019-04-01,3,0,2019-04
2280312,2019-04-22,4,0,2019-04
2280312,2019-04-29,2,0,2019-04
2281078,2019-03-11,2,0,2019-03
2281078,2019-03-18,1,0,2019-03
2281078,2019-03-25,4,0,2019-03
2281078,2019-04-01,3,0,2019-04
2281078,2019-04-08,2,0,2019-04
2281087,2019-04-08,6,10,2019-04
2281087,2019-04-15,5,10,2019-04
2289791,2019-03-04,1,0,2019-03
2290260,2019-03-04,2,0,2019-03
2290260,2019-03-11,6,10,2019-03
2290260,2019-03-18,2,0,2019-03
2290260,2019-03-25,1,0,2019-03
2290260,2019-04-01,1,0,2019-04
2290260,2019-04-08,4,0,2019-04
2290260,2019-04-22,5,10,2019-04
2290260,2019-04-29,2,0,2019-04
2290435,2019-03-11,3,0,2019-03
2290435,2019-03-18,4,0,2019-03
2290435,2019-03-25,2,0,2019-03
2290435,2019-04-01,1,0,2019-04
2290435,2019-04-08,1,0,2019-04
2290636,2019-03-11,5,10,2019-03
2290636,2019-03-18,6,10,2019-03
2290636,2019-03-25,2,0,2019-03
2290636,2019-04-01,3,0,2019-04
2290636,2019-04-08,1,0,2019-04
2290636,2019-04-22,1,0,2019-04
2291079,2019-03-11,1,0,2019-03
2291455,2019-03-04,4,0,2019-03
2291455,2019-03-11,6,10,2019-03
2291455,2019-03-18,3,0,2019-03
2291455,2019-03-25,4,0,2019-03
2291455,2019-04-01,5,10,2019-04
2291455,2019-04-08,5,10,2019-04
2291455,2019-04-15,3,0,2019-04
2291587,2019-03-18,1,0,2019-03
2291587,2019-03-25,7,10,2019-03
2291587,2019-04-01,7,10,2019-04
2291587,2019-04-08,6,10,2019-04
2291587,2019-04-15,7,10,2019-04
2291587,2019-04-22,7,10,2019-04
2291587,2019-04-29,2,0,2019-04
2292149,2019-03-04,1,0,2019-03
2292149,2019-03-11,7,10,2019-03
2292149,2019-03-18,3,0,2019-03
2292149,2019-03-25,4,0,2019-03
2292149,2019-04-01,1,0,2019-04
2292307,2019-04-15,3,0,2019-04
2292307,2019-04-22,5,10,2019-04
2292307,2019-04-29,2,0,2019-04
2292437,2019-03-04,1,0,2019-03
2292437,2019-03-11,3,0,2019-03
2292437,2019-03-18,6,10,2019-03
2292437,2019-03-25,7,10,2019-03
2292437,2019-04-01,1,0,2019-04
2292437,2019-04-08,4,0,2019-04
2293139,2019-03-04,1,0,2019-03
2293139,2019-03-11,1,0,2019-03
2293429,2019-03-04,2,0,2019-03
2293429,2019-03-11,1,0,2019-03
2293429,2019-03-25,3,0,2019-03
2293429,2019-04-01,2,0,2019-04
2293429,2019-04-08,6,10,2019-04
2293429,2019-04-22,4,0,2019-04
2293429,2019-04-29,2,0,2019-04
2293562,2019-03-04,3,0,2019-03
2293562,2019-03-11,6,10,2019-03
2293562,2019-03-18,2,0,2019-03
2293562,2019-03-25,7,10,2019-03
2293562,2019-04-01,6,10,2019-04
2293562,2019-04-08,4,0,2019-04
2293562,2019-04-15,4,0,2019-04
2293683,2019-03-04,1,0,2019-03
2293683,2019-04-29,1,0,2019-04
2303044,2019-03-11,3,0,2019-03
2303044,2019-04-08,2,0,2019-04
2303246,2019-03-04,3,0,2019-03
2303246,2019-03-11,4,0,2019-03
2303246,2019-03-18,6,10,2019-03
2303246,2019-03-25,5,10,2019-03
2303246,2019-04-01,7,10,2019-04
2303246,2019-04-08,7,10,2019-04
2303246,2019-04-15,7,10,2019-04
2303246,2019-04-22,5,10,2019-04
2303554,2019-03-11,4,0,2019-03
2303916,2019-03-04,1,0,2019-03
2304085,2019-03-04,1,0,2019-03
2304085,2019-03-11,2,0,2019-03
2304085,2019-03-18,6,10,2019-03
2304085,2019-03-25,6,10,2019-03
2304085,2019-04-01,4,0,2019-04
2304085,2019-04-08,5,10,2019-04
2304085,2019-04-15,7,10,2019-04
2304085,2019-04-22,6,10,2019-04
2304085,2019-04-29,2,0,2019-04
2304213,2019-03-04,2,0,2019-03
2304213,2019-03-11,7,10,2019-03
2304213,2019-03-18,3,0,2019-03
2304213,2019-03-25,6,10,2019-03
2304213,2019-04-01,7,10,2019-04
2304213,2019-04-08,3,0,2019-04
2304213,2019-04-15,1,0,2019-04
2305205,2019-03-04,1,0,2019-03
2305205,2019-03-11,6,10,2019-03
2305205,2019-03-18,6,10,2019-03
2305205,2019-03-25,7,10,2019-03
2305205,2019-04-01,5,10,2019-04
2305205,2019-04-15,5,10,2019-04
2305205,2019-04-22,6,10,2019-04
2305205,2019-04-29,2,0,2019-04
2305281,2019-03-04,2,0,2019-03
2305281,2019-03-11,7,10,2019-03
2313863,2019-03-11,1,0,2019-03
2313863,2019-03-18,4,0,2019-03
2313863,2019-03-25,4,0,2019-03
2314154,2019-03-11,6,10,2019-03
2314154,2019-03-18,3,0,2019-03
2314154,2019-03-25,6,10,2019-03
2314154,2019-04-01,3,0,2019-04
2314154,2019-04-08,5,10,2019-04
2314154,2019-04-15,3,0,2019-04
2314154,2019-04-22,7,10,2019-04
2314459,2019-03-11,3,0,2019-03
2314459,2019-03-25,1,0,2019-03
2314547,2019-03-11,4,0,2019-03
2314547,2019-03-18,3,0,2019-03
2314547,2019-03-25,2,0,2019-03
2314674,2019-03-04,1,0,2019-03
2314674,2019-03-11,3,0,2019-03
2314674,2019-04-22,1,0,2019-04
2314693,2019-03-04,1,0,2019-03
2314693,2019-03-11,4,0,2019-03
2314693,2019-03-18,2,0,2019-03
2315467,2019-04-15,1,0,2019-04
2315467,2019-04-22,1,0,2019-04
2325702,2019-03-11,2,0,2019-03
2347646,2019-03-11,6,10,2019-03
2347646,2019-03-18,5,10,2019-03
2347646,2019-03-25,1,0,2019-03
2348364,2019-03-11,1,0,2019-03
2348364,2019-03-25,1,0,2019-03
2348364,2019-04-01,1,0,2019-04
2348364,2019-04-22,2,0,2019-04
2348706,2019-03-11,6,10,2019-03
2348706,2019-03-18,7,10,2019-03
2348706,2019-03-25,6,10,2019-03
2348706,2019-04-01,6,10,2019-04
2348706,2019-04-08,6,10,2019-04
2348706,2019-04-15,7,10,2019-04
2348706,2019-04-22,7,10,2019-04
2348706,2019-04-29,1,0,2019-04
2348776,2019-03-11,6,10,2019-03
2348776,2019-03-18,5,10,2019-03
2348776,2019-03-25,6,10,2019-03
2348776,2019-04-01,6,10,2019-04
2348976,2019-03-11,3,0,2019-03
2348976,2019-03-18,7,10,2019-03
2348976,2019-03-25,1,0,2019-03
2349473,2019-03-11,1,0,2019-03
2355491,2019-03-11,3,0,2019-03
2355491,2019-03-18,5,10,2019-03
2355491,2019-03-25,7,10,2019-03
2355491,2019-04-01,7,10,2019-04
2355491,2019-04-08,5,10,2019-04
2355491,2019-04-22,3,0,2019-04
2355491,2019-04-29,1,0,2019-04
2356558,2019-03-18,2,0,2019-03
2356558,2019-03-25,4,0,2019-03
2356558,2019-04-01,6,10,2019-04
2356558,2019-04-08,3,0,2019-04
2356558,2019-04-15,6,10,2019-04
2356558,2019-04-22,7,10,2019-04
2356558,2019-04-29,2,0,2019-04
2356735,2019-03-11,5,10,2019-03
2356735,2019-03-18,6,10,2019-03
2356735,2019-03-25,7,10,2019-03
2356735,2019-04-01,5,10,2019-04
2356735,2019-04-08,1,0,2019-04
2356735,2019-04-15,4,0,2019-04
2356735,2019-04-22,6,10,2019-04
2358423,2019-03-11,1,0,2019-03
2358423,2019-03-18,5,10,2019-03
2358423,2019-03-25,6,10,2019-03
2358423,2019-04-01,4,0,2019-04
2358423,2019-04-08,2,0,2019-04
2358809,2019-03-11,3,0,2019-03
2358809,2019-03-18,4,0,2019-03
2358809,2019-03-25,4,0,2019-03
2358809,2019-04-01,6,10,2019-04
2358809,2019-04-08,3,0,2019-04
2359500,2019-03-11,3,0,2019-03
2359500,2019-03-18,7,10,2019-03
2359500,2019-03-25,6,10,2019-03
2359500,2019-04-01,3,0,2019-04
2359500,2019-04-08,6,10,2019-04
2359500,2019-04-15,4,0,2019-04
2359500,2019-04-22,3,0,2019-04
2359500,2019-04-29,2,0,2019-04
2365951,2019-03-11,1,0,2019-03
2365951,2019-03-18,3,0,2019-03
2365951,2019-03-25,7,10,2019-03
2365951,2019-04-01,4,0,2019-04
2365951,2019-04-08,2,0,2019-04
2366291,2019-04-15,1,0,2019-04
2366291,2019-04-22,1,0,2019-04
2366472,2019-03-11,1,0,2019-03
2366472,2019-03-18,1,0,2019-03
2366472,2019-03-25,1,0,2019-03
2366472,2019-04-01,1,0,2019-04
2366472,2019-04-08,1,0,2019-04
2366472,2019-04-15,2,0,2019-04
2366472,2019-04-22,3,0,2019-04
2366472,2019-04-29,1,0,2019-04
2366702,2019-03-11,2,0,2019-03
2366702,2019-03-18,1,0,2019-03
2366702,2019-03-25,5,10,2019-03
2366702,2019-04-01,1,0,2019-04
2366702,2019-04-08,5,10,2019-04
2366702,2019-04-15,1,0,2019-04
2366784,2019-03-11,1,0,2019-03
2366886,2019-03-11,2,0,2019-03
2366886,2019-03-18,5,10,2019-03
2366886,2019-03-25,5,10,2019-03
2367008,2019-03-11,3,0,2019-03
2367008,2019-03-18,4,0,2019-03
2367008,2019-03-25,6,10,2019-03
2367008,2019-04-01,7,10,2019-04
2367008,2019-04-08,6,10,2019-04
2367008,2019-04-15,7,10,2019-04
2367008,2019-04-22,7,10,2019-04
2367008,2019-04-29,2,0,2019-04
2367055,2019-03-11,1,0,2019-03
2367498,2019-03-11,2,0,2019-03
2367498,2019-03-18,5,10,2019-03
2367498,2019-03-25,6,10,2019-03
2367498,2019-04-01,1,0,2019-04
2367498,2019-04-15,3,0,2019-04
2367498,2019-04-22,5,10,2019-04
2367498,2019-04-29,2,0,2019-04
2367691,2019-03-11,2,0,2019-03
2367691,2019-03-25,3,0,2019-03
2367691,2019-04-01,7,10,2019-04
2367691,2019-04-08,6,10,2019-04
2367785,2019-03-18,2,0,2019-03
2368613,2019-03-18,2,0,2019-03
2368613,2019-03-25,6,10,2019-03
2368613,2019-04-01,4,0,2019-04
2368613,2019-04-08,6,10,2019-04
2368613,2019-04-15,5,10,2019-04
2368613,2019-04-22,4,0,2019-04
2368613,2019-04-29,2,0,2019-04
2368710,2019-03-11,3,0,2019-03
2368710,2019-03-18,2,0,2019-03
2368710,2019-03-25,1,0,2019-03
2368762,2019-03-11,3,0,2019-03
2368762,2019-03-18,3,0,2019-03
2368762,2019-03-25,4,0,2019-03
2368762,2019-04-01,3,0,2019-04
2368762,2019-04-08,3,0,2019-04
2368762,2019-04-22,5,10,2019-04
2368928,2019-03-11,2,0,2019-03
2369039,2019-03-11,2,0,2019-03
2369039,2019-03-18,1,0,2019-03
2369039,2019-03-25,2,0,2019-03
2369039,2019-04-01,7,10,2019-04
2374932,2019-03-11,2,0,2019-03
2375148,2019-03-11,3,0,2019-03
2375680,2019-03-18,3,0,2019-03
2375680,2019-03-25,3,0,2019-03
2375680,2019-04-01,6,10,2019-04
2375680,2019-04-08,4,0,2019-04
2375680,2019-04-15,2,0,2019-04
2375680,2019-04-22,4,0,2019-04
2375972,2019-03-11,3,0,2019-03
2375972,2019-03-18,4,0,2019-03
2375972,2019-03-25,5,10,2019-03
2375972,2019-04-01,5,10,2019-04
2375972,2019-04-08,5,10,2019-04
2375972,2019-04-15,4,0,2019-04
2376019,2019-03-11,3,0,2019-03
2376019,2019-03-18,5,10,2019-03
2376019,2019-04-01,4,0,2019-04
2376019,2019-04-08,3,0,2019-04
2376823,2019-03-11,2,0,2019-03
2376823,2019-03-25,1,0,2019-03
2376823,2019-04-01,4,0,2019-04
2376834,2019-03-11,1,0,2019-03
2376834,2019-03-18,3,0,2019-03
2377020,2019-03-11,1,0,2019-03
2377020,2019-03-18,4,0,2019-03
2377020,2019-03-25,5,10,2019-03
2377020,2019-04-01,2,0,2019-04
2377020,2019-04-15,1,0,2019-04
2377067,2019-03-11,3,0,2019-03
2377067,2019-03-18,2,0,2019-03
2377067,2019-04-01,4,0,2019-04
2377067,2019-04-08,3,0,2019-04
2377067,2019-04-15,1,0,2019-04
2377067,2019-04-22,1,0,2019-04
2377131,2019-03-11,2,0,2019-03
2377131,2019-03-18,1,0,2019-03
2377131,2019-03-25,2,0,2019-03
2377131,2019-04-01,4,0,2019-04
2377131,2019-04-08,7,10,2019-04
2377266,2019-03-11,1,0,2019-03
2377266,2019-03-18,5,10,2019-03
2377266,2019-03-25,2,0,2019-03
2377266,2019-04-01,4,0,2019-04
2377266,2019-04-08,3,0,2019-04
2377305,2019-03-18,2,0,2019-03
2377305,2019-03-25,1,0,2019-03
2377407,2019-03-18,1,0,2019-03
2377407,2019-03-25,2,0,2019-03
2377407,2019-04-01,7,10,2019-04
2377407,2019-04-08,4,0,2019-04
2377407,2019-04-15,2,0,2019-04
2377407,2019-04-22,5,10,2019-04
2377407,2019-04-29,1,0,2019-04
2377527,2019-03-18,7,10,2019-03
2377527,2019-03-25,6,10,2019-03
2377527,2019-04-01,5,10,2019-04
2377527,2019-04-08,5,10,2019-04
2377527,2019-04-15,6,10,2019-04
2377798,2019-03-25,4,0,2019-03
2378065,2019-03-11,2,0,2019-03
2385446,2019-03-11,1,0,2019-03
2385446,2019-03-18,4,0,2019-03
2385446,2019-03-25,6,10,2019-03
2385446,2019-04-01,7,10,2019-04
2385446,2019-04-08,7,10,2019-04
2385446,2019-04-15,7,10,2019-04
2385446,2019-04-22,1,0,2019-04
2385744,2019-03-25,1,0,2019-03
2385744,2019-04-01,1,0,2019-04
2385852,2019-03-18,5,10,2019-03
2385852,2019-03-25,2,0,2019-03
2385852,2019-04-01,7,10,2019-04
2385852,2019-04-08,5,10,2019-04
2385852,2019-04-15,2,0,2019-04
2386350,2019-03-11,1,0,2019-03
2386351,2019-03-11,1,0,2019-03
2386351,2019-03-18,6,10,2019-03
2386351,2019-03-25,7,10,2019-03
2386351,2019-04-01,3,0,2019-04
2386351,2019-04-08,1,0,2019-04
2386351,2019-04-15,7,10,2019-04
2386351,2019-04-22,7,10,2019-04
2386351,2019-04-29,2,0,2019-04
2386511,2019-03-18,2,0,2019-03
2386511,2019-03-25,5,10,2019-03
2386511,2019-04-29,2,0,2019-04
2387219,2019-03-18,3,0,2019-03
2387219,2019-03-25,5,10,2019-03
2387219,2019-04-01,6,10,2019-04
2387219,2019-04-08,3,0,2019-04
2387219,2019-04-15,1,0,2019-04
2387219,2019-04-22,5,10,2019-04
2387219,2019-04-29,2,0,2019-04
2387366,2019-03-18,3,0,2019-03
2387366,2019-03-25,1,0,2019-03
2387366,2019-04-01,5,10,2019-04
2387366,2019-04-08,5,10,2019-04
2387366,2019-04-15,5,10,2019-04
2387366,2019-04-22,5,10,2019-04
2387492,2019-03-11,1,0,2019-03
2387666,2019-03-18,1,0,2019-03
2394707,2019-03-18,1,0,2019-03
2394707,2019-04-01,5,10,2019-04
2394707,2019-04-08,1,0,2019-04
2394867,2019-04-15,3,0,2019-04
2394867,2019-04-22,2,0,2019-04
2395598,2019-03-18,1,0,2019-03
2395900,2019-03-25,1,0,2019-03
2396111,2019-03-18,6,10,2019-03
2396111,2019-03-25,7,10,2019-03
2396111,2019-04-01,5,10,2019-04
2396111,2019-04-08,2,0,2019-04
2396111,2019-04-15,3,0,2019-04
2396111,2019-04-22,5,10,2019-04
2396284,2019-03-18,2,0,2019-03
2397083,2019-03-18,1,0,2019-03
2397083,2019-04-08,1,0,2019-04
2397083,2019-04-15,2,0,2019-04
2397083,2019-04-22,1,0,2019-04
2417221,2019-03-18,5,10,2019-03
2417221,2019-03-25,5,10,2019-03
2417221,2019-04-01,5,10,2019-04
2417244,2019-03-18,2,0,2019-03
2417244,2019-03-25,7,10,2019-03
2417244,2019-04-01,7,10,2019-04
2417244,2019-04-08,2,0,2019-04
2417476,2019-03-18,2,0,2019-03
2417476,2019-03-25,2,0,2019-03
2417476,2019-04-01,1,0,2019-04
2417476,2019-04-08,2,0,2019-04
2417476,2019-04-15,2,0,2019-04
2417655,2019-03-18,5,10,2019-03
2417655,2019-03-25,4,0,2019-03
2417655,2019-04-01,3,0,2019-04
2417655,2019-04-08,7,10,2019-04
2417655,2019-04-15,6,10,2019-04
2417655,2019-04-22,1,0,2019-04
2417796,2019-03-18,5,10,2019-03
2417796,2019-03-25,6,10,2019-03
2417796,2019-04-01,5,10,2019-04
2417796,2019-04-08,1,0,2019-04
2417808,2019-03-18,3,0,2019-03
2417808,2019-03-25,6,10,2019-03
2417808,2019-04-01,4,0,2019-04
2417808,2019-04-08,6,10,2019-04
2417808,2019-04-15,3,0,2019-04
2417808,2019-04-22,5,10,2019-04
2417808,2019-04-29,2,0,2019-04
2417827,2019-03-18,3,0,2019-03
2417827,2019-03-25,6,10,2019-03
2417827,2019-04-01,4,0,2019-04
2417868,2019-03-25,4,0,2019-03
2417868,2019-04-01,1,0,2019-04
2418173,2019-03-18,3,0,2019-03
2418173,2019-03-25,7,10,2019-03
2418173,2019-04-01,5,10,2019-04
2418173,2019-04-08,2,0,2019-04
2418173,2019-04-15,1,0,2019-04
2418209,2019-03-25,4,0,2019-03
2418209,2019-04-01,6,10,2019-04
2418209,2019-04-08,5,10,2019-04
2418209,2019-04-15,7,10,2019-04
2418209,2019-04-22,7,10,2019-04
2418209,2019-04-29,2,0,2019-04
2418415,2019-03-18,1,0,2019-03
2418415,2019-03-25,2,0,2019-03
2418582,2019-03-25,3,0,2019-03
2418582,2019-04-01,6,10,2019-04
2418582,2019-04-08,7,10,2019-04
2418582,2019-04-15,3,0,2019-04
2418582,2019-04-22,3,0,2019-04
2418669,2019-03-18,2,0,2019-03
2418701,2019-03-25,5,10,2019-03
2418701,2019-04-01,7,10,2019-04
2418701,2019-04-08,7,10,2019-04
2418701,2019-04-15,7,10,2019-04
2418701,2019-04-22,7,10,2019-04
2418701,2019-04-29,1,0,2019-04
2418758,2019-03-18,1,0,2019-03
2418758,2019-03-25,2,0,2019-03
2418758,2019-04-01,4,0,2019-04
2418817,2019-04-15,5,10,2019-04
2418817,2019-04-22,1,0,2019-04
2419121,2019-03-18,2,0,2019-03
2419121,2019-03-25,7,10,2019-03
2419121,2019-04-01,7,10,2019-04
2419121,2019-04-08,7,10,2019-04
2419121,2019-04-15,7,10,2019-04
2419121,2019-04-22,7,10,2019-04
2419121,2019-04-29,2,0,2019-04
2419174,2019-03-18,1,0,2019-03
2419683,2019-03-18,2,0,2019-03
2419683,2019-03-25,3,0,2019-03
2419806,2019-03-18,4,0,2019-03
2419806,2019-03-25,5,10,2019-03
2419806,2019-04-01,6,10,2019-04
2419806,2019-04-08,6,10,2019-04
2419806,2019-04-15,7,10,2019-04
2419806,2019-04-22,7,10,2019-04
2419806,2019-04-29,2,0,2019-04
2426630,2019-03-18,2,0,2019-03
2426630,2019-03-25,3,0,2019-03
2426630,2019-04-01,3,0,2019-04
2426630,2019-04-15,2,0,2019-04
2426856,2019-03-18,1,0,2019-03
2426856,2019-03-25,1,0,2019-03
2426856,2019-04-01,5,10,2019-04
2426856,2019-04-15,1,0,2019-04
2426983,2019-03-18,3,0,2019-03
2426983,2019-03-25,4,0,2019-03
2426983,2019-04-01,6,10,2019-04
2426983,2019-04-08,6,10,2019-04
2426983,2019-04-15,7,10,2019-04
2426983,2019-04-22,5,10,2019-04
2426983,2019-04-29,1,0,2019-04
2427167,2019-04-22,1,0,2019-04
2427167,2019-04-29,1,0,2019-04
2427750,2019-03-18,3,0,2019-03
2427750,2019-03-25,5,10,2019-03
2427750,2019-04-01,3,0,2019-04
2427750,2019-04-08,1,0,2019-04
2427750,2019-04-15,1,0,2019-04
2427750,2019-04-22,2,0,2019-04
2427750,2019-04-29,2,0,2019-04
2427751,2019-04-29,1,0,2019-04
2428076,2019-03-18,1,0,2019-03
2428076,2019-03-25,4,0,2019-03
2428076,2019-04-01,2,0,2019-04
2428076,2019-04-08,4,0,2019-04
2428076,2019-04-15,5,10,2019-04
2428076,2019-04-22,5,10,2019-04
2428076,2019-04-29,1,0,2019-04
2428471,2019-03-18,1,0,2019-03
2428511,2019-03-25,6,10,2019-03
2428511,2019-04-01,1,0,2019-04
2428511,2019-04-15,3,0,2019-04
2428511,2019-04-22,7,10,2019-04
2428511,2019-04-29,1,0,2019-04
2428965,2019-03-25,5,10,2019-03
2428965,2019-04-01,6,10,2019-04
2436850,2019-03-18,2,0,2019-03
2436850,2019-03-25,4,0,2019-03
2436850,2019-04-01,6,10,2019-04
2436850,2019-04-08,2,0,2019-04
2436850,2019-04-15,4,0,2019-04
2436850,2019-04-22,6,10,2019-04
2436850,2019-04-29,1,0,2019-04
2437034,2019-03-25,4,0,2019-03
2437034,2019-04-01,4,0,2019-04
2437034,2019-04-08,4,0,2019-04
2437034,2019-04-15,5,10,2019-04
2437034,2019-04-22,5,10,2019-04
2437034,2019-04-29,2,0,2019-04
2454053,2019-03-25,1,0,2019-03
2454053,2019-04-01,4,0,2019-04
2454053,2019-04-08,5,10,2019-04
2454053,2019-04-15,3,0,2019-04
2454232,2019-03-18,2,0,2019-03
2454232,2019-03-25,7,10,2019-03
2454232,2019-04-01,4,0,2019-04
2454657,2019-03-25,1,0,2019-03
2454657,2019-04-01,1,0,2019-04
2454657,2019-04-08,1,0,2019-04
2454657,2019-04-15,1,0,2019-04
2454680,2019-04-01,3,0,2019-04
2454844,2019-03-25,3,0,2019-03
2454844,2019-04-01,7,10,2019-04
2454844,2019-04-08,7,10,2019-04
2454844,2019-04-15,7,10,2019-04
2454844,2019-04-22,7,10,2019-04
2454844,2019-04-29,2,0,2019-04
2454973,2019-03-18,2,0,2019-03
2454973,2019-03-25,6,10,2019-03
2454973,2019-04-01,6,10,2019-04
2454973,2019-04-08,2,0,2019-04
2454973,2019-04-22,4,0,2019-04
2454973,2019-04-29,1,0,2019-04
2454978,2019-03-25,3,0,2019-03
2454978,2019-04-01,2,0,2019-04
2454978,2019-04-08,3,0,2019-04
2454978,2019-04-22,2,0,2019-04
2455105,2019-03-25,1,0,2019-03
2455105,2019-04-01,4,0,2019-04
2455105,2019-04-08,2,0,2019-04
2455105,2019-04-15,3,0,2019-04
2455105,2019-04-22,4,0,2019-04
2455105,2019-04-29,2,0,2019-04
2462834,2019-03-25,2,0,2019-03
2462834,2019-04-01,3,0,2019-04
2462834,2019-04-08,2,0,2019-04
2462834,2019-04-15,5,10,2019-04
2462834,2019-04-22,6,10,2019-04
2462834,2019-04-29,1,0,2019-04
2479699,2019-03-25,2,0,2019-03
2479699,2019-04-08,1,0,2019-04
2479715,2019-03-25,6,10,2019-03
2479715,2019-04-01,3,0,2019-04
2479715,2019-04-15,2,0,2019-04
2479715,2019-04-22,7,10,2019-04
2479715,2019-04-29,2,0,2019-04
2479732,2019-03-25,6,10,2019-03
2479732,2019-04-01,2,0,2019-04
2479732,2019-04-08,6,10,2019-04
2479732,2019-04-15,6,10,2019-04
2479732,2019-04-22,4,0,2019-04
2479746,2019-03-25,2,0,2019-03
2479746,2019-04-08,2,0,2019-04
2479746,2019-04-22,2,0,2019-04
2479746,2019-04-29,2,0,2019-04
2479786,2019-03-25,2,0,2019-03
2479786,2019-04-01,1,0,2019-04
2479808,2019-03-25,1,0,2019-03
2479808,2019-04-01,2,0,2019-04
2479823,2019-04-15,1,0,2019-04
2479823,2019-04-22,1,0,2019-04
2479823,2019-04-29,1,0,2019-04
2479832,2019-03-25,3,0,2019-03
2479832,2019-04-08,5,10,2019-04
2479832,2019-04-15,7,10,2019-04
2479832,2019-04-22,6,10,2019-04
2479832,2019-04-29,1,0,2019-04
2479878,2019-03-25,5,10,2019-03
2479878,2019-04-01,4,0,2019-04
2479878,2019-04-08,6,10,2019-04
2479878,2019-04-15,4,0,2019-04
2479878,2019-04-22,2,0,2019-04
2480287,2019-03-25,3,0,2019-03
2480287,2019-04-01,2,0,2019-04
2480287,2019-04-08,2,0,2019-04
2480287,2019-04-22,2,0,2019-04
2480297,2019-03-25,2,0,2019-03
2481173,2019-03-25,5,10,2019-03
2481173,2019-04-01,6,10,2019-04
2481173,2019-04-08,6,10,2019-04
2482384,2019-04-01,1,0,2019-04
2482384,2019-04-08,2,0,2019-04
2482384,2019-04-22,2,0,2019-04
2482417,2019-03-25,1,0,2019-03
2487121,2019-04-01,3,0,2019-04
2487239,2019-04-01,3,0,2019-04
2487239,2019-04-08,5,10,2019-04
2487239,2019-04-15,4,0,2019-04
2487311,2019-03-25,2,0,2019-03
2487311,2019-04-01,7,10,2019-04
2487311,2019-04-08,1,0,2019-04
2487311,2019-04-15,2,0,2019-04
2487484,2019-04-01,2,0,2019-04
2487484,2019-04-15,2,0,2019-04
2487484,2019-04-22,1,0,2019-04
2487499,2019-03-25,5,10,2019-03
2487499,2019-04-01,4,0,2019-04
2487499,2019-04-22,3,0,2019-04
2487499,2019-04-29,1,0,2019-04
2487602,2019-03-25,4,0,2019-03
2487602,2019-04-01,7,10,2019-04
2487602,2019-04-08,4,0,2019-04
2487602,2019-04-15,7,10,2019-04
2487602,2019-04-22,6,10,2019-04
2487728,2019-03-25,1,0,2019-03
2488079,2019-03-25,3,0,2019-03
2488089,2019-03-25,1,0,2019-03
2488089,2019-04-01,2,0,2019-04
2488089,2019-04-08,4,0,2019-04
2488089,2019-04-15,5,10,2019-04
2488089,2019-04-22,5,10,2019-04
2488089,2019-04-29,1,0,2019-04
2488154,2019-03-25,3,0,2019-03
2488154,2019-04-01,3,0,2019-04
2488154,2019-04-08,3,0,2019-04
2488154,2019-04-22,3,0,2019-04
2488154,2019-04-29,2,0,2019-04
2494938,2019-04-01,5,10,2019-04
2494938,2019-04-08,5,10,2019-04
2494938,2019-04-15,5,10,2019-04
2494938,2019-04-22,7,10,2019-04
2495308,2019-03-25,4,0,2019-03
2495308,2019-04-01,5,10,2019-04
2495308,2019-04-15,2,0,2019-04
2495308,2019-04-22,1,0,2019-04
2495475,2019-03-25,1,0,2019-03
2495475,2019-04-01,6,10,2019-04
2495475,2019-04-08,1,0,2019-04
2495568,2019-04-22,1,0,2019-04
2495568,2019-04-29,1,0,2019-04
2495596,2019-03-25,2,0,2019-03
2495596,2019-04-01,3,0,2019-04
2495596,2019-04-08,5,10,2019-04
2495596,2019-04-15,2,0,2019-04
2495596,2019-04-22,5,10,2019-04
2495596,2019-04-29,2,0,2019-04
2495618,2019-03-25,1,0,2019-03
2495618,2019-04-22,4,0,2019-04
2495618,2019-04-29,2,0,2019-04
2495675,2019-04-01,4,0,2019-04
2495675,2019-04-08,3,0,2019-04
2495675,2019-04-15,4,0,2019-04
2495675,2019-04-22,1,0,2019-04
2495675,2019-04-29,1,0,2019-04
2495686,2019-03-25,3,0,2019-03
2495686,2019-04-01,6,10,2019-04
2495686,2019-04-08,6,10,2019-04
2495686,2019-04-15,7,10,2019-04
2495686,2019-04-22,6,10,2019-04
2495686,2019-04-29,1,0,2019-04
2495861,2019-04-01,3,0,2019-04
2495861,2019-04-08,3,0,2019-04
2495861,2019-04-15,3,0,2019-04
2495879,2019-03-25,1,0,2019-03
2495879,2019-04-22,3,0,2019-04
2495904,2019-03-25,1,0,2019-03
2495935,2019-03-25,3,0,2019-03
2495935,2019-04-01,3,0,2019-04
2496701,2019-03-25,1,0,2019-03
2496701,2019-04-01,7,10,2019-04
2496769,2019-03-25,1,0,2019-03
2496769,2019-04-01,6,10,2019-04
2496769,2019-04-08,2,0,2019-04
2496784,2019-04-01,5,10,2019-04
2496784,2019-04-08,5,10,2019-04
2496784,2019-04-15,3,0,2019-04
2496784,2019-04-22,5,10,2019-04
2496784,2019-04-29,1,0,2019-04
2497129,2019-03-25,2,0,2019-03
2497129,2019-04-01,1,0,2019-04
2497129,2019-04-29,1,0,2019-04
2497176,2019-04-01,7,10,2019-04
2497176,2019-04-08,4,0,2019-04
2497176,2019-04-15,4,0,2019-04
2497176,2019-04-22,2,0,2019-04
2497176,2019-04-29,1,0,2019-04
2497573,2019-03-25,2,0,2019-03
2497573,2019-04-01,6,10,2019-04
2497573,2019-04-08,3,0,2019-04
2502014,2019-04-01,1,0,2019-04
2502281,2019-03-25,2,0,2019-03
2502281,2019-04-01,2,0,2019-04
2502281,2019-04-08,2,0,2019-04
2502412,2019-03-25,3,0,2019-03
2502412,2019-04-01,4,0,2019-04
2502412,2019-04-08,5,10,2019-04
2502412,2019-04-15,5,10,2019-04
2502412,2019-04-22,3,0,2019-04
2502467,2019-04-01,2,0,2019-04
2502467,2019-04-08,4,0,2019-04
2502551,2019-04-01,5,10,2019-04
2502551,2019-04-08,2,0,2019-04
2502551,2019-04-15,4,0,2019-04
2502551,2019-04-22,1,0,2019-04
2502551,2019-04-29,2,0,2019-04
2502824,2019-03-25,3,0,2019-03
2502824,2019-04-01,2,0,2019-04
2502929,2019-03-25,2,0,2019-03
2502929,2019-04-01,5,10,2019-04
2502929,2019-04-08,7,10,2019-04
2502929,2019-04-15,5,10,2019-04
2502929,2019-04-29,1,0,2019-04
2503222,2019-03-25,1,0,2019-03
2503222,2019-04-01,1,0,2019-04
2503306,2019-03-25,2,0,2019-03
2503306,2019-04-22,1,0,2019-04
2503334,2019-04-22,2,0,2019-04
2503334,2019-04-29,2,0,2019-04
2503429,2019-04-01,3,0,2019-04
2503524,2019-04-22,7,10,2019-04
2503524,2019-04-29,2,0,2019-04
2504348,2019-04-01,1,0,2019-04
2504348,2019-04-15,1,0,2019-04
2504348,2019-04-22,1,0,2019-04
2504380,2019-04-01,1,0,2019-04
2504380,2019-04-08,1,0,2019-04
2508701,2019-03-25,1,0,2019-03
2508701,2019-04-01,5,10,2019-04
2508701,2019-04-08,6,10,2019-04
2508701,2019-04-15,6,10,2019-04
2508701,2019-04-22,1,0,2019-04
2508853,2019-04-08,1,0,2019-04
2509511,2019-04-01,3,0,2019-04
2509664,2019-04-01,1,0,2019-04
2509864,2019-04-01,6,10,2019-04
2509864,2019-04-08,6,10,2019-04
2509864,2019-04-15,5,10,2019-04
2510109,2019-04-15,6,10,2019-04
2510109,2019-04-22,2,0,2019-04
2510109,2019-04-29,1,0,2019-04
2510229,2019-03-25,1,0,2019-03
2510229,2019-04-01,4,0,2019-04
2510229,2019-04-08,2,0,2019-04
2510229,2019-04-15,2,0,2019-04
2510316,2019-03-25,1,0,2019-03
2510320,2019-04-22,1,0,2019-04
2510381,2019-04-01,3,0,2019-04
2510381,2019-04-08,5,10,2019-04
2510381,2019-04-15,1,0,2019-04
2510381,2019-04-22,2,0,2019-04
2510547,2019-04-01,2,0,2019-04
2510547,2019-04-08,3,0,2019-04
2515669,2019-04-01,1,0,2019-04
2515873,2019-03-25,1,0,2019-03
2515873,2019-04-01,7,10,2019-04
2515873,2019-04-08,7,10,2019-04
2515873,2019-04-15,1,0,2019-04
2515873,2019-04-22,1,0,2019-04
2516638,2019-04-01,4,0,2019-04
2516638,2019-04-08,1,0,2019-04
2516638,2019-04-22,4,0,2019-04
2516638,2019-04-29,1,0,2019-04
2516990,2019-04-01,7,10,2019-04
2516990,2019-04-08,2,0,2019-04
2516990,2019-04-15,4,0,2019-04
2516990,2019-04-22,7,10,2019-04
2516990,2019-04-29,2,0,2019-04
2517009,2019-04-01,5,10,2019-04
2517009,2019-04-08,3,0,2019-04
2517009,2019-04-15,1,0,2019-04
2517009,2019-04-29,1,0,2019-04
2517070,2019-04-01,1,0,2019-04
2517070,2019-04-15,2,0,2019-04
2517217,2019-03-25,1,0,2019-03
2517217,2019-04-01,7,10,2019-04
2517217,2019-04-08,7,10,2019-04
2517217,2019-04-15,2,0,2019-04
2517267,2019-04-01,2,0,2019-04
2517267,2019-04-08,1,0,2019-04
2517267,2019-04-22,2,0,2019-04
2517267,2019-04-29,1,0,2019-04
2517468,2019-03-25,1,0,2019-03
2517468,2019-04-01,4,0,2019-04
2517652,2019-04-01,4,0,2019-04
2517652,2019-04-08,6,10,2019-04
2517652,2019-04-15,4,0,2019-04
2517652,2019-04-22,5,10,2019-04
2517652,2019-04-29,2,0,2019-04
2517787,2019-04-15,6,10,2019-04
2517787,2019-04-22,2,0,2019-04
2517887,2019-04-01,1,0,2019-04
2517887,2019-04-08,5,10,2019-04
2517887,2019-04-15,3,0,2019-04
2517976,2019-03-25,1,0,2019-03
2517976,2019-04-01,6,10,2019-04
2517976,2019-04-08,2,0,2019-04
2518044,2019-04-01,2,0,2019-04
2518044,2019-04-08,1,0,2019-04
2518153,2019-04-01,4,0,2019-04
2518394,2019-04-22,3,0,2019-04
2518394,2019-04-29,1,0,2019-04
2522265,2019-04-01,1,0,2019-04
2522380,2019-04-15,1,0,2019-04
2523191,2019-04-01,1,0,2019-04
2523191,2019-04-08,3,0,2019-04
2523191,2019-04-15,1,0,2019-04
2523191,2019-04-22,2,0,2019-04
2523888,2019-04-08,5,10,2019-04
2523888,2019-04-15,6,10,2019-04
2523888,2019-04-22,7,10,2019-04
2523888,2019-04-29,2,0,2019-04
2530360,2019-04-08,1,0,2019-04
2530388,2019-04-08,1,0,2019-04
2530439,2019-04-01,6,10,2019-04
2530439,2019-04-08,4,0,2019-04
2530439,2019-04-15,5,10,2019-04
2530439,2019-04-22,7,10,2019-04
2530439,2019-04-29,1,0,2019-04
2530735,2019-04-01,5,10,2019-04
2531093,2019-04-01,1,0,2019-04
2531429,2019-04-08,3,0,2019-04
2531429,2019-04-15,1,0,2019-04
2531429,2019-04-22,1,0,2019-04
2531996,2019-04-08,3,0,2019-04
2531996,2019-04-15,1,0,2019-04
2531996,2019-04-22,6,10,2019-04
2531996,2019-04-29,1,0,2019-04
2537412,2019-04-01,4,0,2019-04
2537412,2019-04-08,6,10,2019-04
2537412,2019-04-15,1,0,2019-04
2537412,2019-04-22,7,10,2019-04
2537412,2019-04-29,2,0,2019-04
2537631,2019-04-01,4,0,2019-04
2537631,2019-04-08,6,10,2019-04
2537631,2019-04-15,3,0,2019-04
2537631,2019-04-22,4,0,2019-04
2537631,2019-04-29,1,0,2019-04
2538776,2019-04-01,5,10,2019-04
2538776,2019-04-08,7,10,2019-04
2538776,2019-04-15,2,0,2019-04
2538921,2019-04-08,1,0,2019-04
2538921,2019-04-15,3,0,2019-04
2538921,2019-04-22,3,0,2019-04
2538989,2019-04-22,1,0,2019-04
2539293,2019-04-01,1,0,2019-04
2539365,2019-04-08,3,0,2019-04
2539415,2019-04-29,1,0,2019-04
2544797,2019-04-15,4,0,2019-04
2544797,2019-04-22,6,10,2019-04
2544797,2019-04-29,1,0,2019-04
2544915,2019-04-01,4,0,2019-04
2544915,2019-04-08,7,10,2019-04
2544915,2019-04-15,4,0,2019-04
2544915,2019-04-22,5,10,2019-04
2545509,2019-04-08,5,10,2019-04
2545509,2019-04-15,7,10,2019-04
2545509,2019-04-22,7,10,2019-04
2545509,2019-04-29,2,0,2019-04
2545901,2019-04-01,3,0,2019-04
2545901,2019-04-08,3,0,2019-04
2545901,2019-04-22,3,0,2019-04
2545901,2019-04-29,1,0,2019-04
2546134,2019-04-01,1,0,2019-04
2550459,2019-04-01,3,0,2019-04
2550459,2019-04-08,7,10,2019-04
2550459,2019-04-15,7,10,2019-04
2550459,2019-04-22,5,10,2019-04
2550733,2019-04-08,3,0,2019-04
2550733,2019-04-15,1,0,2019-04
2550974,2019-04-08,2,0,2019-04
2550974,2019-04-15,1,0,2019-04
2550974,2019-04-22,1,0,2019-04
2551776,2019-04-15,4,0,2019-04
2551776,2019-04-29,1,0,2019-04
2551859,2019-04-08,2,0,2019-04
2551859,2019-04-15,6,10,2019-04
2551859,2019-04-22,6,10,2019-04
2551859,2019-04-29,2,0,2019-04
2551861,2019-04-22,2,0,2019-04
2552003,2019-04-01,2,0,2019-04
2552003,2019-04-08,4,0,2019-04
2552003,2019-04-22,6,10,2019-04
2552003,2019-04-29,2,0,2019-04
2552632,2019-04-08,2,0,2019-04
2552632,2019-04-15,1,0,2019-04
2552737,2019-04-08,1,0,2019-04
2552737,2019-04-15,2,0,2019-04
2552737,2019-04-22,7,10,2019-04
2552737,2019-04-29,1,0,2019-04
2558336,2019-04-08,1,0,2019-04
2558336,2019-04-15,2,0,2019-04
2558336,2019-04-22,1,0,2019-04
2558440,2019-04-01,2,0,2019-04
2558440,2019-04-08,1,0,2019-04
2558461,2019-04-01,1,0,2019-04
2558461,2019-04-08,7,10,2019-04
2558461,2019-04-15,3,0,2019-04
2558461,2019-04-22,7,10,2019-04
2558461,2019-04-29,2,0,2019-04
2558631,2019-04-08,5,10,2019-04
2558631,2019-04-15,6,10,2019-04
2558631,2019-04-22,5,10,2019-04
2558631,2019-04-29,1,0,2019-04
2559033,2019-04-15,3,0,2019-04
2559033,2019-04-22,1,0,2019-04
2559033,2019-04-29,2,0,2019-04
2560246,2019-04-08,1,0,2019-04
2560246,2019-04-22,2,0,2019-04
2565225,2019-04-08,2,0,2019-04
2565225,2019-04-15,7,10,2019-04
2565225,2019-04-22,7,10,2019-04
2565225,2019-04-29,1,0,2019-04
2565397,2019-04-08,3,0,2019-04
2565397,2019-04-15,4,0,2019-04
2565397,2019-04-22,4,0,2019-04
2565397,2019-04-29,1,0,2019-04
2565525,2019-04-08,5,10,2019-04
2565525,2019-04-15,5,10,2019-04
2565525,2019-04-22,7,10,2019-04
2566538,2019-04-15,1,0,2019-04
2566538,2019-04-22,2,0,2019-04
2566918,2019-04-22,3,0,2019-04
2566918,2019-04-29,1,0,2019-04
2567430,2019-04-08,3,0,2019-04
2567430,2019-04-15,7,10,2019-04
2567430,2019-04-22,7,10,2019-04
2567430,2019-04-29,2,0,2019-04
2580999,2019-04-08,1,0,2019-04
2581439,2019-04-08,3,0,2019-04
2581439,2019-04-15,1,0,2019-04
2581439,2019-04-29,1,0,2019-04
2581924,2019-04-08,2,0,2019-04
2581924,2019-04-15,5,10,2019-04
2581924,2019-04-22,5,10,2019-04
2582182,2019-04-08,2,0,2019-04
2582182,2019-04-15,7,10,2019-04
2582182,2019-04-22,5,10,2019-04
2582290,2019-04-15,4,0,2019-04
2582290,2019-04-22,2,0,2019-04
2582290,2019-04-29,1,0,2019-04
2582449,2019-04-08,2,0,2019-04
2582449,2019-04-15,7,10,2019-04
2582449,2019-04-22,4,0,2019-04
2582485,2019-04-08,3,0,2019-04
2582485,2019-04-15,1,0,2019-04
2582485,2019-04-22,4,0,2019-04
2582485,2019-04-29,2,0,2019-04
2582574,2019-04-08,1,0,2019-04
2582610,2019-04-08,2,0,2019-04
2582610,2019-04-15,1,0,2019-04
2582610,2019-04-22,5,10,2019-04
2582610,2019-04-29,1,0,2019-04
2582625,2019-04-08,5,10,2019-04
2582625,2019-04-15,1,0,2019-04
2582737,2019-04-08,1,0,2019-04
2582776,2019-04-08,1,0,2019-04
2582776,2019-04-15,7,10,2019-04
2582776,2019-04-22,6,10,2019-04
2582776,2019-04-29,2,0,2019-04
2582889,2019-04-08,1,0,2019-04
2582889,2019-04-15,1,0,2019-04
2582889,2019-04-22,3,0,2019-04
2582934,2019-04-08,2,0,2019-04
2582934,2019-04-15,4,0,2019-04
2582934,2019-04-22,7,10,2019-04
2582934,2019-04-29,1,0,2019-04
2582982,2019-04-08,1,0,2019-04
2582982,2019-04-15,1,0,2019-04
2588659,2019-04-08,1,0,2019-04
2588659,2019-04-15,1,0,2019-04
2588659,2019-04-22,2,0,2019-04
2588683,2019-04-08,5,10,2019-04
2588683,2019-04-15,7,10,2019-04
2588683,2019-04-22,7,10,2019-04
2588683,2019-04-29,1,0,2019-04
2588961,2019-04-08,1,0,2019-04
2588961,2019-04-22,2,0,2019-04
2589945,2019-04-08,3,0,2019-04
2589945,2019-04-15,6,10,2019-04
2589945,2019-04-22,2,0,2019-04
2589945,2019-04-29,1,0,2019-04
2595920,2019-04-08,2,0,2019-04
2595920,2019-04-15,2,0,2019-04
2595920,2019-04-22,2,0,2019-04
2595982,2019-04-15,4,0,2019-04
2595982,2019-04-22,2,0,2019-04
2595982,2019-04-29,2,0,2019-04
2596512,2019-04-08,1,0,2019-04
2596512,2019-04-15,3,0,2019-04
2596512,2019-04-22,5,10,2019-04
2596610,2019-04-08,2,0,2019-04
2596721,2019-04-08,1,0,2019-04
2596721,2019-04-15,4,0,2019-04
2596823,2019-04-08,4,0,2019-04
2596823,2019-04-15,7,10,2019-04
2596823,2019-04-22,6,10,2019-04
2598087,2019-04-15,1,0,2019-04
2603770,2019-04-08,2,0,2019-04
2603770,2019-04-15,4,0,2019-04
2603770,2019-04-22,7,10,2019-04
2603770,2019-04-29,1,0,2019-04
2603885,2019-04-15,4,0,2019-04
2603885,2019-04-22,4,0,2019-04
2603885,2019-04-29,2,0,2019-04
2604063,2019-04-22,4,0,2019-04
2604063,2019-04-29,2,0,2019-04
2604140,2019-04-08,3,0,2019-04
2604140,2019-04-15,6,10,2019-04
2604140,2019-04-22,6,10,2019-04
2605233,2019-04-22,3,0,2019-04
2605233,2019-04-29,2,0,2019-04
2610630,2019-04-15,1,0,2019-04
2610761,2019-04-08,2,0,2019-04
2610761,2019-04-15,7,10,2019-04
2610761,2019-04-22,5,10,2019-04
2610848,2019-04-15,2,0,2019-04
2610996,2019-04-29,1,0,2019-04
2611017,2019-04-15,1,0,2019-04
2611686,2019-04-29,1,0,2019-04
2612259,2019-04-22,4,0,2019-04
2612259,2019-04-29,2,0,2019-04
2612577,2019-04-15,1,0,2019-04
2612577,2019-04-22,3,0,2019-04
2612577,2019-04-29,1,0,2019-04
2612656,2019-04-15,4,0,2019-04
2612656,2019-04-22,7,10,2019-04
2612656,2019-04-29,2,0,2019-04
2617957,2019-04-15,5,10,2019-04
2617957,2019-04-22,4,0,2019-04
2635054,2019-04-29,1,0,2019-04
2635086,2019-04-15,1,0,2019-04
2635086,2019-04-22,3,0,2019-04
2635256,2019-04-15,5,10,2019-04
2635256,2019-04-22,6,10,2019-04
2635256,2019-04-29,2,0,2019-04
2635353,2019-04-15,4,0,2019-04
2635353,2019-04-22,5,10,2019-04
2635476,2019-04-22,6,10,2019-04
2635619,2019-04-15,1,0,2019-04
2635768,2019-04-15,5,10,2019-04
2635768,2019-04-22,4,0,2019-04
2635768,2019-04-29,2,0,2019-04
2635900,2019-04-15,2,0,2019-04
2635900,2019-04-22,6,10,2019-04
2635900,2019-04-29,2,0,2019-04
2636080,2019-04-22,1,0,2019-04
2641567,2019-04-15,1,0,2019-04
2641749,2019-04-15,3,0,2019-04
2641749,2019-04-22,6,10,2019-04
2641749,2019-04-29,1,0,2019-04
2642123,2019-04-15,1,0,2019-04
2642123,2019-04-22,5,10,2019-04
2642123,2019-04-29,1,0,2019-04
2642322,2019-04-15,4,0,2019-04
2642322,2019-04-22,2,0,2019-04
2642508,2019-04-15,2,0,2019-04
2642508,2019-04-22,5,10,2019-04
2642585,2019-04-22,2,0,2019-04
2642610,2019-04-15,1,0,2019-04
2642610,2019-04-22,6,10,2019-04
2642762,2019-04-22,6,10,2019-04
2642762,2019-04-29,2,0,2019-04
2642774,2019-04-22,3,0,2019-04
2642774,2019-04-29,2,0,2019-04
2642788,2019-04-15,1,0,2019-04
2642788,2019-04-22,5,10,2019-04
2642839,2019-04-15,1,0,2019-04
2642839,2019-04-29,1,0,2019-04
2642914,2019-04-15,4,0,2019-04
2642914,2019-04-22,4,0,2019-04
2642914,2019-04-29,1,0,2019-04
2642994,2019-04-15,4,0,2019-04
2642994,2019-04-22,3,0,2019-04
2643072,2019-04-22,3,0,2019-04
2644048,2019-04-15,5,10,2019-04
2644048,2019-04-22,7,10,2019-04
2644048,2019-04-29,2,0,2019-04
2647057,2019-04-15,1,0,2019-04
2647058,2019-04-15,1,0,2019-04
2647060,2019-04-15,1,0,2019-04
2647062,2019-04-15,1,0,2019-04
2647063,2019-04-15,1,0,2019-04
2650559,2019-04-15,3,0,2019-04
2650758,2019-04-15,2,0,2019-04
2650758,2019-04-22,3,0,2019-04
2650758,2019-04-29,2,0,2019-04
2651049,2019-04-15,1,0,2019-04
2651049,2019-04-22,1,0,2019-04
2651237,2019-04-15,2,0,2019-04
2651237,2019-04-22,3,0,2019-04
2651374,2019-04-15,1,0,2019-04
2651374,2019-04-22,3,0,2019-04
2651720,2019-04-15,3,0,2019-04
2651720,2019-04-22,7,10,2019-04
2651720,2019-04-29,1,0,2019-04
2651810,2019-04-22,5,10,2019-04
2658038,2019-04-15,1,0,2019-04
2658038,2019-04-22,2,0,2019-04
2659130,2019-04-22,3,0,2019-04
2659197,2019-04-15,3,0,2019-04
2659197,2019-04-22,5,10,2019-04
2659197,2019-04-29,1,0,2019-04
2667234,2019-04-22,3,0,2019-04
2667234,2019-04-29,2,0,2019-04
2674256,2019-04-22,5,10,2019-04
2674256,2019-04-29,2,0,2019-04
2690676,2019-04-22,5,10,2019-04
2690886,2019-04-22,6,10,2019-04
2690886,2019-04-29,2,0,2019-04
2690991,2019-04-22,6,10,2019-04
2690991,2019-04-29,2,0,2019-04
2691047,2019-04-22,1,0,2019-04
2691142,2019-04-22,5,10,2019-04
2691756,2019-04-22,3,0,2019-04
2692365,2019-04-22,1,0,2019-04
2699517,2019-04-22,3,0,2019-04
2699517,2019-04-29,2,0,2019-04
2699647,2019-04-22,5,10,2019-04
2699797,2019-04-22,3,0,2019-04
2699797,2019-04-29,1,0,2019-04
2700281,2019-04-22,3,0,2019-04
2700281,2019-04-29,1,0,2019-04
2700655,2019-04-22,5,10,2019-04
2700655,2019-04-29,2,0,2019-04
2701195,2019-04-22,4,0,2019-04
2701195,2019-04-29,1,0,2019-04
2709389,2019-04-22,3,0,2019-04
2709389,2019-04-29,1,0,2019-04
2709944,2019-04-22,2,0,2019-04
2710182,2019-04-22,4,0,2019-04
2717349,2019-04-22,1,0,2019-04
2717349,2019-04-29,1,0,2019-04
2718589,2019-04-22,3,0,2019-04
2718589,2019-04-29,2,0,2019-04
2719580,2019-04-22,2,0,2019-04
2719580,2019-04-29,2,0,2019-04
2719860,2019-04-22,2,0,2019-04
2719860,2019-04-29,1,0,2019-04
2720161,2019-04-29,2,0,2019-04
2726973,2019-04-22,1,0,2019-04
2727710,2019-04-22,2,0,2019-04
2727885,2019-04-22,1,0,2019-04
2727885,2019-04-29,1,0,2019-04
2738765,2019-04-29,2,0,2019-04
2739020,2019-04-29,2,0,2019-04
2739509,2019-04-29,1,0,2019-04
2739561,2019-04-29,1,0,2019-04
2760126,2019-04-29,1,0,2019-04
2760378,2019-04-29,1,0,2019-04
2760517,2019-04-29,1,0,2019-04
2762480,2019-04-29,1,0,2019-04
2763021,2019-04-29,1,0,2019-04
2763210,2019-04-29,1,0,2019-04
2771806,2019-04-29,1,0,2019-04
